0032M0000020210% ACEITUNAS/ENCURTIDOS00520P0000000000001***************************************************************************0000-------0             2 --> 1 Cambio de Precio
0032M0000080821% BOLSA               00001U0000000000001***************************************************************************0000-------0             1 --> 4 Sin Modificación
0032M0000111110% F.SECOS/APERITIVOS  00610P0000000000001***************************************************************************0000-------0             2 --> 4 Sin Modificación
0032M0000121210% F.SECOS/APERITIVOS  01150P0000000000001***************************************************************************0000-------0             2 --> 4 Sin Modificación
0032M0000131310% F.SECOS/APERITIVOS  00550P0000000000001***************************************************************************0000-------0             2 --> 4 Sin Modificación
0032M0000141410% F.SECOS/APERITIVOS  00770P0000000000001***************************************************************************0000-------0             2 --> 4 Sin Modificación
0032M0000151510% F.SECOS/APERITIVOS  01590P0000000000001***************************************************************************0000-------0             2 --> 4 Sin Modificación
0032M0000171710%  F.SECOS/APERITIVOS 02190P0000000000001***************************************************************************0000-------0             2 --> 4 Sin Modificación
0032M0000181810% F.SECOS/APERITIVOS  02540P0000000000001***************************************************************************0000-------0             2 --> 4 Sin Modificación
0032M0000191910% F.SECOS/APERITIVOS  02790P0000000000001***************************************************************************0000-------0             2 --> 4 Sin Modificación
0032M0000202010% F.SECOS/APERITIVOS  03900P0000000000001***************************************************************************0000-------0             2 --> 4 Sin Modificación
0032B0000222210% SNACKS SALADOS      00000U0000000000001                                                                           0000-------0             2 --> 99
0032B0000232310% SNACKS SALADOS      00000U0000000000001                                                                           0000-------0             2 --> 99
0032B0000242410% SNACKS SALADOS      00000U0000000000001                                                                           0000-------0             2 --> 99
0032B0000252510% SNACKS SALADOS      00000U0000000000001                                                                           0000-------0             2 --> 99
0032B0000262610% SNACKS SALADOS      00000U0000000000001                                                                           0000-------0             2 --> 99
0032B0000272710% SNACKS SALADOS      00000U0000000000001                                                                           0000-------0             2 --> 99
0032B0000282810% SNACKS SALADOS      00000U0000000000001                                                                           0000-------0             2 --> 99
0032B0000292910% SNACKS SALADOS      00000U0000000000001                                                                           0000-------0             2 --> 99
0032M0000303010% CARAMELOS           00600P0000000000001***************************************************************************0000-------0             2 --> 4 Sin Modificación
0032M0000313110% CARAMELOS           01390P0000000000001***************************************************************************0000-------0             2 --> 4 Sin Modificación
0032M0000323210% CARAMELOS           00750P0000000000001***************************************************************************0000-------0             2 --> 4 Sin Modificación
0032M0000333310% CARAMELOS           01550P0000000000001***************************************************************************0000-------0             2 --> 4 Sin Modificación
0032M0000343410% CARAMELOS           02100P0000000000001***************************************************************************0000-------0             2 --> 4 Sin Modificación
0032M0000373710% GOMAS               01290P0000000000001***************************************************************************0000-------0             2 --> 4 Sin Modificación
0032M0000383810% BAÑADOS CHOCO       01550P0000000000001***************************************************************************0000-------0             2 --> 4 Sin Modificación
0032M0000393910% BAÑADOS CHOCO       01850P0000000000001***************************************************************************0000-------0             2 --> 4 Sin Modificación
0032M0000404010% UNIDADES            00005U0000000000001***************************************************************************0000-------0             2 --> 4 Sin Modificación
0032M0000414110% UNIDADES            00015U0000000000001***************************************************************************0000-------0             2 --> 4 Sin Modificación
0032M0000424210% UNIDADES            00080U0000000000001***************************************************************************0000-------0             2 --> 4 Sin Modificación
0032M0000434310% UNIDADES            00110U0000000000001***************************************************************************0000-------0             2 --> 4 Sin Modificación
0032M0000444410% PROMOCION ORBIT     00100U0000000000001***************************************************************************0000-------0             2 --> 4 Sin Modificación
0032B0000464610% UNIDADES            00000U0000000000001                                                                           0000-------0             2 --> 99
0032M0000474710% PROMOCION HALLS     00200U0000000000001***************************************************************************0000-------0             2 --> 4 Sin Modificación
0032B0000484810% UNIDADES            00000U0000000000001                                                                           0000-------0             2 --> 99
0032B0000494910% CHOCOLATINAS        00000U0000000000001                                                                           0000-------0             2 --> 99
0032M0000505010% CHOCOLATINAS        00050U0000000000001***************************************************************************0000-------0             2 --> 4 Sin Modificación
0032M0000515110% UNIDADES            00150U0000000000001***************************************************************************0000-------0             2 --> 4 Sin Modificación
0032B0000525210% CHOCOLATINAS        00000U0000000000001                                                                           0000-------0             2 --> 99
0032B0000535310% UNIDADES            00000U0000000000001                                                                           0000-------0             2 --> 99
0032M0000545410% CHOCOLATINAS        00140U0000000000001***************************************************************************0000-------0             2 --> 4 Sin Modificación
0032M0000555510% CHOCOLATINAS        00035U0000000000001***************************************************************************0000-------0             2 --> 4 Sin Modificación
0032M0000565610% CHOCOLATINAS        00020U0000000000001***************************************************************************0000-------0             2 --> 4 Sin Modificación
0032M0000575710% UNIDADES            00070U0000000000001***************************************************************************0000-------0             2 --> 4 Sin Modificación
0032B0000585810% CHOCOLATINAS        00000U0000000000001                                                                           0000-------0             2 --> 99
0032B0000595910% CHOCOLATINAS        00000U0000000000001                                                                           0000-------0             2 --> 99
0032M0000606010% CHOCOLATINAS        00110U0000000000001***************************************************************************0000-------0             2 --> 4 Sin Modificación
0032M0000616110% CHOCOLATINAS        00150U0000000000001***************************************************************************0000-------0             2 --> 4 Sin Modificación
0032M0000626210% BOMBON              03200P0000000000001***************************************************************************0000-------0             2 --> 4 Sin Modificación
0032M0000636310% BAÑADOS CHOCO       02000P0000000000001***************************************************************************0000-------0             2 --> 4 Sin Modificación
0032M0000646410% BAÑADOS CHOCO       02100P0000000000001***************************************************************************0000-------0             2 --> 4 Sin Modificación
0032M0000656510% BAÑADOS CHOCO       02300P0000000000001***************************************************************************0000-------0             2 --> 4 Sin Modificación
0032M0000676710% TARTAS Y RAMOS      02150P0000000000001***************************************************************************0000-------1             2 --> 4 Sin Modificación
0032M0000686810% BROCHETAS           03000P0000000000001***************************************************************************0000-------1             2 --> 4 Sin Modificación
0032M0000696910% UNIDADES            00170U0000000000001***************************************************************************0000-------0             2 --> 4 Sin Modificación
0032M0000707010% OBLEA TARTAS        00020U0000000000001***************************************************************************0000-------0             2 --> 4 Sin Modificación
0032M0000717110% COMPOSICIONES       00200U0000000000001***************************************************************************0000-------0             2 --> 4 Sin Modificación
0032M0000727210% PROMOCION CHUPA CHUP00060U0000000000001***************************************************************************0000-------0             2 --> 4 Sin Modificación
0032M0000737321% CAJAS LATA          00135U0000000000001***************************************************************************0000-------0             1 --> 4 Sin Modificación
0032M0000747421% RECIPIENTES VACÍOS  00300U0000000000001***************************************************************************0000-------0             1 --> 4 Sin Modificación
0032M0000757521% COMPLEMENTOS RAMO   00095U0000000000001***************************************************************************0000-------0             1 --> 4 Sin Modificación
0032M0000777721% PRODUCTO CELEBRACION00160U0000000000001***************************************************************************0000-------1             1 --> 4 Sin Modificación
0032B0000787810% HAPPY BOX           00000U0000000000001                                                                           0000-------0             2 --> 99
0032B0000797910% CONO CUMPLEAÑOS GR  00000U0000000000001                                                                           0000-------0             2 --> 99
0032B0000808010% CONO CUMPLEAÑOS     00000U0000000000001                                                                           0000-------0             2 --> 99
0032B0000818110% TARTAS Y RAMOS      00000P0000000000001                                                                           0000-------1             2 --> 99
0032M0000828221% CUBOS               00150U0000000000001***************************************************************************0000-------0             1 --> 4 Sin Modificación
0032M0000838310% PACKS BELROS        00840U0000000000001***************************************************************************0000-------1             2 --> 4 Sin Modificación
0032M0000848410% UNIDADES            00270U0000000000001***************************************************************************0000-------0             2 --> 4 Sin Modificación
0032M0000858510% UNIDADES            00300U0000000000001***************************************************************************0000-------0             2 --> 4 Sin Modificación
0032M0000868610% BROCHETAS           00185U0000000000001***************************************************************************0000-------0             2 --> 4 Sin Modificación
0032M0000878710% PROMOCION SMINT TIN 00300U0000000000001***************************************************************************0000-------0             2 --> 4 Sin Modificación
0032M0000888821% PRODUCTOS CELEBRACIO00170U0000000000001***************************************************************************0000-------0             1 --> 4 Sin Modificación
0032M0000909010% UNIDADES            00020U0000000000001***************************************************************************0000-------0             2 --> 4 Sin Modificación
0032M0000919110% UNIDADES            00030U0000000000001***************************************************************************0000-------0             2 --> 4 Sin Modificación
0032M0000929210% UNIDADES            00050U0000000000001***************************************************************************0000-------0             2 --> 4 Sin Modificación
0032M0000939310% UNIDADES            00040U0000000000001***************************************************************************0000-------0             2 --> 4 Sin Modificación
0032B0000949410% UNIDADES            00000U0000000000001                                                                           0000-------0             2 --> 99
0032B0000959510% UNIDADES            00000U0000000000001                                                                           0000-------0             2 --> 99
0032M0000969610% UNIDADES            00180U0000000000001***************************************************************************0000-------0             2 --> 4 Sin Modificación
0032B0000979721% UNIDADES            00000U0000000000001                                                                           0000-------0             1 --> 99
0032M0000989810% UNIDADES            00250U0000000000001***************************************************************************0000-------0             2 --> 4 Sin Modificación
0032M0000999910% UNIDADES            00450U0000000000001***************************************************************************0000-------0             2 --> 4 Sin Modificación
0032M000100  10% UNIDADES            00100U0000000000001***************************************************************************0000-------0             2 --> 4 Sin Modificación
0032M000101  10% UNIDADES            01200U0000000000001***************************************************************************0000-------0             2 --> 4 Sin Modificación
0032M000102  21% JUEGOS              00050U0000000000001***************************************************************************0000-------0             1 --> 4 Sin Modificación
0032M000103  10% CHOCOLATINAS        00170U0000000000001***************************************************************************0000-------0             2 --> 4 Sin Modificación
0032M000104  10% CHOCOLATINAS        00090U0000000000001***************************************************************************0000-------0             2 --> 4 Sin Modificación
0032M000105  10% UNIDADES            00070U0000000000001***************************************************************************0000-------0             2 --> 4 Sin Modificación
0032M000106  10% UNIDADES            00100U0000000000001***************************************************************************0000-------0             2 --> 4 Sin Modificación
0032B000107  10% UNIDADES            00000U0000000000001                                                                           0000-------0             2 --> 99
0032M000108  10% CHOCOLATINAS        00135U0000000000001***************************************************************************0000-------0             2 --> 4 Sin Modificación
0032M000109  10% UNIDADES            01095U0000000000001***************************************************************************0000-------0             2 --> 4 Sin Modificación
0032B000110  10% UNIDADES            00000U0000000000001                                                                           0000-------0             2 --> 99
0032M000111  10% UNIDADES            00295U0000000000001***************************************************************************0000-------0             2 --> 4 Sin Modificación
0032B000112  21% PELUCHES            00000U0000000000001                                                                           0000-------0             1 --> 99
0032M000113  21% PELUCHES            00350U0000000000001***************************************************************************0000-------0             1 --> 4 Sin Modificación
0032B000114  21% PELUCHES            00000U0000000000001                                                                           0000-------0             1 --> 99
0032B000115  21% PELUCHES            00000U0000000000001                                                                           0000-------0             1 --> 99
0032M000116  10% PROMO MELODY POPS   00080U0000000000001***************************************************************************0000-------0             2 --> 4 Sin Modificación
0032M000117  10% UNIDADES            00050U0000000000001***************************************************************************0000-------0             2 --> 4 Sin Modificación
0032M000118  21% PELUCHES            00600U0000000000001***************************************************************************0000-------0             1 --> 4 Sin Modificación
0032M000119  10% CHOCOLATINAS        00480U0000000000001***************************************************************************0000-------0             2 --> 4 Sin Modificación
0032M000120  04% F.SECOS/APERITIVOS  00610P0000000000001***************************************************************************0000-------0             3 --> 4 Sin Modificación
0032M000124  10% PLU SNACKS GR MUESTR00100U0000000000001***************************************************************************0000-------1             2 --> 4 Sin Modificación
0032M000125  10% PLU SNACKS MUESTRAS 00100U0000000000001***************************************************************************0000-------1             2 --> 4 Sin Modificación
0032M000126  10% PLU UNIDADES MUESTRA00100U0000000000001***************************************************************************0000-------1             2 --> 4 Sin Modificación
0032M000127  10% PLU CHICLES MUESTRAS00100U0000000000001***************************************************************************0000-------1             2 --> 4 Sin Modificación
0032M000128  10% PLU CHOCOLATINAS MUE00100U0000000000001***************************************************************************0000-------1             2 --> 4 Sin Modificación
0032M000129  10% PLU BEBIDAS MUESTRAS00100U0000000000001***************************************************************************0000-------1             2 --> 4 Sin Modificación
0032M000130  04% MAIZ PALOMITAS      00250P0000000000001***************************************************************************0000-------0             3 --> 4 Sin Modificación
0032M000140  04% F.SECOS/APERITIVOS  00990P0000000000001***************************************************************************0000-------0             3 --> 4 Sin Modificación
0032M000142  10% FRUTOS SECOS BOLSA  00250U0000000000001***************************************************************************0000-------0             2 --> 4 Sin Modificación
0032M000143  10% FRUTOS SECOS BOLSA  00300U0000000000001***************************************************************************0000-------0             2 --> 4 Sin Modificación
0032M000144  10% FRUTOS SECOS BOLSA  00200U0000000000001***************************************************************************0000-------0             2 --> 4 Sin Modificación
0032M000150  04% F.SECOS/APERITIVOS  02200P0000000000001***************************************************************************0000-------0             3 --> 4 Sin Modificación
0032M000160  04% F.SECOS/APERITIVOS  02100P0000000000001***************************************************************************0000-------0             3 --> 4 Sin Modificación
0032M000180  04% F.SECOS/APERITIVOS  02200P0000000000001***************************************************************************0000-------0             3 --> 4 Sin Modificación
0032M000190  04% F.SECOS/APERITIVOS  06600P0000000000001***************************************************************************0000-------0             3 --> 4 Sin Modificación
0032M000191  10% FR. SECOS/APERITIVOS02400P0000000000001***************************************************************************0000-------0             2 --> 4 Sin Modificación
0032B000200  21% PELUCHES            00000U0000000000001                                                                           0000-------0             1 --> 99
0032B000201  21% PELUCHES            00000U0000000000001                                                                           0000-------0             1 --> 99
0032B000202  21% PELUCHES            00000U0000000000001                                                                           0000-------0             1 --> 99
0032M000203  21% PRODUCTO CELEBRACION00100U0000000000001***************************************************************************0000-------0             1 --> 4 Sin Modificación
0032M000204  21% COMPLEMENTOS        00015U0000000000001***************************************************************************0000-------0             1 --> 4 Sin Modificación
0032M000205  21% PELUCHES            00395U0000000000001***************************************************************************0000-------0             1 --> 4 Sin Modificación
0032M000206  21% BANDEJA CELEBRACIONE00175U0000000000001***************************************************************************0000-------0             1 --> 4 Sin Modificación
0032M000207  21% PACK 1 CAJA PACK PEL00645U0000000000001***************************************************************************0000-------0             1 --> 4 Sin Modificación
0032M000208  21% PACK CAJA PACK      00540U0000000000001***************************************************************************0000-------0             1 --> 4 Sin Modificación
0032M000209  10% PACK 7 CAJA PACK MOT00650U0000000000001***************************************************************************0000-------0             2 --> 4 Sin Modificación
0032M000210  10% PACK 8 TAZA KINDER  01025U0000000000001***************************************************************************0000-------0             2 --> 4 Sin Modificación
0032M000211  10% PACK CHOCOLATE      00955U0000000000001***************************************************************************0000-------0             2 --> 4 Sin Modificación
0032M000212  10% PACK CHOCOLATE CANAR01090U0000000000001***************************************************************************0000-------0             2 --> 4 Sin Modificación
0032M000213  10% PACK TAZA SURTIDA   00660U0000000000001***************************************************************************0000-------0             2 --> 4 Sin Modificación
0032M000214  21% PACK CAJA           00540U0000000000001***************************************************************************0000-------0             1 --> 4 Sin Modificación
0032M000215  21% PACK BASE PACK 17 Y 00800U0000000000001***************************************************************************0000-------0             1 --> 4 Sin Modificación
0032M000216  10% PACK BASE PACK 19 Y 00830U0000000000001***************************************************************************0000-------0             2 --> 4 Sin Modificación
0032M000217  21% PACK BOLSA PACK 21,200780U0000000000001***************************************************************************0000-------0             1 --> 4 Sin Modificación
0032M000218  10% UNIDADES            00900U0000000000001***************************************************************************0000-------0             2 --> 4 Sin Modificación
0032M000220  21% BOLSA PEQUEÑA ASAS  00002U0000000000001***************************************************************************0000-------0             1 --> 4 Sin Modificación
0032M000221  21% BOLSA GRANDE ASAS   00005U0000000000001***************************************************************************0000-------0             1 --> 4 Sin Modificación
0032M000222  21% BOLSA CONO SUPERGRAN00110U0000000000001***************************************************************************0000-------0             1 --> 4 Sin Modificación
0032M000223  10% PACK RAMILLETE SANT 00290U0000000000001***************************************************************************0000-------0             2 --> 4 Sin Modificación
0032M000224  10% PACK BOLSA PACK 25,200785U0000000000001***************************************************************************0000-------0             2 --> 4 Sin Modificación
0032M000225  10% PACK 1 CAJA PACK PEL00645U0000000000001***************************************************************************0000-------0             2 --> 4 Sin Modificación
0032M000226  10% PACK 2 CAJA PACK HUC00540U0000000000001***************************************************************************0000-------0             2 --> 4 Sin Modificación
0032M000227  10% PACK 3 HUCHA BOLA   00540U0000000000001***************************************************************************0000-------0             2 --> 4 Sin Modificación
0032M000228  10% PACK 4 CAJA PACK BAU00540U0000000000001***************************************************************************0000-------0             2 --> 4 Sin Modificación
0032M000229  10% PACK 5 CAJA PACK HUC00540U0000000000001***************************************************************************0000-------0             2 --> 4 Sin Modificación
0032M000230  10% PACK 6 CAJA PACK CUB00540U0000000000001***************************************************************************0000-------0             2 --> 4 Sin Modificación
0032M000231  10% PACK 7 CAJA PACK MOT00650U0000000000001***************************************************************************0000-------0             2 --> 4 Sin Modificación
0032M000232  10% PACK 8 KINDER       01025U0000000000001***************************************************************************0000-------0             2 --> 4 Sin Modificación
0032M000233  10% PACK 9 KINDER BASE P00955U0000000000001***************************************************************************0000-------0             2 --> 4 Sin Modificación
0032M000234  10% PACK 10 CHOCOLATE BA00955U0000000000001***************************************************************************0000-------0             2 --> 4 Sin Modificación
0032M000238  10% PACK 14 TAZA SURTIDA00660U0000000000001***************************************************************************0000-------0             2 --> 4 Sin Modificación
0032M000239  10% PACK 15 TAZA SURTIDA00660U0000000000001***************************************************************************0000-------0             2 --> 4 Sin Modificación
0032M000240  10% PACK 16 TAZA CAMPING00660U0000000000001***************************************************************************0000-------0             2 --> 4 Sin Modificación
0032M000241  10% BASE PACK 17 BOLSITO00800U0000000000001***************************************************************************0000-------0             2 --> 4 Sin Modificación
0032M000242  10% BASE PACK 18 BOLSO C00800U0000000000001***************************************************************************0000-------0             2 --> 4 Sin Modificación
0032M000243  10% BASE PACK 19 JUEGO  00830U0000000000001***************************************************************************0000-------0             2 --> 4 Sin Modificación
0032M000244  10% BASE PACK 20 VASO   00830U0000000000001***************************************************************************0000-------0             2 --> 4 Sin Modificación
0032M000245  10% PACK 21 BOLSA PACK C00780U0000000000001***************************************************************************0000-------0             2 --> 4 Sin Modificación
0032M000246  10% PACK 22 BOLSA PACK P00780U0000000000001***************************************************************************0000-------0             2 --> 4 Sin Modificación
0032M000247  10% PACK  23 BOLSA PACK 00780U0000000000001***************************************************************************0000-------0             2 --> 4 Sin Modificación
0032M000248  10% PACK 24 BOLSA PACK B00780U0000000000001***************************************************************************0000-------0             2 --> 4 Sin Modificación
0032M000249  10% PACK 25 BOLSA PACK M00785U0000000000001***************************************************************************0000-------0             2 --> 4 Sin Modificación
0032M000250  10% PACK 26 BOLSA PACK H00785U0000000000001***************************************************************************0000-------0             2 --> 4 Sin Modificación
0032M000251  10% PACK 27 BOLSA PACK V00785U0000000000001***************************************************************************0000-------0             2 --> 4 Sin Modificación
0032M000252  10% PACK 28 BOLSA PACK D00785U0000000000001***************************************************************************0000-------0             2 --> 4 Sin Modificación
0032M000260  21% PELUCHES            00500U0000000000001***************************************************************************0000-------0             1 --> 4 Sin Modificación
0032M000262  21% GLOBO CON PALITO    00175U0000000000001***************************************************************************0000-------0             1 --> 4 Sin Modificación
0032M000263  21% GLOBOS              00030U0000000000001***************************************************************************0000-------0             1 --> 4 Sin Modificación
0032M000264  21% GLOBOS              00010U0000000000001***************************************************************************0000-------1             1 --> 4 Sin Modificación
0032M000265  21% GLOBOS              00035U0000000000001***************************************************************************0000-------0             1 --> 4 Sin Modificación
0032M000266  21% GLOBOS NUMEROS      00795U0000000000001***************************************************************************0000-------0             1 --> 4 Sin Modificación
0032M000267  21% GLOBOS HELIO        00420U0000000000001***************************************************************************0000-------0             1 --> 4 Sin Modificación
0032M000268  21% GLOBOS FORMAS       00520U0000000000001***************************************************************************0000-------0             1 --> 4 Sin Modificación
0032M000269  21% CONTRAPESO          00030U0000000000001***************************************************************************0000-------0             1 --> 4 Sin Modificación
0032M000270  21% GLOBOS              00230U0000000000001***************************************************************************0000-------0             1 --> 4 Sin Modificación
0032M000271  21% HELIO GLOBO LÁTEX   00060U0000000000001***************************************************************************0000-------0             1 --> 4 Sin Modificación
0032M000272  21% HELIO               00100U0000000000001***************************************************************************0000-------0             1 --> 4 Sin Modificación
0032M000273  21% HELIO GLOBO FORMAS  00200U0000000000001***************************************************************************0000-------0             1 --> 4 Sin Modificación
0032M000277  21% PACK PIÑATA Y GUIRNA00800U0000000000001***************************************************************************0000-------0             1 --> 4 Sin Modificación
0032M000278  21% PIÑATA PERFIL       00550U0000000000001***************************************************************************0000-------0             1 --> 4 Sin Modificación
0032M000279  21% PIÑATA PEQUEÑA      00380U0000000000001***************************************************************************0000-------0             1 --> 4 Sin Modificación
0032M000280  21% PIÑATA SILUETA GR.  00590U0000000000001***************************************************************************0000-------0             1 --> 4 Sin Modificación
0032B000281  21% POMPAS DE JABON     00000U0000000000001                                                                           0000-------0             1 --> 99
0032M000282  21% PRODUCTOS CELEBRACIO01190U0000000000001***************************************************************************0000-------0             1 --> 4 Sin Modificación
0032M000283  21% MAQUINA DISPENSADORA01700U0000000000001***************************************************************************0000-------0             1 --> 4 Sin Modificación
0032M000284  21% MAQUINA DISPENSADORA01950U0000000000001***************************************************************************0000-------0             1 --> 4 Sin Modificación
0032M000285  21% PRODUCTOS CELEBRACIO00050U0000000000001***************************************************************************0000-------0             1 --> 4 Sin Modificación
0032M000290  21% FIESTA              00085U0000000000001***************************************************************************0000-------0             1 --> 4 Sin Modificación
0032M000291  21% FIESTA              00140U0000000000001***************************************************************************0000-------0             1 --> 4 Sin Modificación
0032M000292  21% FIESTA              00250U0000000000001***************************************************************************0000-------0             1 --> 4 Sin Modificación
0032M000293  21% FIESTA              00350U0000000000001***************************************************************************0000-------0             1 --> 4 Sin Modificación
0032M000294  10% PRODUCTOS CELEBRACIO00050U0000000000001***************************************************************************0000-------0             2 --> 4 Sin Modificación
0032M000296  10% PRODUCTOS CELEBRACIO00320U0000000000001***************************************************************************0000-------0             2 --> 4 Sin Modificación
0032M000297  10% PRODUCTOS CELEBRACIO00300U0000000000001***************************************************************************0000-------0             2 --> 4 Sin Modificación
0032M000298  10% PRODUCTOS CELEBRACIO00350U0000000000001***************************************************************************0000-------0             2 --> 4 Sin Modificación
0032M000299  10% PROMOCION CALABAZAS 00500U0000000000001***************************************************************************0000-------0             2 --> 4 Sin Modificación
0032M000300  21% GLOBOS ORBZ         00690U0000000000001***************************************************************************0000-------0             1 --> 4 Sin Modificación
0032M000301  21% PRODUCTO CELEBRACION00150U0000000000001***************************************************************************0000-------1             1 --> 4 Sin Modificación
0032B000302  10% PRODUCTOS CELEBRACIO00000U0000000000001                                                                           0000-------0             2 --> 99
0032M000303  21% COMPLEMENTOS        00030U0000000000001***************************************************************************0000-------0             1 --> 4 Sin Modificación
0032M000304  21% COMPLEMENTO PACK    00060U0000000000001***************************************************************************0000-------0             1 --> 4 Sin Modificación
0032M000305  21% COMPLEMENTOS        00010U0000000000001***************************************************************************0000-------0             1 --> 4 Sin Modificación
0032M000306  21% VELAS               00250U0000000000001***************************************************************************0000-------0             1 --> 4 Sin Modificación
0032M000307  21% PRODUCTOS CELEBRACIO00320U0000000000001***************************************************************************0000-------0             1 --> 4 Sin Modificación
0032B000308  10% PRODUCTOS CELEBRACIO00000U0000000000001                                                                           0000-------0             2 --> 99
0032M000309  21% COMPLEMENTOS        00050U0000000000001***************************************************************************0000-------0             1 --> 4 Sin Modificación
0032B000310  10% PROD. CELEBRACIONES 00000U0000000000001                                                                           0000-------0             2 --> 99
0032M000311  21% ACCESORIOS          00150U0000000000001***************************************************************************0000-------0             1 --> 4 Sin Modificación
0032M000312  21% ACCESORIOS          00120U0000000000001***************************************************************************0000-------0             1 --> 4 Sin Modificación
0032M000313  21% RECIPIENTES VACIOS  00350U0000000000001***************************************************************************0000-------0             1 --> 4 Sin Modificación
0032M000314  21% ACCESORIOS          00125U0000000000001***************************************************************************0000-------0             1 --> 4 Sin Modificación
0032B000315  10% VASO                00000U0000000000001                                                                           0000-------0             2 --> 99
0032B000316  21% PRODUCTOS CELEBRACIO00000U0000000000001                                                                           0000-------0             1 --> 99
0032B000317  21% PRODUCTOS CELEBRACIO00000U0000000000001                                                                           0000-------0             1 --> 99
0032B000318  21% PRODUCTOS CELEBRACIO00000U0000000000001                                                                           0000-------0             1 --> 99
0032M000319  21% RECIPIENTES VACÍOS  00250U0000000000001***************************************************************************0000-------0             1 --> 4 Sin Modificación
0032B000320  21% PRODUCTOS CELEBRACIO00000U0000000000001                                                                           0000-------0             1 --> 99
0032M000321  21% PRODUCTOS CELEBRACIO00120U0000000000001***************************************************************************0000-------0             1 --> 4 Sin Modificación
0032B000322  10% ACCESORIOS          00190U0000000000001                                                                           0000-------0             2 --> 99
0032M000323  21% PROD. CELEBRACIONES 00350U0000000000001***************************************************************************0000-------0             1 --> 4 Sin Modificación
0032M000324  21% PRODUCTO CELEBRACION00200U0000000000001***************************************************************************0000-------0             1 --> 4 Sin Modificación
0032B000325  21% PROD. CELEBRACIONES 00000U0000000000001                                                                           0000-------0             1 --> 99
0032B000326  21% PRODUCTOS CELEBRACIO00000U0000000000001                                                                           0000-------0             1 --> 99
0032B000327  21% PRODUCTOS CELEBRACIO00000U0000000000001                                                                           0000-------0             1 --> 99
0032M000328  21% JUEGOS              00150U0000000000001***************************************************************************0000-------0             1 --> 4 Sin Modificación
0032M000329  21% PRODUCTOS CELEBRACIO00150U0000000000001***************************************************************************0000-------0             1 --> 4 Sin Modificación
0032B000330  21% PROD. CELEBRACIONES 00000U0000000000001                                                                           0000-------0             1 --> 99
0032M000331  21% PRODUCTOS CELEBRACIO00100U0000000000001***************************************************************************0000-------0             1 --> 4 Sin Modificación
0032M000332  10% MÁSCARAS            00080U0000000000001***************************************************************************0000-------0             2 --> 4 Sin Modificación
0032B000333  21% PRODUCTOS CELEBRACIO00000U0000000000001                                                                           0000-------0             1 --> 99
0032M000334  21% RECIPIENTES VACÍOS  00150U0000000000001***************************************************************************0000-------0             1 --> 4 Sin Modificación
0032M000335  21% RECIPIENTES VACÍOS  00300U0000000000001***************************************************************************0000-------0             1 --> 4 Sin Modificación
0032M000337  21% RECIPIENTES VACIOS  00200U0000000000001***************************************************************************0000-------0             1 --> 4 Sin Modificación
0032M000338  21% RECIPIENTES VACIOS  00500U0000000000001***************************************************************************0000-------0             1 --> 4 Sin Modificación
0032M000339  21% JUEGOS              00300U0000000000001***************************************************************************0000-------0             1 --> 4 Sin Modificación
0032M000340  21% JUEGOS              00250U0000000000001***************************************************************************0000-------0             1 --> 4 Sin Modificación
0032M000341  21% JUEGOS              00120U0000000000001***************************************************************************0000-------0             1 --> 4 Sin Modificación
0032M000342  21% JUEGOS              00200U0000000000001***************************************************************************0000-------0             1 --> 4 Sin Modificación
0032M000343  21% JUEGOS              00070U0000000000001***************************************************************************0000-------0             1 --> 4 Sin Modificación
0032M000345  21% JUEGOS              01795U0000000000001***************************************************************************0000-------0             1 --> 4 Sin Modificación
0032M000346  21% RECIPIENTES VACÍOS  00600U0000000000001***************************************************************************0000-------0             1 --> 4 Sin Modificación
0032M000347  21% JUEGOS              00100U0000000000001***************************************************************************0000-------0             1 --> 4 Sin Modificación
0032M000348  21% JUEGOS              00170U0000000000001***************************************************************************0000-------0             1 --> 4 Sin Modificación
0032M000349  10% UNIDADES            00130U0000000000001***************************************************************************0000-------0             2 --> 4 Sin Modificación
0032M000350  10% UNIDADES            00500U0000000000001***************************************************************************0000-------0             2 --> 4 Sin Modificación
0032M000351  10% UNIDADES            00350U0000000000001***************************************************************************0000-------0             2 --> 4 Sin Modificación
0032M000352  10% UNIDADES            00135U0000000000001***************************************************************************0000-------0             2 --> 4 Sin Modificación
0032M000353  10% UNIDADES            01500U0000000000001***************************************************************************0000-------0             2 --> 4 Sin Modificación
0032M000354  10% UNIDADES            00290U0000000000001***************************************************************************0000-------0             2 --> 4 Sin Modificación
0032M000355  10% UNIDADES            00010U0000000000001***************************************************************************0000-------0             2 --> 4 Sin Modificación
0032M000356  10% BOLSA SUPERLANZAS RO00099U0000000000001***************************************************************************0000-------0             2 --> 4 Sin Modificación
0032M000357  10% BOLSA SUPERLANZAS NE00099U0000000000001***************************************************************************0000-------0             2 --> 4 Sin Modificación
0032M000358  10% BOLSA MAROMAS       00099U0000000000001***************************************************************************0000-------0             2 --> 4 Sin Modificación
0032M000359  10% BOLSA MEGATORCIDAS  00099U0000000000001***************************************************************************0000-------0             2 --> 4 Sin Modificación
0032M000360  10% CARAMELOS           00080U0000000000001***************************************************************************0000-------0             2 --> 4 Sin Modificación
0032M000361  10% CARAMELOS           00120U0000000000001***************************************************************************0000-------0             2 --> 4 Sin Modificación
0032M000362  10% CARAMELOS           00195U0000000000001***************************************************************************0000-------0             2 --> 4 Sin Modificación
0032M000363  10% CARAMELOS           00280U0000000000001***************************************************************************0000-------0             2 --> 4 Sin Modificación
0032M000366  10% PRODUCTOS CELEBRACIO00200U0000000000001***************************************************************************0000-------0             2 --> 4 Sin Modificación
0032M000367  10% PRODUCTOS CELEBRACIO00250U0000000000001***************************************************************************0000-------0             2 --> 4 Sin Modificación
0032M000368  10% PRODUCTOS CELEBRACIO00400U0000000000001***************************************************************************0000-------0             2 --> 4 Sin Modificación
0032M000370  21% CAJA DE GOMAS       00785U0000000000001***************************************************************************0000-------0             1 --> 4 Sin Modificación
0032M000371  21% RECIPIENTES VACIOS  00100U0000000000001***************************************************************************0000-------0             1 --> 4 Sin Modificación
0032M000372  21% RECIPIENTES VACIOS  00250U0000000000001***************************************************************************0000-------0             1 --> 4 Sin Modificación
0032M000375  21% PROMO PAPELERIA 2X0,00060U0000000000001***************************************************************************0000-------0             1 --> 4 Sin Modificación
0032M000376  21% PROMO BOLI 3X1,50   00150U0000000000001***************************************************************************0000-------0             1 --> 4 Sin Modificación
0032M000377  21% PROMO BOLI 3X1,60   00160U0000000000001***************************************************************************0000-------0             1 --> 4 Sin Modificación
0032M000378  21% PAPELERÍA           00150U0000000000001***************************************************************************0000-------0             1 --> 4 Sin Modificación
0032M000379  21% PAPELERÍA           00099U0000000000001***************************************************************************0000-------0             1 --> 4 Sin Modificación
0032M000380  21% ACCESORIOS          00220U0000000000001***************************************************************************0000-------0             1 --> 4 Sin Modificación
0032M000381  21% ACCESORIOS          00100U0000000000001***************************************************************************0000-------0             1 --> 4 Sin Modificación
0032M000382  21% ACCESORIOS          00050U0000000000001***************************************************************************0000-------0             1 --> 4 Sin Modificación
0032M000383  21% PAPELERÍA           00040U0000000000001***************************************************************************0000-------0             1 --> 4 Sin Modificación
0032M000384  21% ACCESORIOS          00350U0000000000001***************************************************************************0000-------0             1 --> 4 Sin Modificación
0032M000385  21% ACCESORIOS          00795U0000000000001***************************************************************************0000-------0             1 --> 4 Sin Modificación
0032M000386  21% JUEGOS              00060U0000000000001***************************************************************************0000-------0             1 --> 4 Sin Modificación
0032M000387  21% JUEGOS              00400U0000000000001***************************************************************************0000-------0             1 --> 4 Sin Modificación
0032M000389  21% DECORACIÓN DEL HOGAR00150U0000000000001***************************************************************************0000-------0             1 --> 4 Sin Modificación
0032M000390  21% DECORACIÓN DEL HOGAR00300U0000000000001***************************************************************************0000-------0             1 --> 4 Sin Modificación
0032M000391  10% OFERTA CALABAZA TAPA00500U0000000000001***************************************************************************0000-------0             2 --> 4 Sin Modificación
0032M000392  21% ACCESORIOS          00230U0000000000001***************************************************************************0000-------0             1 --> 4 Sin Modificación
0032M000393  21% ACCESORIOS          00250U0000000000001***************************************************************************0000-------0             1 --> 4 Sin Modificación
0032M000394  21% ACCESORIOS          00100U0000000000001***************************************************************************0000-------0             1 --> 4 Sin Modificación
0032M000395  21% PAPELERÍA           00095U0000000000001***************************************************************************0000-------0             1 --> 4 Sin Modificación
0032B000396  21% ACCESORIOS          00000U0000000000001                                                                           0000-------0             1 --> 99
0032B000397  21% ACCESORIOS          00000U0000000000001                                                                           0000-------0             1 --> 99
0032M000398  21% ACCESORIOS          00300U0000000000001***************************************************************************0000-------0             1 --> 4 Sin Modificación
0032M000399  10% CARAMELOS           00120U0000000000001***************************************************************************0000-------0             2 --> 4 Sin Modificación
0032M000401  10% PROMOCION PATATAS Y 00250U0000000000001***************************************************************************0000-------0             2 --> 4 Sin Modificación
0032M000418  10% UNIDADES            00030U0000000000001***************************************************************************0000-------0             2 --> 4 Sin Modificación
0032M000419  10% COMBO SANDWICH CLASS00295U0000000000001***************************************************************************0000-------0             2 --> 4 Sin Modificación
0032B000420  10% TARTAS PEQUEÑAS     00000U0000000000001                                                                           0000-------0             2 --> 99
0032B000421  10% TARTAS GRANDES      00000U0000000000001                                                                           0000-------0             2 --> 99
0032M000422  21% PAPELERÍA           00100U0000000000001***************************************************************************0000-------0             1 --> 4 Sin Modificación
0032M000423  21% PAPELERÍA           00050U0000000000001***************************************************************************0000-------0             1 --> 4 Sin Modificación
0032B000425  10% TABLETON            00850U0000000000001                                                                           0000-------0             2 --> 99
0032B000426  10% FR. ARAGON 400 GR   00800U0000000000001                                                                           0000-------0             2 --> 99
0032B000427  10% FR. ARAGON 200 GR / 00600U0000000000001                                                                           0000-------0             2 --> 99
0032M000428  10% PREPARADOS          00195U0000000000001***************************************************************************0000-------0             2 --> 4 Sin Modificación
0032M000429  10% PREPARADOS          00170U0000000000001***************************************************************************0000-------0             2 --> 4 Sin Modificación
0032M000449  10% BOLLERÍA HORNO      00050U0000000000001***************************************************************************0000-------0             2 --> 4 Sin Modificación
0032B000452  10% BOLLERIA LISTA      00130U0000000000001                                                                           0000-------0             2 --> 99
0032M000462  10% PROMOCIÓN SANDWICH  00100U0000000000001***************************************************************************0000-------0             2 --> 4 Sin Modificación
0032M000463  10% PROMOCIÓN SANDWICH  00125U0000000000001***************************************************************************0000-------0             2 --> 4 Sin Modificación
0032M000464  10% UNIDADES (GAMA OCIO)00100U0000000000001***************************************************************************0000-------0             2 --> 4 Sin Modificación
0032M000465  10% PREPARADOS          00230U0000000000001***************************************************************************0000-------0             2 --> 4 Sin Modificación
0032M000466  21% UNIDADES            00230U0000000000001***************************************************************************0000-------0             1 --> 4 Sin Modificación
0032M000467  10% PANRICO             00100U0000000000001***************************************************************************0000-------1             2 --> 4 Sin Modificación
0032M000468  10% PANRICO             00110U0000000000001***************************************************************************0000-------0             2 --> 4 Sin Modificación
0032M000469  10% PANRICO             00120U0000000000001***************************************************************************0000-------0             2 --> 4 Sin Modificación
0032M000470  10% PANRICO             00130U0000000000001***************************************************************************0000-------0             2 --> 4 Sin Modificación
0032M000471  10% PANRICO             00060U0000000000001***************************************************************************0000-------0             2 --> 4 Sin Modificación
0032M000472  10% PANRICO             00080U0000000000001***************************************************************************0000-------0             2 --> 4 Sin Modificación
0032B000473  10% SNACKS SALADOS      00000U0000000000001                                                                           0000-------0             2 --> 99
0032M000474  10% SNACKS SALADOS      00120U0000000000001***************************************************************************0000-------0             2 --> 4 Sin Modificación
0032B000481  10% SNACKS SALADOS      00000U0000000000001                                                                           0000-------0             2 --> 99
0032B000482  10% SNACKS SALADOS      00000U0000000000001                                                                           0000-------0             2 --> 99
0032M000483  10% SNACKS SALADOS      00150U0000000000001***************************************************************************0000-------0             2 --> 4 Sin Modificación
0032B000484  10% SNACKS SALADOS      00000U0000000000001                                                                           0000-------0             2 --> 99
0032M000485  10% SNACKS SALADOS      00115U0000000000001***************************************************************************0000-------0             2 --> 4 Sin Modificación
0032M000486  10% SNACKS SALADOS      00135U0000000000001***************************************************************************0000-------0             2 --> 4 Sin Modificación
0032M000487  10% SNACKS SALADOS      00170U0000000000001***************************************************************************0000-------0             2 --> 4 Sin Modificación
0032B000491  10% SNACKS SALADOS      00000U0000000000001                                                                           0000-------0             2 --> 99
0032M000492  10% SNACKS SALADOS      00035U0000000000001***************************************************************************0000-------0             2 --> 4 Sin Modificación
0032B000493  10% SNACKS SALADOS      00000U0000000000001                                                                           0000-------0             2 --> 99
0032M000499  10% CHOCOLATINAS        00300U0000000000001***************************************************************************0000-------0             2 --> 4 Sin Modificación
0032M000500  10% CHOCOLATINAS        00125U0000000000001***************************************************************************0000-------0             2 --> 4 Sin Modificación
0032M000502  10% BOMBONES            01390U0000000000001***************************************************************************0000-------0             2 --> 4 Sin Modificación
0032M000508  10% CONSERVAS           00200U0000000000001***************************************************************************0000-------0             2 --> 4 Sin Modificación
0032M000514  21% CAJA PACK REGALO    00050U0000000000001***************************************************************************0000-------0             1 --> 4 Sin Modificación
0032M000515  10% BAÑADOS CHOCOLATE BO00150U0000000000001***************************************************************************0000-------0             2 --> 4 Sin Modificación
0032M000517  10% BAÑADOS CHOCOLATE BO00200U0000000000001***************************************************************************0000-------0             2 --> 4 Sin Modificación
0032M000519  10% F.SECOS/APERITIVOS  00400P0000000000001***************************************************************************0000-------0             2 --> 4 Sin Modificación
0032M000591  10% SNACKS              00090U0000000000001***************************************************************************0000-------0             2 --> 4 Sin Modificación
0032M000592  10% SNACKS              00140U0000000000001***************************************************************************0000-------0             2 --> 4 Sin Modificación
0032M000595  10% SAQUITO CARBÓN      00215U0000000000001***************************************************************************0000-------0             2 --> 4 Sin Modificación
0032M000596  10% SAQUITO CARBÓN VACÍO00130U0000000000001***************************************************************************0000-------0             2 --> 4 Sin Modificación
0032M000597  10% ORINAL AZÚCAR       00130U0000000000001***************************************************************************0000-------0             2 --> 4 Sin Modificación
0032M000598  10% UNIDADES            00210U0000000000001***************************************************************************0000-------0             2 --> 4 Sin Modificación
0032M000599  10% CHOCOLATINAS        00090U0000000000001***************************************************************************0000-------0             2 --> 4 Sin Modificación
0032M000600  10% CARBON GRANEL       00440P0000000000001***************************************************************************0000-------0             2 --> 4 Sin Modificación
0032M000601  10% CHOCOLATINAS        00005U0000000000001***************************************************************************0000-------0             2 --> 4 Sin Modificación
0032M000602  10% CHOCOLATINAS        00010U0000000000001***************************************************************************0000-------0             2 --> 4 Sin Modificación
0032M000603  10% CHOCOLATINAS        00030U0000000000001***************************************************************************0000-------0             2 --> 4 Sin Modificación
0032M000604  10% CHOCOLATINAS        00040U0000000000001***************************************************************************0000-------0             2 --> 4 Sin Modificación
0032M000605  10% CHOCOLATINAS        00065U0000000000001***************************************************************************0000-------0             2 --> 4 Sin Modificación
0032M000606  10% UNIDADES NAVIDAD    00060U0000000000001***************************************************************************0000-------0             2 --> 4 Sin Modificación
0032M000607  10% CHOCOLATINAS        00080U0000000000001***************************************************************************0000-------0             2 --> 4 Sin Modificación
0032M000608  10% UNIDADES            00125U0000000000001***************************************************************************0000-------0             2 --> 4 Sin Modificación
0032M000609  10% CHOCOLATINAS        00025U0000000000001***************************************************************************0000-------0             2 --> 4 Sin Modificación
0032M000611  10% CHOCOLATINAS        00150U0000000000001***************************************************************************0000-------0             2 --> 4 Sin Modificación
0032M000612  10% PROMO OREO          00190U0000000000001***************************************************************************0000-------0             2 --> 4 Sin Modificación
0032B000613  10% POLLITO PASCUA      00035U0000000000001                                                                           0000-------0             2 --> 99
0032M000614  10% CHOCOLATINAS        00180U0000000000001***************************************************************************0000-------0             2 --> 4 Sin Modificación
0032M000615  10% CHOCOLATINAS        00200U0000000000001***************************************************************************0000-------0             2 --> 4 Sin Modificación
0032M000616  10% CHOCOLATINAS        00395U0000000000001***************************************************************************0000-------0             2 --> 4 Sin Modificación
0032M000617  10% PRODUCTOS CELEBRACIO00250U0000000000001***************************************************************************0000-------0             2 --> 4 Sin Modificación
0032M000618  10% CHOCOLATINAS        00045U0000000000001***************************************************************************0000-------0             2 --> 4 Sin Modificación
0032M000619  10% CARBÓN GRANEL COLORE00490P0000000000001***************************************************************************0000-------0             2 --> 4 Sin Modificación
0032M000620  10% CHOCOLATINAS        01450U0000000000001***************************************************************************0000-------0             2 --> 4 Sin Modificación
0032M000621  10% CHOCOLATINAS        01695U0000000000001***************************************************************************0000-------0             2 --> 4 Sin Modificación
0032M000622  21% BELLEZA/BAÑO        00300U0000000000001***************************************************************************0000-------0             1 --> 4 Sin Modificación
0032M000623  10% CHOCOLATINAS        00160U0000000000001***************************************************************************0000-------0             2 --> 4 Sin Modificación
0032M000624  10% CHOCOLATINAS        00175U0000000000001***************************************************************************0000-------0             2 --> 4 Sin Modificación
0032M000625  10% CHOCOLATINAS        00250U0000000000001***************************************************************************0000-------0             2 --> 4 Sin Modificación
0032M000626  10% CHOCOLATINAS        00400U0000000000001***************************************************************************0000-------0             2 --> 4 Sin Modificación
0032M000627  10% CHOCOLATINAS        00450U0000000000001***************************************************************************0000-------0             2 --> 4 Sin Modificación
0032M000628  10% CHOCOLATINAS        00650U0000000000001***************************************************************************0000-------0             2 --> 4 Sin Modificación
0032M000629  10% CHOCOLATINAS        00280U0000000000001***************************************************************************0000-------0             2 --> 4 Sin Modificación
0032M000630  10% CHOCOLATINAS        00130U0000000000001***************************************************************************0000-------0             2 --> 4 Sin Modificación
0032M000631  10% CHOCOLATINAS        00060U0000000000001***************************************************************************0000-------0             2 --> 4 Sin Modificación
0032M000632  10% CHOCOLATINAS        00450U0000000000001***************************************************************************0000-------0             2 --> 4 Sin Modificación
0032M000633  10% CHOCOLATINAS        00190U0000000000001***************************************************************************0000-------0             2 --> 4 Sin Modificación
0032M000634  10% CHOCOLATINAS        00850U0000000000001***************************************************************************0000-------0             2 --> 4 Sin Modificación
0032M000635  10% CHOCOLATINAS        00950U0000000000001***************************************************************************0000-------0             2 --> 4 Sin Modificación
0032M000636  10% CHOCOLATINAS        00800U0000000000001***************************************************************************0000-------0             2 --> 4 Sin Modificación
0032M000680  10% FRUTOS SECOS LOVIT  00100U0000000000001***************************************************************************0000-------1             2 --> 4 Sin Modificación
0032M000686  10% CARAMELOS LOVIT     00100U0000000000001***************************************************************************0000-------1             2 --> 4 Sin Modificación
0032M000687  21% CARAMELOS           00195P0000000000001***************************************************************************0000-------0             1 --> 4 Sin Modificación
0032M000697  10% GOMAS LOVIT         00100U0000000000001***************************************************************************0000-------1             2 --> 4 Sin Modificación
0032M000708  10% BAÑADOS CHOCOLATE LO00100U0000000000001***************************************************************************0000-------1             2 --> 4 Sin Modificación
0032M000714  10% SNACKS SALADOS LOVIT00110U0000000000001***************************************************************************0000-------1             2 --> 4 Sin Modificación
0032M000715  10% SNACKS SALADOS LOVIT00100U0000000000001***************************************************************************0000-------1             2 --> 4 Sin Modificación
0032M000724  10% UNIDADES LOVIT      00100U0000000000001***************************************************************************0000-------1             2 --> 4 Sin Modificación
0032M000725  21% UNIDADES LOVIT      00130U0000000000001***************************************************************************0000-------1             1 --> 4 Sin Modificación
0032M000745  10% CHOCOLATINAS LOVIT  00100U0000000000001***************************************************************************0000-------1             2 --> 4 Sin Modificación
0032M000756  21% GLOBOS LOVIT        00100U0000000000001***************************************************************************0000-------1             1 --> 4 Sin Modificación
0032M000758  21% GLOBOS LOVIT        00450U0000000000001***************************************************************************0000-------0             1 --> 4 Sin Modificación
0032M000762  21% ACCESORIOS LOVIT    00050U0000000000001***************************************************************************0000-------1             1 --> 4 Sin Modificación
0032M000765  21% JUEGOS LOVIT        00100U0000000000001***************************************************************************0000-------1             1 --> 4 Sin Modificación
0032M000769  10% BEBIDAS LOVIT       00150U0000000000001***************************************************************************0000-------0             2 --> 4 Sin Modificación
0032M000774  21% PROD. CELEBRACIONES 00100U0000000000001***************************************************************************0000-------1             1 --> 4 Sin Modificación
0032M000775  10% PROD. CELEBRACIONES 00100U0000000000001***************************************************************************0000-------1             2 --> 4 Sin Modificación
0032M000777  21% RECIPIENTES VACIOS  00250U0000000000001***************************************************************************0000-------1             1 --> 4 Sin Modificación
0032M000780  21% PELUCHES LOVIT      00100U0000000000001***************************************************************************0000-------1             1 --> 4 Sin Modificación
0032M000783  21% PAPELERIA LOVIT     00100U0000000000001***************************************************************************0000-------1             1 --> 4 Sin Modificación
0032M000787  21% FIESTA LOVIT        00100U0000000000001***************************************************************************0000-------1             1 --> 4 Sin Modificación
0032M000791  21% MENAJE DEL HOGAR LOV00100U0000000000001***************************************************************************0000-------1             1 --> 4 Sin Modificación
0032M000795  21% DECORACIÓN DEL HOGAR01495U0000000000001***************************************************************************0000-------1             1 --> 4 Sin Modificación
0032M000797  21% BISUTERIA LOVIT     00100U0000000000001***************************************************************************0000-------1             1 --> 4 Sin Modificación
0032M000798  21% BELLEZA/BAÑO LOVIT  00100U0000000000001***************************************************************************0000-------1             1 --> 4 Sin Modificación
0032B000800  10% BEBIDAS             00000U0000000000001                                                                           0000-------0             2 --> 99
0032B000801  10% BEBIDAS             00000U0000000000001                                                                           0000-------0             2 --> 99
0032B000802  10% BEBIDAS             00000U0000000000001                                                                           0000-------0             2 --> 99
0032B000803  10% BEBIDAS             00000U0000000000001                                                                           0000-------0             2 --> 99
0032M000804  10% BEBIDAS             00110U0000000000001***************************************************************************0000-------0             2 --> 4 Sin Modificación
0032B000805  10% AGUA CON GAS        00000U0000000000001                                                                           0000-------0             2 --> 99
0032M000806  10% BEBIDAS             00160U0000000000001***************************************************************************0000-------0             2 --> 4 Sin Modificación
0032M000807  10% FRAPPE CAFE HELADO  00250U0000000000001***************************************************************************0000-------0             2 --> 4 Sin Modificación
0032B000808  10% BEBIDAS             00000U0000000000001                                                                           0000-------0             2 --> 99
0032M000809  10% BEBIDAS             00200U0000000000001***************************************************************************0000-------0             2 --> 4 Sin Modificación
0032M000810  10% GRANIZADOS SIN VASO 00200U0000000000001***************************************************************************0000-------0             2 --> 4 Sin Modificación
0032M000811  10% GRANIZADOS VASO ESPI00300U0000000000001***************************************************************************0000-------0             2 --> 4 Sin Modificación
0032B000812  10% BEBIDAS             00000U0000000000001                                                                           0000-------0             2 --> 99
0032M000813  10% BEBIDAS             00250U0000000000001***************************************************************************0000-------0             2 --> 4 Sin Modificación
0032M000814  10% BEBIDAS             00120U0000000000001***************************************************************************0000-------0             2 --> 4 Sin Modificación
0032M000815  10% BEBIDAS             00140U0000000000001***************************************************************************0000-------0             2 --> 4 Sin Modificación
0032M000816  10% BEBIDAS             00150U0000000000001***************************************************************************0000-------0             2 --> 4 Sin Modificación
0032M000817  10% BEBIDAS             00100U0000000000001***************************************************************************0000-------0             2 --> 4 Sin Modificación
0032M000818  10% BEBIDAS             00200U0000000000001***************************************************************************0000-------0             2 --> 4 Sin Modificación
0032M000819  10% BEBIDAS             00350U0000000000001***************************************************************************0000-------0             2 --> 4 Sin Modificación
0032M000820  10% BEBIDAS             00300U0000000000001***************************************************************************0000-------0             2 --> 4 Sin Modificación
0032M000821  10% BEBIDAS             00120U0000000000001***************************************************************************0000-------0             2 --> 4 Sin Modificación
0032M000830  10% BEBIDAS             00210U0000000000001***************************************************************************0000-------0             2 --> 4 Sin Modificación
0032M000831  10% BEBIDAS             00195U0000000000001***************************************************************************0000-------0             2 --> 4 Sin Modificación
0032M000840  10% DOLCE GUSTO         00070U0000000000001***************************************************************************0000-------0             2 --> 4 Sin Modificación
0032M000841  10% CAFE / ESPRESSO / DE00100U0000000000001***************************************************************************0000-------0             2 --> 4 Sin Modificación
0032M000842  10% CAFE CORTADO        00130U0000000000001***************************************************************************0000-------0             2 --> 4 Sin Modificación
0032M000843  10% CAFE CON LECHE / CAP00145U0000000000001***************************************************************************0000-------0             2 --> 4 Sin Modificación
0032M000850  10% CHOCOLATE / COLA CAO00100U0000000000001***************************************************************************0000-------0             2 --> 4 Sin Modificación
0032M000851  10% INFUSIONES          00080U0000000000001***************************************************************************0000-------0             2 --> 4 Sin Modificación
0032M000852  10% GRANIZADO VASO CUPCA00250U0000000000001***************************************************************************0000-------0             2 --> 4 Sin Modificación
0032M000853  10% GRANIZADO SIN VASO  00200U0000000000001***************************************************************************0000-------0             2 --> 4 Sin Modificación
0032B000854  21% BEBIDAS ALC.        00000U0000000000001                                                                           0000-------0             1 --> 99
0032M000855  10% BEBIDAS             00080U0000000000001***************************************************************************0000-------0             2 --> 4 Sin Modificación
0032M000856  10% BEBIDAS             00130U0000000000001***************************************************************************0000-------0             2 --> 4 Sin Modificación
0032B000857  21% BEBIDAS ALC.        00000U0000000000001                                                                           0000-------0             1 --> 99
0032M000860  10% GRANIZADO           00250U0000000000001***************************************************************************0000-------0             2 --> 4 Sin Modificación
0032B000864  10% HELADOS NESTLE      00180U0000000000001                                                                           0000-------0             2 --> 99
0032M000870  10% TOPPING YOGUR       00040U0000000000001***************************************************************************0000-------0             2 --> 4 Sin Modificación
0032M000871  10% HELADO DE YOGUR     00200U0000000000001***************************************************************************0000-------0             2 --> 4 Sin Modificación
0032M000872  10% HELADO DE YOGUR     00300U0000000000001***************************************************************************0000-------0             2 --> 4 Sin Modificación
0032M000911  10% COMBO EUROBASKET    00460U0000000000001***************************************************************************0000-------0             2 --> 4 Sin Modificación
0032B000914  10% BOTE GR. SALADAS CAR00000U0000000000001                                                                           0000-------0             2 --> 99
0032M000918  10% PALOMITAS SABORES   00095U0000000000001***************************************************************************0000-------0             2 --> 4 Sin Modificación
0032M000919  10% BOLSA TUBO DULCE 55 00080U0000000000001***************************************************************************0000-------0             2 --> 4 Sin Modificación
0032M000920  10% BOLSA SALADAS       00150U0000000000001***************************************************************************0000-------0             2 --> 4 Sin Modificación
0032M000921  10% BOLSA SALADA MEDIANA00270U0000000000001***************************************************************************0000-------0             2 --> 4 Sin Modificación
0032B000922  10% PALOMITAS SABORES   00000U0000000000001                                                                           0000-------0             2 --> 99
0032M000924  10% BOTE SALADAS        00370U0000000000001***************************************************************************0000-------0             2 --> 4 Sin Modificación
0032B000925  10% ENVASE PALOMITAS SAL00000U0000000000001                                                                           0000-------0             2 --> 99
0032B000926  10% BOLSA PEQUEÑA PALOMI00000U0000000000001                                                                           0000-------0             2 --> 99
0032B000927  10% BOLSA GRANDE PALOMIT00000U0000000000001                                                                           0000-------0             2 --> 99
0032B000928  10% BOTE PALOMITAS      00000U0000000000001                                                                           0000-------0             2 --> 99
0032B000929  10% ENVASE PALOMITAS    00000U0000000000001                                                                           0000-------0             2 --> 99
0032B000930  10% BOLSA DULCE CARRITO 00000U0000000000001                                                                           0000-------0             2 --> 99
0032B000931  10% BOTE DULCE CARRITO  00000U0000000000001                                                                           0000-------0             2 --> 99
0032B000932  10% BOTE GRANDE DULCE CA00000U0000000000001                                                                           0000-------0             2 --> 99
0032B000933  10% ENVASE PALOMITAS DUL00000U0000000000001                                                                           0000-------0             2 --> 99
0032M000934  10% BOLSA DULCES TIENDA 00150U0000000000001***************************************************************************0000-------0             2 --> 4 Sin Modificación
0032B000935  10% PALOMITAS DULCES BEL00000U0000000000001                                                                           0000-------0             2 --> 99
0032M000936  10% BOTE DULCE TIENDA   00370U0000000000001***************************************************************************0000-------0             2 --> 4 Sin Modificación
0032B000937  10% ENVASE PALOMITAS DUL00000U0000000000001                                                                           0000-------0             2 --> 99
0032M000938  10% PALOMITAS ENVASE ANI00250U0000000000001***************************************************************************0000-------0             2 --> 4 Sin Modificación
0032M000939  10% BOLSA DULCE MEDIANA 00270U0000000000001***************************************************************************0000-------0             2 --> 4 Sin Modificación
0032M004000  21% LLAVERO POMPON LOVIT00100U0000000000001***************************************************************************0000-------084240014639471 --> 4 Sin Modificación
0032M004006  10% RITTER AVELLANA 100 00250U0000000000001***************************************************************************0000-------020100121209152 --> 4 Sin Modificación
0032M004007  10% RITTER CACAO LECHE 100250U0000000000001***************************************************************************0000-------020100122888202 --> 4 Sin Modificación
0032B004008  21% MARCO GATO 15X20 LOV00400U0000000000001                                                                           0000-------084354209710431 --> 99
0032M004011  21% No Pedir CESTA BAMBU01000U0000000000001***************************************************************************0000-------084354209706881 --> 4 Sin Modificación
0032M004012  21% No Pedir CESTA BAMBU00800U0000000000001***************************************************************************0000-------084000128480651 --> 4 Sin Modificación
0032M004013  21% No Pedir CESTA BAMBU00650U0000000000001***************************************************************************0000-------084000228480621 --> 4 Sin Modificación
0032M004020  21% LLAVERO POMPON LOVIT00100U0000000000001***************************************************************************0000-------084240014639471 --> 4 Sin Modificación
0032M004021  21% REINA SOLAR OOTB (5700400U0000000000001***************************************************************************0000-------040298113327791 --> 4 Sin Modificación
0032M004022  10% RANA CHOCO H. POTTER00480U0000000000001***************************************************************************0000-------000715700018272 --> 4 Sin Modificación
0032M004023  10% CHOCO MILLON DOLAR 500280U0000000000001***************************************************************************0000-------020100112392812 --> 4 Sin Modificación
0032M004024  10% YOGUR LIQ.MANGO NARA00200U0000000000001***************************************************************************0000-------084233901002282 --> 4 Sin Modificación
0032M004026  10% YOGUR LIQ.FRAMBUESA 00200U0000000000001***************************************************************************0000-------084233901002352 --> 4 Sin Modificación
0032M004027  10% YOGUR LIQ.NATURAL AZ00200U0000000000001***************************************************************************0000-------084233901005492 --> 4 Sin Modificación
0032M004028  21% CAJA LUZ GRANDE LOVI01500U0000000000001***************************************************************************0000-------040298113673751 --> 4 Sin Modificación
0032M004029  21% CAJA LUZ GRANDE LOVI01500U0000000000001***************************************************************************0000-------084240014417781 --> 4 Sin Modificación
0032M004042  21% SURTIDO BEANIE BOOS 00595U0000000000001***************************************************************************0000-------000084213684951 --> 4 Sin Modificación
0032M004043  21% SURTIDO BEANIE BOOS 00595U0000000000001***************************************************************************0000-------000084213684881 --> 4 Sin Modificación
0032M004044  21% SURTIDO BEANIE BOOS 00595U0000000000001***************************************************************************0000-------000084213687091 --> 4 Sin Modificación
0032M004045  21% SURTIDO BEANIE BOOS 00595U0000000000001***************************************************************************0000-------000084213685181 --> 4 Sin Modificación
0032M004046  21% SURTIDO BEANIE BOOS 00595U0000000000001***************************************************************************0000-------000084213684331 --> 4 Sin Modificación
0032M004047  21% SURTIDO BEANIE BOOS 00595U0000000000001***************************************************************************0000-------000084213685011 --> 4 Sin Modificación
0032M004048  21% SURTIDO BEANIE BOOS 00595U0000000000001***************************************************************************0000-------000084213684261 --> 4 Sin Modificación
0032M004049  21% SURTIDO BEANIE BOOS 01495U0000000000001***************************************************************************0000-------000084213706341 --> 4 Sin Modificación
0032M004050  21% SURTIDO BEANIE BOOS 00595U0000000000001***************************************************************************0000-------000084213684711 --> 4 Sin Modificación
0032M004051  21% SURTIDO BEANIE BOOS 00595U0000000000001***************************************************************************0000-------000084213684641 --> 4 Sin Modificación
0032M004066  21% BALSAMO GATO LOVIT (00200U0000000000001***************************************************************************0000-------050550717010781 --> 4 Sin Modificación
0032M004067  21% BALSAMO TROPICAL LOV00200U0000000000001***************************************************************************0000-------050550717073391 --> 4 Sin Modificación
0032M004070  21% LLAVERO POMPON ELFO 00100U0000000000001***************************************************************************0000-------050505652861611 --> 4 Sin Modificación
0032M004074  21% LIBRETA PEST. NEGRA 00200U0000000000001***************************************************************************0000-------084354209777931 --> 4 Sin Modificación
0032M004075  21% LIBRETA PEST. NEGRA 00300U0000000000001***************************************************************************0000-------084354209778091 --> 4 Sin Modificación
0032M004076  21% LIBRETA PEST. NEGRA 00250U0000000000001***************************************************************************0000-------084354209778161 --> 4 Sin Modificación
0032M004077  21% CARPETA PEST. NEGRA 00500U0000000000001***************************************************************************0000-------084354209778301 --> 4 Sin Modificación
0032M004085  21% CONFETI NOCHEVIEJA (00100U0000000000001***************************************************************************0000-------040298113775651 --> 4 Sin Modificación
0032M004086  21% FOTO SELFIE NOCHEVIE00100U0000000000001***************************************************************************0000-------040298113820331 --> 4 Sin Modificación
0032M004087  10% PATATAS CHAMPAGNE 5000140U0000000000001***************************************************************************0000-------084269440305072 --> 4 Sin Modificación
0032M004088  10% PAPA NOEL CARTON CHO00050U0000000000001***************************************************************************0000-------040030060254002 --> 4 Sin Modificación
0032M004089  10% PIRULETA NAVIDAD 50 00250U0000000000001***************************************************************************0000-------084216992231432 --> 4 Sin Modificación
0032M004090  10% HUEVO CHOC.PATRULLA 00110U0000000000001***************************************************************************0000-------087147862819052 --> 4 Sin Modificación
0032M004092  21% VELA VILLANCICO (58000100U0000000000001***************************************************************************0000-------084318550058031 --> 4 Sin Modificación
0032M004093  21% VELA NAVIDAD BESOS (00100U0000000000001***************************************************************************0000-------084318550057801 --> 4 Sin Modificación
0032M004094  21% CONSOLA AGUA        00150U0000000000001***************************************************************************0000-------084360237787871 --> 4 Sin Modificación
0032M004097  10% HAPPY BOX MINNIE LLE00135U0000000000001***************************************************************************0000-------084231385264262 --> 4 Sin Modificación
0032M004100  21% HUCHA CISNE (HU-143600400U0000000000001***************************************************************************0000-------084240014366131 --> 4 Sin Modificación
0032M004101  21% COJIN REDONDO BOHO (00800U0000000000001***************************************************************************0000-------084240014543271 --> 4 Sin Modificación
0032M004103  21% BAND.ORDENAD.HIPSTER01500U0000000000001***************************************************************************0000-------084240014673031 --> 4 Sin Modificación
0032M004105  21% No pedir CAJA GR. SU00500U0000000000001***************************************************************************0000-------084355019000611 --> 4 Sin Modificación
0032M004106  21% No pedir CAJA GR. SU00500U0000000000001***************************************************************************0000-------084355019000781 --> 4 Sin Modificación
0032M004107  21% No pedir CAJA GR. SU00500U0000000000001***************************************************************************0000-------084355019000851 --> 4 Sin Modificación
0032M004108  21% No pedir CAJA GR. SU00500U0000000000001***************************************************************************0000-------084355019000921 --> 4 Sin Modificación
0032M004109  21% No pedir CAJA GR. SU00500U0000000000001***************************************************************************0000-------084355019001081 --> 4 Sin Modificación
0032M004111  21% No pedir CAJA MED. S00400U0000000000001***************************************************************************0000-------084350617267671 --> 4 Sin Modificación
0032M004113  21% No pedir CAJA PEQ. S00300U0000000000001***************************************************************************0000-------084350617267501 --> 4 Sin Modificación
0032M004120  21% PELOTA PLASTICO SURT00150U0000000000001***************************************************************************0000-------040298112812201 --> 4 Sin Modificación
0032M004121  21% PELOTA MUNDO LOVIT (00150U0000000000001***************************************************************************0000-------040298113047141 --> 4 Sin Modificación
0032M004125  21% TARRO DOS PAJITAS (700250U0000000000001***************************************************************************0000-------040298113594481 --> 4 Sin Modificación
0032M004126  21% No pedir CAJA MAD. C01200U0000000000001***************************************************************************0000-------084240014642891 --> 4 Sin Modificación
0032M004127  21% No pedir CAJA MAD. C01000U0000000000001***************************************************************************0000-------084360237792031 --> 4 Sin Modificación
0032M004128  21% No pedir CAJA MAD. C00800U0000000000001***************************************************************************0000-------084360237792101 --> 4 Sin Modificación
0032M004129  21% No pedir BAND. BAMBU00800U0000000000001***************************************************************************0000-------084240014258601 --> 4 Sin Modificación
0032M004130  21% No pedir BAND. BAMBU00600U0000000000001***************************************************************************0000-------084360237792341 --> 4 Sin Modificación
0032M004131  10% HERSHEYS COOKIES & C00190U0000000000001***************************************************************************0000-------000340000023992 --> 4 Sin Modificación
0032M004132  21% CONSOLA AGUA        00150U0000000000001***************************************************************************0000-------084360237787941 --> 4 Sin Modificación
0032M004134  21% CONSOLA AGUA        00150U0000000000001***************************************************************************0000-------084360237787871 --> 4 Sin Modificación
0032M004135  21% CONSOLA AGUA        00150U0000000000001***************************************************************************0000-------084360237787941 --> 4 Sin Modificación
0032B004136  21% No pedir CAJA MADERA01000U0000000000001                                                                           0000-------084000226898321 --> 99
0032B004138  21% No pedir CAJA MADERA00650U0000000000001                                                                           0000-------084354209393951 --> 99
0032M004155  21% CAJA PACK 100x100x1800050U0000000000001***************************************************************************0000-------084360237792891 --> 4 Sin Modificación
0032M004157  10% HUEVO CHOC. PJMASK 200110U0000000000001***************************************************************************0000-------080710189     2 --> 4 Sin Modificación
0032M004158  21% LLAV. POMPON UNICORN00250U0000000000001***************************************************************************0000-------084360237792721 --> 4 Sin Modificación
0032M004159  10% BROCHETA NUBE PJMASK00120U0000000000001***************************************************************************0000-------084350352257912 --> 4 Sin Modificación
0032M004160  10% BOLSITO FIELTRO REYE00350U0000000000001***************************************************************************0000-------084360237792962 --> 4 Sin Modificación
0032M004197  21% MALETIN SIN VENTANA 00320U0000000000001***************************************************************************0000-------084360237783811 --> 4 Sin Modificación
0032M004203  21% VELA S. VALENTIN ELL00450U0000000000001***************************************************************************0000-------084318551205681 --> 4 Sin Modificación
0032M004204  21% TAZA TIGRE LOVIT (MU00600U0000000000001***************************************************************************0000-------050550717110461 --> 4 Sin Modificación
0032M004206  21% TAZA PERRO LOVIT (SM00600U0000000000001***************************************************************************0000-------050550717077971 --> 4 Sin Modificación
0032M004207  21% TAZA TRUMP LOVIT (MU00500U0000000000001***************************************************************************0000-------050550717251591 --> 4 Sin Modificación
0032M004208  21% TAZA UNICORNIO LOVIT00600U0000000000001***************************************************************************0000-------050550717272071 --> 4 Sin Modificación
0032M004219  21% VELA S. VALENTIN ELL00450U0000000000001***************************************************************************0000-------084318550030901 --> 4 Sin Modificación
0032M004220  21% VELA S. VALENTIN EL 00450U0000000000001***************************************************************************0000-------084318550031061 --> 4 Sin Modificación
0032M004221  21% VELA S. VALENTIN LOC00450U0000000000001***************************************************************************0000-------084318550031131 --> 4 Sin Modificación
0032M004222  21% VELA S. VALENTIN LOC00450U0000000000001***************************************************************************0000-------084318550031201 --> 4 Sin Modificación
0032M004228  21% VASO BOLA DISCO LOVI00300U0000000000001***************************************************************************0000-------084360237793021 --> 4 Sin Modificación
0032M004229  21% GLOBO H. HAPPY BIRTH00420U0000000000001***************************************************************************0000-------000266353623371 --> 4 Sin Modificación
0032M004230  21% ESTRELLA LED PLAST. 00700U0000000000001***************************************************************************0000-------050505652602151 --> 4 Sin Modificación
0032M004236  10% PATATAS SABOR HUEVO 00150U0000000000001***************************************************************************0000-------084360388126432 --> 4 Sin Modificación
0032M004256  21% MUÑECA SURTIDA BELRO00400U0000000000001***************************************************************************0000-------050255721946001 --> 4 Sin Modificación
0032M004257  21% PULSERAS FALLAS SURT00300U0000000000001***************************************************************************0000-------084354493093911 --> 4 Sin Modificación
0032M004258  21% PULSERAS FALLAS SURT00300U0000000000001***************************************************************************0000-------084354493124451 --> 4 Sin Modificación
0032M004259  21% PULSERAS FALLAS SURT00300U0000000000001***************************************************************************0000-------084354493124521 --> 4 Sin Modificación
0032M004260  21% PULSERAS FALLAS SURT00300U0000000000001***************************************************************************0000-------084354493126121 --> 4 Sin Modificación
0032M004261  21% PULSERAS FALLAS SURT00300U0000000000001***************************************************************************0000-------084354493126361 --> 4 Sin Modificación
0032M004262  21% PULSERAS FALLAS SURT00300U0000000000001***************************************************************************0000-------084354493126811 --> 4 Sin Modificación
0032M004263  21% PULSERAS FALLAS SURT00300U0000000000001***************************************************************************0000-------084354493178771 --> 4 Sin Modificación
0032M004264  21% PULSERAS FALLAS SURT00300U0000000000001***************************************************************************0000-------084354493178841 --> 4 Sin Modificación
0032M004265  21% BOXEO PUNCH GRD LOVI01500U0000000000001***************************************************************************0000-------006070003400081 --> 4 Sin Modificación
0032M004287  10% BARRITA CHOCO CORAZO00180U0000000000001***************************************************************************0000-------084139075214002 --> 4 Sin Modificación
0032B004288  21% BOLSITO ASA LATA (VA00300U0000000000001                                                                           0000-------084360237795311 --> 99
0032B004289  21% BOLSITO ASA LATA (VA00300U0000000000001                                                                           0000-------084360237795481 --> 99
0032M004290  10% LATA SNOOPY BOMBON C00650U0000000000001***************************************************************************0000-------042274834     2 --> 4 Sin Modificación
0032M004291  21% PILAS AA ALK 4PCS LO00200U0000000000001***************************************************************************0000-------008879309520251 --> 4 Sin Modificación
0032M004292  21% SURTIDO BEANIE BOOS 01495U0000000000001***************************************************************************0000-------000084213726211 --> 4 Sin Modificación
0032M004293  21% SURTIDO BEANIE BOOS 01495U0000000000001***************************************************************************0000-------000084213726141 --> 4 Sin Modificación
0032M004294  21% SURTIDO BEANIE BOOS 01495U0000000000001***************************************************************************0000-------000084213726451 --> 4 Sin Modificación
0032M004295  21% SURTIDO BEANIE BOOS 01495U0000000000001***************************************************************************0000-------000084213726071 --> 4 Sin Modificación
0032M004296  21% SURTIDO BEANIE BOOS 01495U0000000000001***************************************************************************0000-------000074213699421 --> 4 Sin Modificación
0032M004297  21% SURTIDO BEANIE BOOS 00595U0000000000001***************************************************************************0000-------000084213687781 --> 4 Sin Modificación
0032M004298  21% SURTIDO BEANIE BOOS 00595U0000000000001***************************************************************************0000-------000084213684191 --> 4 Sin Modificación
0032M004299  21% SURTIDO BEANIE BOOS 00595U0000000000001***************************************************************************0000-------000084213687921 --> 4 Sin Modificación
0032M004300  21% SURTIDO BEANIE BOOS 00595U0000000000001***************************************************************************0000-------000084213687851 --> 4 Sin Modificación
0032M004304  21% BOTELLA MENSAJE LOVI00150U0000000000001***************************************************************************0000-------050505652140031 --> 4 Sin Modificación
0032M004319  10% PIRULETA IRIS LOVE  00135U0000000000001***************************************************************************0000-------084232362100742 --> 4 Sin Modificación
0032M004320  21% MARCO FOTOS ANIMALES00250U0000000000001***************************************************************************0000-------084360237793261 --> 4 Sin Modificación
0032M004322  21% MARCO FOTOS DOBLE AN00500U0000000000001***************************************************************************0000-------084360237793401 --> 4 Sin Modificación
0032M004323  21% PORTAFOTOS 6PCS LOVI01000U0000000000001***************************************************************************0000-------084360237793571 --> 4 Sin Modificación
0032M004327  10% PIRULETA IRIS LOVE  00135U0000000000001***************************************************************************0000-------084232360100702 --> 4 Sin Modificación
0032M004330  10% DIPPER XL FRESA     00020U0000000000001***************************************************************************0000-------084131783218082 --> 4 Sin Modificación
0032M004331  21% BOLSA SUPER ZINGS 3 00070U0000000000001***************************************************************************0000-------084316180062141 --> 4 Sin Modificación
0032M004332  21% CAJA JET SUPER ZINGS00250U0000000000001***************************************************************************0000-------084316180062761 --> 4 Sin Modificación
0032M004333  21% ESPONJA PATO LOVIT (00250U0000000000001***************************************************************************0000-------040298113831531 --> 4 Sin Modificación
0032M004335  21% ACCESORIOS ESTAMP. S00300U0000000000001***************************************************************************0000-------040298113933501 --> 4 Sin Modificación
0032M004336  21% SECAUÑAS MONO LOVIT 00500U0000000000001***************************************************************************0000-------040298113375691 --> 4 Sin Modificación
0032M004356  21% PORTAFOTOS MADERA (J00800U0000000000001***************************************************************************0000-------084360237794561 --> 4 Sin Modificación
0032M004376  21% HUCHA UNICORNIO (WB800600U0000000000001***************************************************************************0000-------084360237796851 --> 4 Sin Modificación
0032M004378  21% HUCHA CALAVERA METAL00800U0000000000001***************************************************************************0000-------084360237796921 --> 4 Sin Modificación
0032M004381  21% HUCHA CALAVERA LOVIT00600U0000000000001***************************************************************************0000-------084360237797221 --> 4 Sin Modificación
0032M004384  21% MALETIN PAPEL NAVIDA00350U0000000000001***************************************************************************0000-------084360237788171 --> 4 Sin Modificación
0032M004386  21% CUBO LABERINTO LOVIT00170U0000000000001***************************************************************************0000-------084360237797841 --> 4 Sin Modificación
0032M004387  21% COJIN + RELLENO LOVI01495U0000000000001***************************************************************************0000-------084354493154391 --> 4 Sin Modificación
0032M004388  10% CHOCO&TOYS PATRULLA 00150U0000000000001***************************************************************************0000-------084354779025952 --> 4 Sin Modificación
0032M004389  10% CHOCO&TOYS PJMASK 2000150U0000000000001***************************************************************************0000-------084354779025882 --> 4 Sin Modificación
0032M004390  10% CHOCO&TOYS LADY BUG 00150U0000000000001***************************************************************************0000-------084354779025712 --> 4 Sin Modificación
0032M004393  21% JOYERO MAD. 3CAJONES01200U0000000000001***************************************************************************0000-------084360237798071 --> 4 Sin Modificación
0032M004399  21% JOYERO MADERA 2PCS(101000U0000000000001***************************************************************************0000-------084360237798521 --> 4 Sin Modificación
0032M004401  21% POSAVASOS 6PS TRONC.00400U0000000000001***************************************************************************0000-------084360237798761 --> 4 Sin Modificación
0032M004406  21% MINIBLOCKS POK. AZ. 00300U0000000000001***************************************************************************0000-------084360237787701 --> 4 Sin Modificación
0032M004407  21% MINIBLOCKS POK.AMA. 00300U0000000000001***************************************************************************0000-------084360237787561 --> 4 Sin Modificación
0032M004408  21% MINIBLOCKS POK. VER.00300U0000000000001***************************************************************************0000-------084360237787631 --> 4 Sin Modificación
0032M004410  21% GATO SOLAR (57/9723)00400U0000000000001***************************************************************************0000-------040298113658141 --> 4 Sin Modificación
0032M004432  21% No pedir CESTO PEQ. 00800U0000000000001***************************************************************************0000-------084360237792411 --> 4 Sin Modificación
0032M004436  21% No pedir BAND.BAMBU 00700U0000000000001***************************************************************************0000-------084360237792271 --> 4 Sin Modificación
0032M004438  21% COJIN + RELLENO LOVI01495U0000000000001***************************************************************************0000-------084354493111721 --> 4 Sin Modificación
0032M004447  21% COJIN + RELLENO LOVI01495U0000000000001***************************************************************************0000-------084354493111891 --> 4 Sin Modificación
0032B004448  21% COJIN + RELLENO LOVI01495U0000000000001                                                                           0000-------084354493122091 --> 99
0032B004449  21% COJIN + RELLENO LOVI01495U0000000000001                                                                           0000-------084354493122161 --> 99
0032M004450  10% VELAS CUAD. HAPPYBIR00350U0000000000001***************************************************************************0000-------040449840179712 --> 4 Sin Modificación
0032M004451  21% COJIN + RELLENO LOVI01495U0000000000001***************************************************************************0000-------084354493111721 --> 4 Sin Modificación
0032M004452  21% COJIN + RELLENO LOVI01495U0000000000001***************************************************************************0000-------084354493030611 --> 4 Sin Modificación
0032M004459  21% COJIN + RELLENO LOVI01495U0000000000001***************************************************************************0000-------084354493154771 --> 4 Sin Modificación
0032M004460  21% COJIN + RELLENO LOVI01495U0000000000001***************************************************************************0000-------084354493154461 --> 4 Sin Modificación
0032M004461  21% BOLSO LATA CILINDRO 00370U0000000000001***************************************************************************0000-------084360237812991 --> 4 Sin Modificación
0032M004462  21% BOLSO LATA CILINDRO 00370U0000000000001***************************************************************************0000-------084360237813051 --> 4 Sin Modificación
0032M004463  21% BOLSO LATA CILINDRO 00370U0000000000001***************************************************************************0000-------084360237813121 --> 4 Sin Modificación
0032M004464  21% BOLSO LATA CILINDRO 00370U0000000000001***************************************************************************0000-------084360237813291 --> 4 Sin Modificación
0032M004465  21% BOLSO LATA CILINDRO 00370U0000000000001***************************************************************************0000-------084360237813361 --> 4 Sin Modificación
0032M004466  21% VASO HELADO VACIO   00250U0000000000001***************************************************************************0000-------084360237813741 --> 4 Sin Modificación
0032M004469  21% TUBO LAPICES ANIMALE00150U0000000000001***************************************************************************0000-------050550717061581 --> 4 Sin Modificación
0032M004471  21% CORONA LED MADERA (Y00800U0000000000001***************************************************************************0000-------084360237802301 --> 4 Sin Modificación
0032M004472  21% ESTRELLA LED MADERA 01000U0000000000001***************************************************************************0000-------084360237802471 --> 4 Sin Modificación
0032M004484  10% TG 1 SAN VALENTIN CO01575U0000000000001***************************************************************************0000-------084360237812132 --> 4 Sin Modificación
0032M004485  10% TG 2 SAN VALENTIN CO01575U0000000000001***************************************************************************0000-------084360237812202 --> 4 Sin Modificación
0032M004486  10% TG 3 SAN VALENTIN RO01575U0000000000001***************************************************************************0000-------084360237812372 --> 4 Sin Modificación
0032M004487  10% TP 1 SAN VALENTIN BE00895U0000000000001***************************************************************************0000-------084360237812442 --> 4 Sin Modificación
0032M004488  10% TP 2 SAN VALENTIN CO00895U0000000000001***************************************************************************0000-------084360237812512 --> 4 Sin Modificación
0032M004489  10% TP 3 SAN VALETIN COR00895U0000000000001***************************************************************************0000-------084360237812682 --> 4 Sin Modificación
0032M004490  10% TP 4 SAN VALENTIN CO00895U0000000000001***************************************************************************0000-------084360237812752 --> 4 Sin Modificación
0032M004491  10% TP 5 SAN VALENTIN CO00895U0000000000001***************************************************************************0000-------084360237812822 --> 4 Sin Modificación
0032M004510  21% CACTUS LED MADERA (Y01000U0000000000001***************************************************************************0000-------084360237805371 --> 4 Sin Modificación
0032M004512  21% SURTIDO ANIMALES SON00995U0000000000001***************************************************************************0000-------084360237813431 --> 4 Sin Modificación
0032M004513  21% SURTIDO ANIMALES SON00995U0000000000001***************************************************************************0000-------084360237813501 --> 4 Sin Modificación
0032M004514  21% SURTIDO ANIMALES SON00995U0000000000001***************************************************************************0000-------084360237813671 --> 4 Sin Modificación
0032M004515  10% CHERRY COKE ZERO LAT00120U0000000000001***************************************************************************0000-------054490001953642 --> 4 Sin Modificación
0032M004517  21% VELA CALAVERA COLORE00150U0000000000001***************************************************************************0000-------084360237810221 --> 4 Sin Modificación
0032M004521  21% LLAVERO CALAVERA COL00100U0000000000001***************************************************************************0000-------084360237810601 --> 4 Sin Modificación
0032M004528  21% GOMA BORRAR XXL LAPI00100U0000000000001***************************************************************************0000-------084301732408801 --> 4 Sin Modificación
0032M004530  21% GOMAS LLAMAS SET3 (S00100U0000000000001***************************************************************************0000-------050550717269101 --> 4 Sin Modificación
0032M004541  21% JUEGO GOLF WC LOVIT 00500U0000000000001***************************************************************************0000-------084360237809261 --> 4 Sin Modificación
0032M004543  21% JUEGO BINGO CHUPITOS00800U0000000000001***************************************************************************0000-------084360237809331 --> 4 Sin Modificación
0032M004568  21% SET BASQUET WC (59/100800U0000000000001***************************************************************************0000-------084360237809641 --> 4 Sin Modificación
0032M004570  21% JUEGO 3ENRAYA CHUPIT00700U0000000000001***************************************************************************0000-------084360237809711 --> 4 Sin Modificación
0032M004571  21% RULETA CHUPITOS LOVI01200U0000000000001***************************************************************************0000-------084360237809881 --> 4 Sin Modificación
0032M004575  21% GORRA BEBIDA (GB024)00600U0000000000001***************************************************************************0000-------084360237810081 --> 4 Sin Modificación
0032M004577  21% MURCIELAGO LED MADER00800U0000000000001***************************************************************************0000-------084360237808101 --> 4 Sin Modificación
0032M004578  21% DIAMANTE LED MADERA 00800U0000000000001***************************************************************************0000-------084360237808271 --> 4 Sin Modificación
0032M004582  21% PONI LED MADERA (YY001000U0000000000001***************************************************************************0000-------084360237808411 --> 4 Sin Modificación
0032M004588  21% TIMBRE SURTIDO (GD0000200U0000000000001***************************************************************************0000-------084360237811691 --> 4 Sin Modificación
0032M004605  21% VELA HIPSTER (VE-14500050U0000000000001***************************************************************************0000-------084240014533511 --> 4 Sin Modificación
0032M004611  21% PORTAVELAS HOME (PV-00300U0000000000001***************************************************************************0000-------084240013638341 --> 4 Sin Modificación
0032M004614  21% VASO PURPURINA VACIO00250U0000000000001***************************************************************************0000-------084360237813811 --> 4 Sin Modificación
0032M004618  21% CAJA LUZ COMIC (277201400U0000000000001***************************************************************************0000-------084354209663911 --> 4 Sin Modificación
0032M004621  10% TG 18 MARIPOSAS     01575U0000000000001***************************************************************************0000-------084360237814352 --> 4 Sin Modificación
0032M004622  10% TP 26 CAMPO         00670U0000000000001***************************************************************************0000-------084360237814422 --> 4 Sin Modificación
0032M004624  21% TOPE PUERTA JIRAFA (01200U0000000000001***************************************************************************0000-------084354209598291 --> 4 Sin Modificación
0032M004625  10% MIX UPS 90 GR       00120U0000000000001***************************************************************************0000-------084101990160342 --> 4 Sin Modificación
0032M004626  10% CHEETOS STICKS 21 GR00040U0000000000001***************************************************************************0000-------084101990092342 --> 4 Sin Modificación
0032M004629  21% BEERPONG (619069) LO00500U0000000000001***************************************************************************0000-------050372412624111 --> 4 Sin Modificación
0032M004631  21% GLOBO HELIO CORAZON 00420U0000000000001***************************************************************************0000-------000266351058421 --> 4 Sin Modificación
0032M004632  10% CHOCOLATINAS PAREJAS00650U0000000000001***************************************************************************0000-------084354986001972 --> 4 Sin Modificación
0032M004633  21% SURTIDO BEANIE BOOS 00595U0000000000001***************************************************************************0000-------000084213689381 --> 4 Sin Modificación
0032M004634  21% SURTIDO BEANIE BOOS 00595U0000000000001***************************************************************************0000-------000084213688531 --> 4 Sin Modificación
0032M004635  21% SURTIDO BEANIE BOOS 00595U0000000000001***************************************************************************0000-------000084213687231 --> 4 Sin Modificación
0032M004636  21% SURTIDO BEANIE BOOS 00595U0000000000001***************************************************************************0000-------000084213688841 --> 4 Sin Modificación
0032M004640  10% MIX UPS 90 GR       00120U0000000000001***************************************************************************0000-------084101990166692 --> 4 Sin Modificación
0032M004641  21% SURTIDO MULTICOLOR P00395U0000000000001***************************************************************************0000-------084360237814731 --> 4 Sin Modificación
0032M004642  10% RULETA JELLY BELLY  01095U0000000000001***************************************************************************0000-------020100028240522 --> 4 Sin Modificación
0032B004643  21% HUCHA GATO EN CAJA (00400U0000000000001                                                                           0000-------050550717265901 --> 99
0032M004650  21% MEGAFONO (61/2036) L00800U0000000000001***************************************************************************0000-------040298111834941 --> 4 Sin Modificación
0032B004651  21% LLAVERO SANDIA (KEY900200U0000000000001                                                                           0000-------050550717266751 --> 99
0032M004655  21% GLOBO HINCH. UNICORN00250U0000000000001***************************************************************************0000-------050550717248481 --> 4 Sin Modificación
0032M004656  21% BOLI NEON 4 TINTAS (00150U0000000000001***************************************************************************0000-------084263070178171 --> 4 Sin Modificación
0032M004658  10% PIRULETA CHOC. PRINC00150U0000000000001***************************************************************************0000-------054147304113292 --> 4 Sin Modificación
0032M004665  10% RADICAL NARANJA PET 00120U0000000000001***************************************************************************0000-------084104080194432 --> 4 Sin Modificación
0032M004667  21% SURTIDO BEANIE BOOS 01495U0000000000001***************************************************************************0000-------000084213715871 --> 4 Sin Modificación
0032M004668  21% SURTIDO BEANIE BOOS 01495U0000000000001***************************************************************************0000-------000074213699421 --> 4 Sin Modificación
0032M004669  21% SURTIDO BEANIE BOOS 01495U0000000000001***************************************************************************0000-------000084213726381 --> 4 Sin Modificación
0032M004670  21% SURTIDO BEANIE BOOS 01495U0000000000001***************************************************************************0000-------000084213725841 --> 4 Sin Modificación
0032M004674  21% GAFAS BUCEAR SURTIDA00795U0000000000001***************************************************************************0000-------084360237814801 --> 4 Sin Modificación
0032M004676  21% TAZA SAN VALENTIN (V00300U0000000000001***************************************************************************0000-------084360237790811 --> 4 Sin Modificación
0032M004677  21% BOLI NEON 4 TINTAS (00150U0000000000001***************************************************************************0000-------084263070178001 --> 4 Sin Modificación
0032M004682  21% CAJA LUZ GRANDE LOVI01500U0000000000001***************************************************************************0000-------084240015093241 --> 4 Sin Modificación
0032M004683  21% PILAS AA ALK 4PCS LO00200U0000000000001***************************************************************************0000-------084103430042141 --> 4 Sin Modificación
0032M004687  21% POMPAS PJ MASKS 60 M00080U0000000000001***************************************************************************0000-------080073156970021 --> 4 Sin Modificación
0032B004688  10% TIGRETON            00080U0000000000001                                                                           0000-------084126597     2 --> 99
0032M004689  10% PANTERA ROSA        00080U0000000000001***************************************************************************0000-------084126634     2 --> 4 Sin Modificación
0032M004690  10% BOLLYCAO DOKYO MINI 00060U0000000000001***************************************************************************0000-------084100221103282 --> 4 Sin Modificación
0032M004691  10% QE GOFRE MINI       00060U0000000000001***************************************************************************0000-------084100221103732 --> 4 Sin Modificación
0032M004692  10% DONETTE TROLLEO     00100U0000000000001***************************************************************************0000-------084100221126052 --> 4 Sin Modificación
0032M004700  10% KIT KAT CHUNKY CHEES00120U0000000000001***************************************************************************0000-------038000204109122 --> 4 Sin Modificación
0032B004701  21% COPA MEJOR ABUELO LO00600U0000000000001                                                                           0000-------000808325000061 --> 99
0032M004705  10% TIGRETON            00080U0000000000001***************************************************************************0000-------084126580     2 --> 4 Sin Modificación
0032M004718  10% MINIBOLLYCAO CLASICO00130U0000000000001***************************************************************************0000-------084100220108882 --> 4 Sin Modificación
0032M004724  10% LAYS CAMPESINAS 133 00135U0000000000001***************************************************************************0000-------084101990082992 --> 4 Sin Modificación
0032M004725  10% CHEETOS PANDILLA 61 00110U0000000000001***************************************************************************0000-------084101990159692 --> 4 Sin Modificación
0032M004726  10% CHEETOS PELOTAZO 10500110U0000000000001***************************************************************************0000-------084101990159522 --> 4 Sin Modificación
0032M004727  10% BUGGLES 3 D' 72 GRS.00110U0000000000001***************************************************************************0000-------084101990160032 --> 4 Sin Modificación
0032M004737  21% COJIN + RELLENO LOVI01495U0000000000001***************************************************************************0000-------084354493188741 --> 4 Sin Modificación
0032M004738  21% COJIN + RELLENO LOVI01495U0000000000001***************************************************************************0000-------084354493180031 --> 4 Sin Modificación
0032M004739  21% COJIN + RELLENO LOVI01495U0000000000001***************************************************************************0000-------084354493030471 --> 4 Sin Modificación
0032B004740  21% BURN LATA 500 ML    00190U0000000000001                                                                           0000-------050604665135011 --> 99
0032M004741  10% HAPPYDENT MONOPIEZA 00005U0000000000001***************************************************************************0000-------080034409222002 --> 4 Sin Modificación
0032M004742  21% SURTIDO BEANIE BOOS 01495U0000000000001***************************************************************************0000-------000084213725911 --> 4 Sin Modificación
0032M004743  21% SURTIDO BEANIE BOOS 01495U0000000000001***************************************************************************0000-------000084213715701 --> 4 Sin Modificación
0032M004744  10% POP UP SURTIDO LICEN00250U0000000000001***************************************************************************0000-------087147862589692 --> 4 Sin Modificación
0032M004745  21% GLOBO HELIO PJMASK (00420U0000000000001***************************************************************************0000-------000266353467261 --> 4 Sin Modificación
0032M004747  21% VASO XL COLA SIRENA 00600U0000000000001***************************************************************************0000-------084353751354151 --> 4 Sin Modificación
0032M004748  10% SUPER CHUPA CHUPS   01200U0000000000001***************************************************************************0000-------084100319483872 --> 4 Sin Modificación
0032M004749  10% FRESQUITO PINTALENGU00050U0000000000001***************************************************************************0000-------084114021500642 --> 4 Sin Modificación
0032M004750  21% DISCO VOLADOR PATRUL00150U0000000000001***************************************************************************0000-------084354779023111 --> 4 Sin Modificación
0032M004755  10% RUFFLES YORK'ESO 13300135U0000000000001***************************************************************************0000-------084101990083362 --> 4 Sin Modificación
0032M004756  10% MISTERCORN ORIGINAL 00150U0000000000001***************************************************************************0000-------084131640023152 --> 4 Sin Modificación
0032M004766  21% BAND. ORDENAD HOJAS 01500U0000000000001***************************************************************************0000-------084240015093551 --> 4 Sin Modificación
0032M004770  21% BOTE BAMBU BOHO (LC-00400U0000000000001***************************************************************************0000-------084240015081051 --> 4 Sin Modificación
0032M004780  21% TETERA CRIST. RED. (01000U0000000000001***************************************************************************0000-------084240013492271 --> 4 Sin Modificación
0032M004781  21% TETERA CRIST. JARRA 00800U0000000000001***************************************************************************0000-------084240013492341 --> 4 Sin Modificación
0032M004794  21% No pedir BAND.BAMBU 00800U0000000000001***************************************************************************0000-------084360237815341 --> 4 Sin Modificación
0032M004795  21% No pedir BAND.BAMBU 00700U0000000000001***************************************************************************0000-------084360237815411 --> 4 Sin Modificación
0032M004796  21% No pedir BAND.BAMBU 00600U0000000000001***************************************************************************0000-------084360237815581 --> 4 Sin Modificación
0032M004802  10% VENTILADOR ELECTRICO00200U0000000000001***************************************************************************0000-------084365494867222 --> 4 Sin Modificación
0032M004806  10% MIX UPS 90 GR       00120U0000000000001***************************************************************************0000-------084101990160342 --> 4 Sin Modificación
0032M004807  10% HUEVO CHOC. MY LITTL00110U0000000000001***************************************************************************0000-------087147862828342 --> 4 Sin Modificación
0032M004808  10% SACAPUN. GOMA SIRENA00100U0000000000001***************************************************************************0000-------084240014733112 --> 4 Sin Modificación
0032M004822  10% NARANJAS Y LIMONES G00280U0000000000001***************************************************************************0000-------084104425120162 --> 4 Sin Modificación
0032M004825  21% BOTE CRISTAL TROP. P00400U0000000000001***************************************************************************0000-------084240015072381 --> 4 Sin Modificación
0032M004827  21% BOTE CRISTAL TROP. G00500U0000000000001***************************************************************************0000-------084240015072451 --> 4 Sin Modificación
0032M004829  21% PELUCHE MONSTRUO GAL01200U0000000000001***************************************************************************0000-------084240014768551 --> 4 Sin Modificación
0032M004834  21% CESTA POMPON GR. SUR01200U0000000000001***************************************************************************0000-------084240015086791 --> 4 Sin Modificación
0032M004835  21% CESTA POMPON PEQ. SU01000U0000000000001***************************************************************************0000-------084240015086861 --> 4 Sin Modificación
0032M004839  10% TARRINA TOSTON SABOR00300U0000000000001***************************************************************************0000-------084126692715782 --> 4 Sin Modificación
0032M004840  10% PEZ DINO HUEVO      00280U0000000000001***************************************************************************0000-------090444008484052 --> 4 Sin Modificación
0032M004841  10% PEZ BLISTER FLAMENCO00150U0000000000001***************************************************************************0000-------090444009194712 --> 4 Sin Modificación
0032M004845  21% RELOJ PK WATCH      00150U0000000000001***************************************************************************0000-------084370117696191 --> 4 Sin Modificación
0032M004847  21% VASO GRANDE CALAVERA00300U0000000000001***************************************************************************0000-------084360237816191 --> 4 Sin Modificación
0032M004848  21% VASO CALAVERA PLASTI00200U0000000000001***************************************************************************0000-------084360237816261 --> 4 Sin Modificación
0032M004849  21% MANO HALLOWEEN      00350U0000000000001***************************************************************************0000-------084360237816331 --> 4 Sin Modificación
0032M004850  10% OREO CHEESECAKE 154 00150U0000000000001***************************************************************************0000-------076222106333542 --> 4 Sin Modificación
0032M004851  10% OREO BROWNIE 154 GR 00150U0000000000001***************************************************************************0000-------076222107761672 --> 4 Sin Modificación
0032M004852  21% G. FORMAS CABEZA UNI00520U0000000000001***************************************************************************0000-------084351023031551 --> 4 Sin Modificación
0032M004871  10% ORBIT WHITE HIERBABU00080U0000000000001***************************************************************************0000-------042113164     2 --> 4 Sin Modificación
0032M005002  21% LAPIZ CON GOMA PINOC00100U0000000000001***************************************************************************0000-------006126150789251 --> 4 Sin Modificación
0032M005003  21% LAPIZ CON GOMA KIN K00100U0000000000001***************************************************************************0000-------006126150789321 --> 4 Sin Modificación
0032M005004  10% ORBIT FRESA ACIDA   00080U0000000000001***************************************************************************0000-------050173099     2 --> 4 Sin Modificación
0032M005012  10% BOCADITO JAMON Y TOM00150U0000000000001***************************************************************************0000-------084307771500352 --> 4 Sin Modificación
0032M005015  10% PATATAS JAMON BELROS00130U0000000000001***************************************************************************0000-------084360237751062 --> 4 Sin Modificación
0032M005025  10% TRIDENT CLOROFILA LÁ00080U0000000000001***************************************************************************0000-------084164148     2 --> 4 Sin Modificación
0032M005027  10% ORBIT EUCALIPTO     00080U0000000000001***************************************************************************0000-------050173617     2 --> 4 Sin Modificación
0032M005028  10% TRIDENT FRESA LÁMINA00080U0000000000001***************************************************************************0000-------084164162     2 --> 4 Sin Modificación
0032M005029  21% REINA SOLAR LOVIT (101050U0000000000001***************************************************************************0000-------006126150445481 --> 4 Sin Modificación
0032M005030  21% CAÑITAS MOLINO PACK 00100U0000000000001***************************************************************************0000-------006126150654201 --> 4 Sin Modificación
0032B005033  21% BOLIGRAFO PLUMA LOVI00150U0000000000001                                                                           0000-------000612615032271 --> 99
0032M005034  10% TRIDENT MENTA LÁMINA00080U0000000000001***************************************************************************0000-------084164155     2 --> 4 Sin Modificación
0032M005038  10% ORBIT PEPPERMINT    00080U0000000000001***************************************************************************0000-------050173204     2 --> 4 Sin Modificación
0032M005043  21% BOLIGRAFO PLUMA LOVI00150U0000000000001***************************************************************************0000-------006126150732341 --> 4 Sin Modificación
0032M005044  21% BOLIGRAFO HIERBA LOV00100U0000000000001***************************************************************************0000-------006126150732271 --> 4 Sin Modificación
0032M005046  21% OSOS FRIENDS LOVIT  00500U0000000000001***************************************************************************0000-------050505651810081 --> 4 Sin Modificación
0032M005050  21% OSOS LAZO LOVIT     00500U0000000000001***************************************************************************0000-------050505651807801 --> 4 Sin Modificación
0032B005051  21% GOMAS MOMIAS LOVIT (00100U0000000000001                                                                           0000-------050255722755691 --> 99
0032M005054  21% GOMAS CAMION (38303200100U0000000000001***************************************************************************0000-------050255722756441 --> 4 Sin Modificación
0032M005057  10% HALLS MIEL Y LIMON 200120U0000000000001***************************************************************************0000-------084164223     2 --> 4 Sin Modificación
0032M005058  10% HUEVO KINDER JOY    00170U0000000000001***************************************************************************0000-------080310891     2 --> 4 Sin Modificación
0032M005060  21% MARIONETAS MANO LOVI00600U0000000000001***************************************************************************0000-------050255720094091 --> 4 Sin Modificación
0032M005061  10% HALLS EUCALIPTO MENT00120U0000000000001***************************************************************************0000-------084164391     2 --> 4 Sin Modificación
0032M005066  21% LLAVERO POMPON LOVIT00100U0000000000001***************************************************************************0000-------050372412582851 --> 4 Sin Modificación
0032M005068  10% SMINT MENTA         00180U0000000000001***************************************************************************0000-------084155634     2 --> 4 Sin Modificación
0032M005069  10% JELLY BEANS H.POTTER00395U0000000000001***************************************************************************0000-------020100056000042 --> 4 Sin Modificación
0032M005071  10% BOTE CHOCO ALMENDRA 00250U0000000000001***************************************************************************0000-------084107400039262 --> 4 Sin Modificación
0032M005075  10% BOTE CHOCO PASAS NEG00250U0000000000001***************************************************************************0000-------084107400039952 --> 4 Sin Modificación
0032M005076  10% BOTE AVELLANA 125 GR00150U0000000000001***************************************************************************0000-------084360488312832 --> 4 Sin Modificación
0032M005077  10% BOTE PISTACHO 125 GR00150U0000000000001***************************************************************************0000-------084360488312522 --> 4 Sin Modificación
0032M005078  10% BOTE KIKON 100 GR. L00150U0000000000001***************************************************************************0000-------084360488312762 --> 4 Sin Modificación
0032M005080  10% KIT KAT             00100U0000000000001***************************************************************************0000-------050251094     2 --> 4 Sin Modificación
0032M005083  10% CAJA ROJA 70G       00150U0000000000001***************************************************************************0000-------084101000493042 --> 4 Sin Modificación
0032M005085  10% BOTE ALMENDRA 125 GR00150U0000000000001***************************************************************************0000-------084360488312692 --> 4 Sin Modificación
0032M005086  10% BOTE ANACARDO 125 GR00150U0000000000001***************************************************************************0000-------084360488312142 --> 4 Sin Modificación
0032M005087  10% BOTE MIX HOT 125 GR.00150U0000000000001***************************************************************************0000-------084360488313062 --> 4 Sin Modificación
0032M005088  10% COCA-COLA LATA 33 CL00120U0000000000001***************************************************************************0000-------054490000009962 --> 4 Sin Modificación
0032M005089  10% COCA-COLA SIN CAFEIN00120U0000000000001***************************************************************************0000-------054490000007742 --> 4 Sin Modificación
0032M005090  10% COCA-COLA LIGHT LATA00120U0000000000001***************************************************************************0000-------054490000502052 --> 4 Sin Modificación
0032M005091  10% C.C. LIGHT SIN CAFEI00120U0000000000001***************************************************************************0000-------054490000566722 --> 4 Sin Modificación
0032M005092  10% SPRITE FRESH LATA 3300120U0000000000001***************************************************************************0000-------054490000145352 --> 4 Sin Modificación
0032M005093  10% FANTA NARANJA LATA 300120U0000000000001***************************************************************************0000-------054490000115272 --> 4 Sin Modificación
0032M005094  10% FANTA NARANJA LATA 300120U0000000000001***************************************************************************0000-------054490000060042 --> 4 Sin Modificación
0032M005095  10% NESTEA LATA 33 CL   00140U0000000000001***************************************************************************0000-------054490000129132 --> 4 Sin Modificación
0032M005096  10% NESTEA LATA 33 CL   00140U0000000000001***************************************************************************0000-------054490000208642 --> 4 Sin Modificación
0032M005097  10% NESTEA LATA 33 CL   00140U0000000000001***************************************************************************0000-------054490000920762 --> 4 Sin Modificación
0032M005098  10% NESTEA LATA 33 CL   00140U0000000000001***************************************************************************0000-------054490000599872 --> 4 Sin Modificación
0032M005099  10% AQUARIUS LATA 33 CL 00140U0000000000001***************************************************************************0000-------054490000585602 --> 4 Sin Modificación
0032M005100  10% AQUARIUS LATA 33 CL 00140U0000000000001***************************************************************************0000-------054490000338192 --> 4 Sin Modificación
0032M005101  10% COCA-COLA PET.500   00150U0000000000001***************************************************************************0000-------054491472     2 --> 4 Sin Modificación
0032M005102  10% COCA-COLA LIGHT PET.00150U0000000000001***************************************************************************0000-------054492387     2 --> 4 Sin Modificación
0032M005103  10% SPRITE FRESH PET.50000150U0000000000001***************************************************************************0000-------054491069     2 --> 4 Sin Modificación
0032M005104  10% FANTA NARANJA PET.5000150U0000000000001***************************************************************************0000-------040822938     2 --> 4 Sin Modificación
0032B005105  10% FANTA NARANJA PET.5000150U0000000000001                                                                           0000-------054492493     2 --> 99
0032M005106  10% ORBIT HIERBABUENA   00080U0000000000001***************************************************************************0000-------050173358     2 --> 4 Sin Modificación
0032M005107  10% BOTE MIX MAMMA MIA 100150U0000000000001***************************************************************************0000-------084360488313202 --> 4 Sin Modificación
0032M005109  10% FRESQUITO CEREZA    00050U0000000000001***************************************************************************0000-------084114020500052 --> 4 Sin Modificación
0032M005110  10% FRESQUITO COLA      00050U0000000000001***************************************************************************0000-------084114020500122 --> 4 Sin Modificación
0032M005112  10% BOTE MIX EXOTIC 125 00150U0000000000001***************************************************************************0000-------084360488313372 --> 4 Sin Modificación
0032M005113  21% VELA CUMPLEAÑOS Nº 000140U0000000000001***************************************************************************0000-------000484192190401 --> 4 Sin Modificación
0032M005114  21% VELA CUMPLEAÑOS Nº 100140U0000000000001***************************************************************************0000-------000484192190571 --> 4 Sin Modificación
0032M005115  21% VELA CUMPLEAÑOS Nº 200140U0000000000001***************************************************************************0000-------000484192190641 --> 4 Sin Modificación
0032M005116  21% VELA CUMPLEAÑOS Nº 300140U0000000000001***************************************************************************0000-------000484192190711 --> 4 Sin Modificación
0032M005117  21% VELA CUMPLEAÑOS Nº 400140U0000000000001***************************************************************************0000-------000484192190951 --> 4 Sin Modificación
0032M005118  21% VELA CUMPLEAÑOS Nº 500140U0000000000001***************************************************************************0000-------000484192191011 --> 4 Sin Modificación
0032M005119  21% VELA CUMPLEAÑOS Nº 600140U0000000000001***************************************************************************0000-------000484192191181 --> 4 Sin Modificación
0032M005120  21% VELA CUMPLEAÑOS Nº 700140U0000000000001***************************************************************************0000-------000484192191251 --> 4 Sin Modificación
0032M005121  21% VELA CUMPLEAÑOS Nº 800140U0000000000001***************************************************************************0000-------000484192191321 --> 4 Sin Modificación
0032M005122  21% VELA CUMPLEAÑOS Nº 900140U0000000000001***************************************************************************0000-------000484192191491 --> 4 Sin Modificación
0032B005123  10% PIRULETA MUÑECO GALL00100U0000000000001                                                                           0000-------084360237764622 --> 99
0032M005124  10% PIRULETA CARA SANTA 00100U0000000000001***************************************************************************0000-------084360237764792 --> 4 Sin Modificación
0032M005130  10% MEGATUBO LACASITOS 101695U0000000000001***************************************************************************0000-------084107400064912 --> 4 Sin Modificación
0032M005131  10% MEGATUBO CONGUITO 8001450U0000000000001***************************************************************************0000-------084107460880642 --> 4 Sin Modificación
0032M005139  21% GLOBOS CON PALITO SU00175U0000000000001***************************************************************************0000-------000266350788941 --> 4 Sin Modificación
0032M005140  21% GLOBOS CON PALITO SU00175U0000000000001***************************************************************************0000-------000266350789001 --> 4 Sin Modificación
0032M005141  21% GLOBOS CON PALITO SU00175U0000000000001***************************************************************************0000-------000266350836521 --> 4 Sin Modificación
0032B005142  21% PIÑATA VIÑATA PEQUEÑ00380U0000000000001                                                                           0000-------084231382829401 --> 99
0032B005143  21% PIÑATA VIÑATA PEQUEÑ00380U0000000000001                                                                           0000-------084231382846541 --> 99
0032B005144  21% PIÑATA VIÑATA PEQUEÑ00380U0000000000001                                                                           0000-------084231382927031 --> 99
0032B005145  21% PIÑATA VIÑATA PEQUEÑ00380U0000000000001                                                                           0000-------084231385072271 --> 99
0032B005146  21% PIÑATA VIÑATA PEQUEÑ00380U0000000000001                                                                           0000-------084231385073881 --> 99
0032B005147  21% PIÑATA VIÑATA PEQUEÑ00380U0000000000001                                                                           0000-------084231382829261 --> 99
0032B005148  21% PIÑATA VIÑATA PEQUEÑ00380U0000000000001                                                                           0000-------084231383019001 --> 99
0032B005149  21% PIÑATA VIÑATA PEQUEÑ00380U0000000000001                                                                           0000-------084231383147021 --> 99
0032B005150  21% PIÑATA VIÑATA PEQUEÑ00380U0000000000001                                                                           0000-------084231383173071 --> 99
0032B005151  21% PIÑATA VIÑATA PEQUEÑ00380U0000000000001                                                                           0000-------084231383185021 --> 99
0032B005152  21% PIÑATA VIÑATA PEQUEÑ00380U0000000000001                                                                           0000-------084231383019311 --> 99
0032M005153  21% GLOBOS CON PALITO SU00175U0000000000001***************************************************************************0000-------000266350819931 --> 4 Sin Modificación
0032M005154  21% GLOBOS CON PALITO SU00175U0000000000001***************************************************************************0000-------000266350834471 --> 4 Sin Modificación
0032M005157  10% TWIX 50G            00100U0000000000001***************************************************************************0000-------040111315     2 --> 4 Sin Modificación
0032M005158  21% ESTRELLA LED MADERA 01000U0000000000001***************************************************************************0000-------050527140702941 --> 4 Sin Modificación
0032M005161  21% GLOBOS CON PALITO SU00175U0000000000001***************************************************************************0000-------000805189398871 --> 4 Sin Modificación
0032M005162  21% GLOBOS CON PALITO SU00175U0000000000001***************************************************************************0000-------000266350833481 --> 4 Sin Modificación
0032M005163  21% GLOBOS CON PALITO SU00175U0000000000001***************************************************************************0000-------000266350776201 --> 4 Sin Modificación
0032M005164  10% HUEVO KINDER SORPRES00140U0000000000001***************************************************************************0000-------040084107     2 --> 4 Sin Modificación
0032M005173  10% SAQUITO DE CARBON   00140U0000000000001***************************************************************************0000-------084107190600112 --> 4 Sin Modificación
0032M005175  10% KINDER DELICE T.1   00090U0000000000001***************************************************************************0000-------080052463     2 --> 4 Sin Modificación
0032M005179  10% KINDER BUENO T.2    00125U0000000000001***************************************************************************0000-------080052760     2 --> 4 Sin Modificación
0032M005182  10% PETA ZETAS FRESA 7 G00045U0000000000001***************************************************************************0000-------084105760007242 --> 4 Sin Modificación
0032M005185  10% GALLETA CHOCO. PATRU00120U0000000000001***************************************************************************0000-------084365476410932 --> 4 Sin Modificación
0032M005188  21% MINI TOPPER PATRULLA00250U0000000000001***************************************************************************0000-------084365476409421 --> 4 Sin Modificación
0032M005191  10% BROCHETA HALLOWEEN N00130U0000000000001***************************************************************************0000-------084350352172842 --> 4 Sin Modificación
0032M005192  10% CACAHUETE CHEDDAR   00770P0000000000001***************************************************************************0000-------084200630178382 --> 4 Sin Modificación
0032M005193  10% BOLSA DE SANGRE HALL00230U0000000000001***************************************************************************0000-------050228962514532 --> 4 Sin Modificación
0032M005197  21% PLATO MAGIA 12PCS LO00100U0000000000001***************************************************************************0000-------050527140494431 --> 4 Sin Modificación
0032M005198  10% MALTESERS 37 GR.    00100U0000000000001***************************************************************************0000-------050001590203122 --> 4 Sin Modificación
0032M005199  21% PLATOS MONSTRUO 12PC00100U0000000000001***************************************************************************0000-------050527140630431 --> 4 Sin Modificación
0032M005201  21% SERVILLETAS HELADOS 00080U0000000000001***************************************************************************0000-------050527140647051 --> 4 Sin Modificación
0032M005202  21% SERVILLETAS DORADAS 00080U0000000000001***************************************************************************0000-------050527140529311 --> 4 Sin Modificación
0032M005203  21% SERVILLETAS RENO LOV00100U0000000000001***************************************************************************0000-------050527140416761 --> 4 Sin Modificación
0032M005205  10% TOBLERONE 50 GR.    00120U0000000000001***************************************************************************0000-------076145513     2 --> 4 Sin Modificación
0032M005206  21% SERVILLETAS HAPPY BI00080U0000000000001***************************************************************************0000-------050527140660201 --> 4 Sin Modificación
0032M005207  21% PACK SERVILLETAS MON00100U0000000000001***************************************************************************0000-------050527140630671 --> 4 Sin Modificación
0032M005208  21% VASOS MONSTRUO LOVIT00100U0000000000001***************************************************************************0000-------050527140630501 --> 4 Sin Modificación
0032M005209  21% VASOS DORADO LOVIT  00100U0000000000001***************************************************************************0000-------050527140530371 --> 4 Sin Modificación
0032M005210  21% PACK VASOS MAGIA LOV00100U0000000000001***************************************************************************0000-------050527140494501 --> 4 Sin Modificación
0032M005211  21% PAJITAS ORO LOVIT   00150U0000000000001***************************************************************************0000-------050527140523371 --> 4 Sin Modificación
0032M005213  21% PACK PAJITAS ARCOIRI00150U0000000000001***************************************************************************0000-------050527140398191 --> 4 Sin Modificación
0032M005220  10% PATATA CHIC 95G     00110U0000000000001***************************************************************************0000-------084360237702242 --> 4 Sin Modificación
0032M005221  10% RIZZOS BELROS 75 G. 00100U0000000000001***************************************************************************0000-------084360237702312 --> 4 Sin Modificación
0032M005222  10% GUSITOS BELROS 45 G.00100U0000000000001***************************************************************************0000-------084360237702552 --> 4 Sin Modificación
0032M005223  10% COCKTAIL FRITO 80 G.00110U0000000000001***************************************************************************0000-------084360237702622 --> 4 Sin Modificación
0032M005227  10% SUPER ASPITOS 3 BARR00025U0000000000001***************************************************************************0000-------084105730210982 --> 4 Sin Modificación
0032M005229  10% TIC TAC T1 FRESA MIX00110U0000000000001***************************************************************************0000-------080005000040982 --> 4 Sin Modificación
0032M005230  10% TIC TAC T1 FRESA MIX00110U0000000000001***************************************************************************0000-------080005000039612 --> 4 Sin Modificación
0032M005232  21% GLOBOS CON PALITO SU00175U0000000000001***************************************************************************0000-------000266350753501 --> 4 Sin Modificación
0032B005233  21% PIÑATA SILUETA GRAND00590U0000000000001                                                                           0000-------084231383184031 --> 99
0032B005234  21% PIÑATA VIÑATA PEQUEÑ00380U0000000000001                                                                           0000-------084231383019241 --> 99
0032B005235  21% PIÑATA VIÑATA PEQUEÑ00380U0000000000001                                                                           0000-------084231383192021 --> 99
0032B005236  21% PIÑATA VIÑATA PEQUEÑ00380U0000000000001                                                                           0000-------084231382927271 --> 99
0032B005237  21% PIÑATA VIÑATA PEQUEÑ00380U0000000000001                                                                           0000-------084231382927101 --> 99
0032B005238  21% PIÑATA VIÑATA PEQUEÑ00380U0000000000001                                                                           0000-------084231382829641 --> 99
0032B005239  21% PIÑATA VIÑATA PEQUEÑ00380U0000000000001                                                                           0000-------084231383185191 --> 99
0032B005240  21% PIÑATA VIÑATA PEQUEÑ00380U0000000000001                                                                           0000-------084231382829571 --> 99
0032B005241  21% PIÑATA VIÑATA PEQUEÑ00380U0000000000001                                                                           0000-------084231382846611 --> 99
0032B005242  21% PIÑATA VIÑATA PEQUEÑ00380U0000000000001                                                                           0000-------084231383173211 --> 99
0032M005243  21% BOLSA PAPEL ROSA LOV00250U0000000000001***************************************************************************0000-------050527140519101 --> 4 Sin Modificación
0032M005246  10% BOLSA CONO PEQUE.LLE00100U0000000000001***************************************************************************0000-------084360237701492 --> 4 Sin Modificación
0032M005249  21% CAJA PALOMITA ROJA L00300U0000000000001***************************************************************************0000-------050527140259591 --> 4 Sin Modificación
0032M005250  21% BOLSA PAPEL LUNARES 00250U0000000000001***************************************************************************0000-------050527140515831 --> 4 Sin Modificación
0032M005251  21% MINI TARRINAS ROSA L00200U0000000000001***************************************************************************0000-------050527140514391 --> 4 Sin Modificación
0032M005252  21% MINI TARRINAS ARCOIR00200U0000000000001***************************************************************************0000-------050527140515071 --> 4 Sin Modificación
0032M005253  10% PINCHO PETS         00120U0000000000001***************************************************************************0000-------084365476414062 --> 4 Sin Modificación
0032M005254  10% REYES CORONA PACK 3 00450U0000000000001***************************************************************************0000-------084213812514782 --> 4 Sin Modificación
0032M005255  10% TRONKIS 100 GR.     00110U0000000000001***************************************************************************0000-------084360237755572 --> 4 Sin Modificación
0032M005256  10% OREO 66 GR.         00110U0000000000001***************************************************************************0000-------076222103188002 --> 4 Sin Modificación
0032M005258  10% PETA ZETAS FRESA 7 G00045U0000000000001***************************************************************************0000-------084105760020182 --> 4 Sin Modificación
0032M005260  10% MILKA CAKE&CHOC 35 G00060U0000000000001***************************************************************************0000-------076222102713032 --> 4 Sin Modificación
0032M005261  10% VASO RELLENO CENTRAL00130U0000000000001***************************************************************************0000-------084360237701182 --> 4 Sin Modificación
0032M005263  10% OREO GOLDEN 66 GR   00110U0000000000001***************************************************************************0000-------076222104800022 --> 4 Sin Modificación
0032M005269  10% TOBLERONE NEGRO 360 00695U0000000000001***************************************************************************0000-------076222104966072 --> 4 Sin Modificación
0032M005272  10% MARS SINGLE 51 GR.  00100U0000000000001***************************************************************************0000-------050001590269322 --> 4 Sin Modificación
0032M005273  10% MIKADO KING CHOCO LE00200U0000000000001***************************************************************************0000-------076222109896732 --> 4 Sin Modificación
0032M005278  21% GLOBOS CON PALITO SU00175U0000000000001***************************************************************************0000-------000266350772791 --> 4 Sin Modificación
0032M005284  10% MIKADO KING CHOCO NE00200U0000000000001***************************************************************************0000-------076222109897032 --> 4 Sin Modificación
0032M005285  10% KINDER HIPPO        00080U0000000000001***************************************************************************0000-------080052456     2 --> 4 Sin Modificación
0032M005286  10% TUC CHEESE 100 GR. L00160U0000000000001***************************************************************************0000-------076223005713512 --> 4 Sin Modificación
0032M005292  10% TUC BREAK 31 GR. LOV00090U0000000000001***************************************************************************0000-------076222103945902 --> 4 Sin Modificación
0032M005293  10% REGALIZ PEPE PANDA 300050U0000000000001***************************************************************************0000-------064125000700032 --> 4 Sin Modificación
0032M005297  10% DORITOS TEX MEX 40 G00045U0000000000001***************************************************************************0000-------084101990080842 --> 4 Sin Modificación
0032M005298  10% LAYS SAL 30 GR HARRY00045U0000000000001***************************************************************************0000-------084101990081142 --> 4 Sin Modificación
0032M005300  10% BIT SOUER CREAM 33 G00035U0000000000001***************************************************************************0000-------084101990123572 --> 4 Sin Modificación
0032B005303  10% BIFRUTAS 33CL TROPIC00100U0000000000001                                                                           0000-------084101281685062 --> 99
0032M005307  10% TP 1 MELOCOTON      00650U0000000000001***************************************************************************0000-------084360237762262 --> 4 Sin Modificación
0032M005310  10% TP 2 CORAZONES      00770U0000000000001***************************************************************************0000-------084360237762332 --> 4 Sin Modificación
0032M005313  10% MINIBOLLYCAO CLASICO00130U0000000000001***************************************************************************0000-------084100220108882 --> 4 Sin Modificación
0032M005319  10% PALOMETAS BELROS 85 00100U0000000000001***************************************************************************0000-------084360237703852 --> 4 Sin Modificación
0032M005320  10% TP 3 MARGARITA      00650U0000000000001***************************************************************************0000-------084360237762402 --> 4 Sin Modificación
0032M005321  10% TP 4 PURPURINA      00670U0000000000001***************************************************************************0000-------084360237762572 --> 4 Sin Modificación
0032M005322  10% TP 5 PLATANOS       00670U0000000000001***************************************************************************0000-------084360237762642 --> 4 Sin Modificación
0032M005323  10% TP 6 CEREZAS        00785U0000000000001***************************************************************************0000-------084360237762712 --> 4 Sin Modificación
0032M005324  10% TP 7 AZUL           00770U0000000000001***************************************************************************0000-------084360237762882 --> 4 Sin Modificación
0032M005325  10% TP 8 CHISPA COLA    00670U0000000000001***************************************************************************0000-------084360237762952 --> 4 Sin Modificación
0032M005330  10% TP 9 FRESAS SILVESTR00550U0000000000001***************************************************************************0000-------084360237763012 --> 4 Sin Modificación
0032M005333  10% TP 10 MULTICOLOR    00670U0000000000001***************************************************************************0000-------084360237763182 --> 4 Sin Modificación
0032M005336  10% TP 12 DEDOS BRILLO  00650U0000000000001***************************************************************************0000-------084360237763252 --> 4 Sin Modificación
0032M005338  21% VELA CUMPLEAÑOS Nº 000140U0000000000001***************************************************************************0000-------084360237704841 --> 4 Sin Modificación
0032M005341  10% TP 13 PARCHIS       00785U0000000000001***************************************************************************0000-------084360237763322 --> 4 Sin Modificación
0032M005343  10% TP 14 PICA FRESAS   00720U0000000000001***************************************************************************0000-------084360237763492 --> 4 Sin Modificación
0032M005344  10% PIPONAZO ORIGINAL 1000120U0000000000001***************************************************************************0000-------084131640023082 --> 4 Sin Modificación
0032M005346  10% TP 15 ROJA Y VERDE  00720U0000000000001***************************************************************************0000-------084360237763562 --> 4 Sin Modificación
0032M005348  10% TG 1 COCA COLA Y FRE01575U0000000000001***************************************************************************0000-------084360237763632 --> 4 Sin Modificación
0032M005351  10% TG 2 FLOR MELOCOTON 01295U0000000000001***************************************************************************0000-------084360237763702 --> 4 Sin Modificación
0032M005353  10% TG 3 MOMIAS         01695U0000000000001***************************************************************************0000-------084360237763872 --> 4 Sin Modificación
0032M005354  10% TG 4 FLOR HUEVO     01575U0000000000001***************************************************************************0000-------084360237763942 --> 4 Sin Modificación
0032M005355  10% TG 5 TRICORAZON TWIS01575U0000000000001***************************************************************************0000-------084360237764002 --> 4 Sin Modificación
0032M005357  10% TG 6 MANZANAS Y CORA01495U0000000000001***************************************************************************0000-------084360237764172 --> 4 Sin Modificación
0032M005359  10% TG 7 CEPILLO DE DIEN01295U0000000000001***************************************************************************0000-------084360237764242 --> 4 Sin Modificación
0032M005360  10% TG 8 DOS PISOS      01695U0000000000001***************************************************************************0000-------084360237764312 --> 4 Sin Modificación
0032M005361  10% TG 9 PLATANOS MASMEL01495U0000000000001***************************************************************************0000-------084360237764482 --> 4 Sin Modificación
0032M005362  21% GLOBOS CON PALITO SU00175U0000000000001***************************************************************************0000-------000266350772621 --> 4 Sin Modificación
0032M005363  21% GLOBOS CON PALITO SU00175U0000000000001***************************************************************************0000-------000805180923601 --> 4 Sin Modificación
0032M005364  21% POMPAS PATRULLA CANI00080U0000000000001***************************************************************************0000-------080073154100211 --> 4 Sin Modificación
0032M005366  10% TG 10 ARCOIRIS      01575U0000000000001***************************************************************************0000-------084360237764552 --> 4 Sin Modificación
0032M005368  10% DORITOS TEX MEX 40 G00045U0000000000001***************************************************************************0000-------084101990122652 --> 4 Sin Modificación
0032M005371  10% LAYS SAL 30 GR HARRY00045U0000000000001***************************************************************************0000-------084101990055882 --> 4 Sin Modificación
0032M005373  21% VELA CUMPLEAÑOS Nº 100140U0000000000001***************************************************************************0000-------084360237703921 --> 4 Sin Modificación
0032M005374  21% VELA CUMPLEAÑOS Nº 200140U0000000000001***************************************************************************0000-------084360237704081 --> 4 Sin Modificación
0032M005375  21% VELA CUMPLEAÑOS Nº 300140U0000000000001***************************************************************************0000-------084360237704151 --> 4 Sin Modificación
0032M005376  21% VELA CUMPLEAÑOS Nº 400140U0000000000001***************************************************************************0000-------084360237704221 --> 4 Sin Modificación
0032M005377  21% VELA CUMPLEAÑOS Nº 500140U0000000000001***************************************************************************0000-------084360237704391 --> 4 Sin Modificación
0032M005378  21% VELA CUMPLEAÑOS Nº 600140U0000000000001***************************************************************************0000-------084360237704461 --> 4 Sin Modificación
0032M005379  21% VELA CUMPLEAÑOS Nº 700140U0000000000001***************************************************************************0000-------084360237704531 --> 4 Sin Modificación
0032M005380  21% VELA CUMPLEAÑOS Nº 800140U0000000000001***************************************************************************0000-------084360237704601 --> 4 Sin Modificación
0032M005381  21% VELA CUMPLEAÑOS Nº 900140U0000000000001***************************************************************************0000-------084360237704771 --> 4 Sin Modificación
0032M005395  10% HALLS FRESA MENTOLAD00120U0000000000001***************************************************************************0000-------056093438     2 --> 4 Sin Modificación
0032B005400  10% AQUARIUS PET.500    00160U0000000000001                                                                           0000-------054490802     2 --> 99
0032M005404  10% CANTIMPLORAS ZUMROK 00040U0000000000001***************************************************************************0000-------084129570090052 --> 4 Sin Modificación
0032M005405  10% ARROZ INFLADO 23 GR 00040U0000000000001***************************************************************************0000-------084112060043652 --> 4 Sin Modificación
0032M005407  10% PIPONAZO ORIGINAL 1000120U0000000000001***************************************************************************0000-------084131640059102 --> 4 Sin Modificación
0032B005409  10% TRIDENT MENTA FRESH 00080U0000000000001                                                                           0000-------084164445     2 --> 99
0032B005410  10% PETA ZETAS DIPS TATT00070U0000000000001                                                                           0000-------084101998350172 --> 99
0032M005425  10% DONUTS 2 GLACE      00130U0000000000001***************************************************************************0000-------084100220130942 --> 4 Sin Modificación
0032M005426  10% PRINCIPE SAND. CHOCO00100U0000000000001***************************************************************************0000-------084101801019092 --> 4 Sin Modificación
0032M005441  10% KIKOS MISTER CORN 6000060U0000000000001***************************************************************************0000-------084131640016842 --> 4 Sin Modificación
0032M005448  10% MENTOS STICK FRUTAS 00080U0000000000001***************************************************************************0000-------087108026     2 --> 4 Sin Modificación
0032B005451  10% MALTESERS BLANCOS 3500095U0000000000001                                                                           0000-------050001593466102 --> 99
0032M005454  10% FRUIT MIX CHOCOLATES00250U0000000000001***************************************************************************0000-------087112990154092 --> 4 Sin Modificación
0032M005456  10% BOLSITO LLAVERO LLEN00110U0000000000001***************************************************************************0000-------084360237709652 --> 4 Sin Modificación
0032B005457  10% MONEDERO ASA CORTA L00100U0000000000001                                                                           0000-------084360237709582 --> 99
0032M005458  10% BITS TWISTIES 48G   00040U0000000000001***************************************************************************0000-------084101990202392 --> 4 Sin Modificación
0032B005465  10% TRIDENT FRUIT FRESA 00080U0000000000001                                                                           0000-------084164872     2 --> 99
0032B005466  10% FRESQUITO HELADO FRE00050U0000000000001                                                                           0000-------084114023500372 --> 99
0032M005467  10% ROCAS PIST.CHOC.ARAN00250U0000000000001***************************************************************************0000-------087112990151262 --> 4 Sin Modificación
0032M005479  21% CAMION MASCOTAS LLEN00250U0000000000001***************************************************************************0000-------084360237707121 --> 4 Sin Modificación
0032M005480  21% VASO CANTIMPLORA LLE00260U0000000000001***************************************************************************0000-------084360237707811 --> 4 Sin Modificación
0032M005482  10% MENTOS STICK MENTA  00080U0000000000001***************************************************************************0000-------087108019     2 --> 4 Sin Modificación
0032B005484  10% REGALIZ PEPE FRESA 300050U0000000000001                                                                           0000-------064125000705222 --> 99
0032M005485  10% M-JOY ALMENDRAS 55G.00110U0000000000001***************************************************************************0000-------085810405222472 --> 4 Sin Modificación
0032B005486  10% M-JOY AVELLANAS 55 G00110U0000000000001                                                                           0000-------085810405220942 --> 99
0032B005486  10% M-JOY AVELLANAS 55 G00110U0000000000001                                                                           0000-------085810405222162 --> 99
0032B005487  10% M-JOY LECHE 55G.    00110U0000000000001                                                                           0000-------085810405222302 --> 99
0032M005491  10% KINDER BUENO T.2    00125U0000000000001***************************************************************************0000-------080052760     2 --> 4 Sin Modificación
0032M005493  10% KINDER DELICE T.1   00090U0000000000001***************************************************************************0000-------080052463     2 --> 4 Sin Modificación
0032M005494  10% ROCAS MACAD.CHOC.NAR00250U0000000000001***************************************************************************0000-------087112990151952 --> 4 Sin Modificación
0032M005495  10% ROCHER T. 3X16 LOVIT00160U0000000000001***************************************************************************0000-------080050278     2 --> 4 Sin Modificación
0032B005496  10% MILKA LUFLEE 38G    00080U0000000000001                                                                           0000-------076224000065622 --> 99
0032M005497  10% MAXIROLL BOOMER FRES00180U0000000000001***************************************************************************0000-------040099003970012 --> 4 Sin Modificación
0032M005499  10% ROCAS NUEZ CHOCO COC00250U0000000000001***************************************************************************0000-------087112990150582 --> 4 Sin Modificación
0032M005500  10% ARANDANOS CHOCO NEGR00250U0000000000001***************************************************************************0000-------087112990139172 --> 4 Sin Modificación
0032M005502  10% BOLSA DE REGALIZ ORG00140U0000000000001***************************************************************************0000-------016420295004622 --> 4 Sin Modificación
0032M005503  10% BOLSA DE REGALIZ CHO00140U0000000000001***************************************************************************0000-------016420295004612 --> 4 Sin Modificación
0032M005519  10% BOLSA DE REGALIZ FRE00140U0000000000001***************************************************************************0000-------016420295004602 --> 4 Sin Modificación
0032M005521  10% TUBO LLAVERO TROLL  00150U0000000000001***************************************************************************0000-------084365494899522 --> 4 Sin Modificación
0032M005523  10% MIKADO CHOCO LECHE 300100U0000000000001***************************************************************************0000-------030177600027902 --> 4 Sin Modificación
0032M005525  10% TIC TAC T1 MENTA    00110U0000000000001***************************************************************************0000-------080052043     2 --> 4 Sin Modificación
0032M005526  10% TIC TAC T1 CHERRY PA00110U0000000000001***************************************************************************0000-------080050223     2 --> 4 Sin Modificación
0032M005528  10% PATATAS TYRRELLS VEG00140U0000000000001***************************************************************************0000-------050600426407822 --> 4 Sin Modificación
0032M005539  10% M&M'S CACAHUETE SING00100U0000000000001***************************************************************************0000-------040111445     2 --> 4 Sin Modificación
0032M005559  10% PATATAS TYRRELLS VIN00140U0000000000001***************************************************************************0000-------050600426406902 --> 4 Sin Modificación
0032M005560  10% KINDER BUENO T.2    00125U0000000000001***************************************************************************0000-------080005000375602 --> 4 Sin Modificación
0032B005562  10% CAJITA ESTRELLA LLEN00250U0000000000001                                                                           0000-------084360237708422 --> 99
0032M005563  10% TUBO SACAPUNTAS LLEN00110U0000000000001***************************************************************************0000-------084360237709892 --> 4 Sin Modificación
0032M005566  10% ORBIT WHITE MENTA GR00080U0000000000001***************************************************************************0000-------042306733     2 --> 4 Sin Modificación
0032M005567  21% HUCHA BOLA SURTIDA (00270U0000000000001***************************************************************************0000-------084360237764861 --> 4 Sin Modificación
0032M005571  21% NOTAS FLECHA LOVIT  00100U0000000000001***************************************************************************0000-------050600430659281 --> 4 Sin Modificación
0032M005572  21% NOTAS CORAZON LOVIT 00200U0000000000001***************************************************************************0000-------050600430650101 --> 4 Sin Modificación
0032M005574  21% NOTAS ELEFANTES LOVI00100U0000000000001***************************************************************************0000-------050600430648461 --> 4 Sin Modificación
0032M005575  21% NOTAS PATO LOVIT    00100U0000000000001***************************************************************************0000-------050600430649071 --> 4 Sin Modificación
0032M005576  10% KINDER CHOCOLATE T.400135U0000000000001***************************************************************************0000-------080005000616262 --> 4 Sin Modificación
0032M005577  10% CHUPETE CARAMELO ANI00080U0000000000001***************************************************************************0000-------084218530200072 --> 4 Sin Modificación
0032B005579  21% NOTAS ORIGAMI LOVIT 00000U0000000000001                                                                           0000-------050600430610671 --> 99
0032B005580  21% CACTUS CHINCHETAS LO00000U0000000000001                                                                           0000-------050600430672051 --> 99
0032M005582  21% FIAMBRERA ROBOT LOVI00600U0000000000001***************************************************************************0000-------050600430650721 --> 4 Sin Modificación
0032M005587  10% SUPER BABY BOTTLE   00070U0000000000001***************************************************************************0000-------048950605111172 --> 4 Sin Modificación
0032B005588  10% PIRULETA NUBE CARS  00140U0000000000001                                                                           0000-------084350351770142 --> 99
0032M005593  10% PALOTES             00015U0000000000001***************************************************************************0000-------084115812     2 --> 4 Sin Modificación
0032M005595  10% ARROZ INFLADO 10 GR 00020U0000000000001***************************************************************************0000-------084112060009302 --> 4 Sin Modificación
0032B005596  21% PIÑATA VIÑATA PEQUEÑ00380U0000000000001                                                                           0000-------084231383215191 --> 99
0032B005598  21% PELUCHE CON MARCO LL00300U0000000000001                                                                           0000-------084360237706681 --> 99
0032B005599  21% PELUCHE CON MARCO LL00300U0000000000001                                                                           0000-------084360237706511 --> 99
0032M005603  10% PALOTES COLA        00015U0000000000001***************************************************************************0000-------084115881     2 --> 4 Sin Modificación
0032M005604  10% PIRULETA ARTESANA PE00080U0000000000001***************************************************************************0000-------084120641032382 --> 4 Sin Modificación
0032B005608  21% PELUCHE PERRO MASCOT00250U0000000000001                                                                           0000-------084360237709101 --> 99
0032M005609  21% PELUCHE ROS SURTIDO 00150U0000000000001***************************************************************************0000-------084360237708801 --> 4 Sin Modificación
0032B005610  21% PELUCHE BEL SURTIDO 00250U0000000000001                                                                           0000-------084360237708591 --> 99
0032M005614  10% MONEDERO CIERRE META00110U0000000000001***************************************************************************0000-------084360237707292 --> 4 Sin Modificación
0032M005615  10% COCA-COLA PET.500   00150U0000000000001***************************************************************************0000-------031747800003632 --> 4 Sin Modificación
0032M005619  10% MACADAMIA CHOCO-LECH00250U0000000000001***************************************************************************0000-------087112990156832 --> 4 Sin Modificación
0032M005621  21% TARRO CRISTAL LOVIT 00200U0000000000001***************************************************************************0000-------084353751294211 --> 4 Sin Modificación
0032M005629  21% HUCHA CALAVERA LOVIT00600U0000000000001***************************************************************************0000-------084353751126831 --> 4 Sin Modificación
0032M005630  10% MINI DONUTS PACK 2  00110U0000000000001***************************************************************************0000-------084100221058122 --> 4 Sin Modificación
0032M005632  10% TRIDENT SPLASH LIMÓN00080U0000000000001***************************************************************************0000-------084164650     2 --> 4 Sin Modificación
0032M005634  21% MUELLE MAGICO (59/1900250U0000000000001***************************************************************************0000-------035618697162131 --> 4 Sin Modificación
0032M005636  10% MELODY POPS FRESA   00050U0000000000001***************************************************************************0000-------084152985     2 --> 4 Sin Modificación
0032B005639  21% G. HELIO CARS BIRTHD00380U0000000000001                                                                           0000-------000805181296531 --> 99
0032M005640  21% G. H. MICKEY & PLUTO00380U0000000000001***************************************************************************0000-------000266350829831 --> 4 Sin Modificación
0032B005644  21% G. FORMAS DISNEY CAR00480U0000000000001                                                                           0000-------000805181296841 --> 99
0032M005647  10% PEZ BLISTER LICENCIA00150U0000000000001***************************************************************************0000-------090444008480092 --> 4 Sin Modificación
0032M005665  21% COCHE F-1 BELROS LLE00210U0000000000001***************************************************************************0000-------084360237707981 --> 4 Sin Modificación
0032M005666  10% BOLSA GRAND.CONO LLE00200U0000000000001***************************************************************************0000-------084360237703472 --> 4 Sin Modificación
0032M005669  10% MONEDERO CON COLGANT00110U0000000000001***************************************************************************0000-------084360237711602 --> 4 Sin Modificación
0032M005676  10% COCA-COLA ZERO LATA 00120U0000000000001***************************************************************************0000-------054490001318052 --> 4 Sin Modificación
0032M005678  10% COCA-COLA ZERO PET.500150U0000000000001***************************************************************************0000-------054490001318362 --> 4 Sin Modificación
0032M005684  10% KINDER CHOCOLATE MAX00050U0000000000001***************************************************************************0000-------040084077     2 --> 4 Sin Modificación
0032M005688  10% SANTA CLAUS CON CAMP00320U0000000000001***************************************************************************0000-------054250010142242 --> 4 Sin Modificación
0032M005689  21% TIJERAS CON FILO (CM00100U0000000000001***************************************************************************0000-------035618633221991 --> 4 Sin Modificación
0032B005691  21% PELUCHE CON MARCO LL00300U0000000000001                                                                           0000-------084360237711461 --> 99
0032B005692  21% PELUCHE CON MARCO LL00300U0000000000001                                                                           0000-------084360237711531 --> 99
0032M005694  21% SCRAP ACCESORIOS LOV00200U0000000000001***************************************************************************0000-------035618633221511 --> 4 Sin Modificación
0032B005696  10% BOTA PEQUEÑA RELLENA00210U0000000000001                                                                           0000-------084360237709032 --> 99
0032M005699  10% MENTOS STICK FRESA M00080U0000000000001***************************************************************************0000-------087108538     2 --> 4 Sin Modificación
0032M005701  21% HUCHA LATA CHICA LLE00250U0000000000001***************************************************************************0000-------084360237710851 --> 4 Sin Modificación
0032B005702  10% MONEDERO REDONDO LAT00100U0000000000001                                                                           0000-------084360237710782 --> 99
0032M005707  21% MALETIN GRANDE LLENO00310U0000000000001***************************************************************************0000-------084360237711081 --> 4 Sin Modificación
0032M005710  10% TRIDENT CLOROFILA LÁ00080U0000000000001***************************************************************************0000-------056092646     2 --> 4 Sin Modificación
0032M005711  10% MELODY POPS FRESA   00050U0000000000001***************************************************************************0000-------084196842     2 --> 4 Sin Modificación
0032M005715  10% MAXI BURGUER 50G    00100U0000000000001***************************************************************************0000-------004003084011112 --> 4 Sin Modificación
0032M005716  10% KINDER DELICE T.1   00090U0000000000001***************************************************************************0000-------080005000602302 --> 4 Sin Modificación
0032M005717  10% TIC TAC T1 CHERRY PA00110U0000000000001***************************************************************************0000-------080050025     2 --> 4 Sin Modificación
0032M005719  10% MALETIN PEQUEÑO LLEN00200U0000000000001***************************************************************************0000-------084360237710922 --> 4 Sin Modificación
0032B005721  10% M-JOY AVELLANAS 55 G00110U0000000000001                                                                           0000-------085810405222162 --> 99
0032M005722  10% HALLS EUCALIPTO MENT00120U0000000000001***************************************************************************0000-------084164209     2 --> 4 Sin Modificación
0032M005723  10% KINDER CHOCOLATE T.400135U0000000000001***************************************************************************0000-------080177609     2 --> 4 Sin Modificación
0032M005724  10% CHOCOLATINA LOVE BAR00150U0000000000001***************************************************************************0000-------054250010147982 --> 4 Sin Modificación
0032B005731  10% AQUARIUS PET.500    00160U0000000000001                                                                           0000-------050112784     2 --> 99
0032M005732  10% PIRULETA CORAZON BEL00030U0000000000001***************************************************************************0000-------084234670066512 --> 4 Sin Modificación
0032M005733  10% PIRULETA CONEJO CHOC00140U0000000000001***************************************************************************0000-------054250010151842 --> 4 Sin Modificación
0032M005739  10% MINUTE MAID 275 PET 00160U0000000000001***************************************************************************0000-------090494024     2 --> 4 Sin Modificación
0032B005740  10% POLLITO 75G CON BOLS00360U0000000000001                                                                           0000-------054250010164882 --> 99
0032M005742  21% POMPAS SPIDERMAN    00080U0000000000001***************************************************************************0000-------080073154990021 --> 4 Sin Modificación
0032M005744  10% KIT KAT CHOC. BLANCO00100U0000000000001***************************************************************************0000-------040057750     2 --> 4 Sin Modificación
0032B005746  10% TRIDENT SPLASH MENTA00080U0000000000001                                                                           0000-------084164735     2 --> 99
0032M005751  21% PELUCHE MONO        00150U0000000000001***************************************************************************0000-------084360237708041 --> 4 Sin Modificación
0032M005759  10% PEZ RECARGA FRUTAS 100020U0000000000001***************************************************************************0000-------090444470     2 --> 4 Sin Modificación
0032B005764  21% PIÑATA SILUETA GRAND00590U0000000000001                                                                           0000-------084231383018561 --> 99
0032B005765  21% PIÑATA SILUETA GRAND00590U0000000000001                                                                           0000-------084231385040421 --> 99
0032B005766  21% PIÑATA SILUETA GRAND00590U0000000000001                                                                           0000-------084231385033591 --> 99
0032B005767  21% PIÑATA SILUETA GRAND00590U0000000000001                                                                           0000-------084231383203141 --> 99
0032B005768  21% PIÑATA SILUETA GRAND00590U0000000000001                                                                           0000-------084231385033661 --> 99
0032B005769  21% PIÑATA SILUETA GRAND00590U0000000000001                                                                           0000-------084231383021121 --> 99
0032B005770  21% PIÑATA SILUETA GRAND00590U0000000000001                                                                           0000-------084231383021291 --> 99
0032B005771  21% PIÑATA SILUETA GRAND00590U0000000000001                                                                           0000-------084231383021361 --> 99
0032B005772  21% PIÑATA SILUETA GRAND00590U0000000000001                                                                           0000-------084231383203211 --> 99
0032B005773  21% PIÑATA SILUETA GRAND00590U0000000000001                                                                           0000-------084231382821311 --> 99
0032B005774  21% PIÑATA SILUETA GRAND00590U0000000000001                                                                           0000-------084231382821481 --> 99
0032B005775  21% PIÑATA SILUETA GRAND00590U0000000000001                                                                           0000-------084231382832511 --> 99
0032B005776  21% PIÑATA SILUETA GRAND00590U0000000000001                                                                           0000-------084231385041481 --> 99
0032B005777  21% PIÑATA SILUETA GRAND00590U0000000000001                                                                           0000-------084231385032811 --> 99
0032B005778  21% PIÑATA SILUETA GRAND00590U0000000000001                                                                           0000-------084231385033731 --> 99
0032B005779  21% PIÑATA SILUETA GRAND00590U0000000000001                                                                           0000-------084231385026281 --> 99
0032B005780  21% PIÑATA SILUETA GRAND00590U0000000000001                                                                           0000-------084231385026351 --> 99
0032B005781  21% PIÑATA SILUETA GRAND00590U0000000000001                                                                           0000-------084231382821171 --> 99
0032B005782  21% PIÑATA SILUETA GRAND00590U0000000000001                                                                           0000-------084231382821241 --> 99
0032B005783  21% PIÑATA SILUETA GRAND00590U0000000000001                                                                           0000-------084231383018181 --> 99
0032B005784  21% PIÑATA SILUETA GRAND00590U0000000000001                                                                           0000-------084231383018251 --> 99
0032B005785  21% PIÑATA SILUETA GRAND00590U0000000000001                                                                           0000-------084231383031021 --> 99
0032B005786  21% PIÑATA SILUETA GRAND00590U0000000000001                                                                           0000-------084231383018491 --> 99
0032B005787  21% PIÑATA SILUETA GRAND00590U0000000000001                                                                           0000-------084231385029701 --> 99
0032B005788  21% PIÑATA SILUETA GRAND00590U0000000000001                                                                           0000-------084231383021431 --> 99
0032B005789  21% PIÑATA SILUETA GRAND00590U0000000000001                                                                           0000-------084231385029631 --> 99
0032B005790  21% PIÑATA SILUETA GRAND00590U0000000000001                                                                           0000-------084231383225231 --> 99
0032B005791  21% PIÑATA SILUETA GRAND00590U0000000000001                                                                           0000-------084231383225161 --> 99
0032B005792  21% PIÑATA SILUETA GRAND00590U0000000000001                                                                           0000-------084231383214271 --> 99
0032B005793  21% PIÑATA SILUETA GRAND00590U0000000000001                                                                           0000-------084231385033801 --> 99
0032B005794  21% PIÑATA SILUETA GRAND00590U0000000000001                                                                           0000-------084231382926111 --> 99
0032B005795  21% PIÑATA SILUETA GRAND00590U0000000000001                                                                           0000-------084231382926281 --> 99
0032B005796  21% PIÑATA VIÑATA PEQUEÑ00380U0000000000001                                                                           0000-------084231382829951 --> 99
0032B005797  21% PIÑATA VIÑATA PEQUEÑ00380U0000000000001                                                                           0000-------084231385029871 --> 99
0032B005798  21% PIÑATA VIÑATA PEQUEÑ00380U0000000000001                                                                           0000-------084231383019171 --> 99
0032B005799  21% PIÑATA VIÑATA PEQUEÑ00380U0000000000001                                                                           0000-------084231383204131 --> 99
0032B005800  21% PIÑATA VIÑATA PEQUEÑ00380U0000000000001                                                                           0000-------084231383019241 --> 99
0032B005801  21% PIÑATA VIÑATA PEQUEÑ00380U0000000000001                                                                           0000-------084231382829711 --> 99
0032B005802  21% PIÑATA VIÑATA PEQUEÑ00380U0000000000001                                                                           0000-------084231382846781 --> 99
0032B005803  21% PIÑATA VIÑATA PEQUEÑ00380U0000000000001                                                                           0000-------084231382927271 --> 99
0032B005804  21% PIÑATA VIÑATA PEQUEÑ00380U0000000000001                                                                           0000-------084231383226531 --> 99
0032B005805  21% PIÑATA VIÑATA PEQUEÑ00380U0000000000001                                                                           0000-------084231385026661 --> 99
0032B005806  21% PIÑATA VIÑATA PEQUEÑ00380U0000000000001                                                                           0000-------084231382859571 --> 99
0032B005807  21% PIÑATA VIÑATA PEQUEÑ00380U0000000000001                                                                           0000-------084231382832681 --> 99
0032B005808  21% PIÑATA VIÑATA PEQUEÑ00380U0000000000001                                                                           0000-------084231385041581 --> 99
0032B005809  21% PIÑATA VIÑATA PEQUEÑ00380U0000000000001                                                                           0000-------084231383019311 --> 99
0032B005810  21% PIÑATA VIÑATA PEQUEÑ00380U0000000000001                                                                           0000-------084231383019481 --> 99
0032B005811  21% PIÑATA VIÑATA PEQUEÑ00380U0000000000001                                                                           0000-------084231383031191 --> 99
0032B005812  21% PIÑATA VIÑATA PEQUEÑ00380U0000000000001                                                                           0000-------084231385029941 --> 99
0032B005813  21% PIÑATA VIÑATA PEQUEÑ00380U0000000000001                                                                           0000-------084231383215261 --> 99
0032B005814  21% PIÑATA VIÑATA PEQUEÑ00380U0000000000001                                                                           0000-------084231383226151 --> 99
0032B005815  21% PIÑATA VIÑATA PEQUEÑ00380U0000000000001                                                                           0000-------084231383226221 --> 99
0032B005816  21% PIÑATA VIÑATA PEQUEÑ00380U0000000000001                                                                           0000-------084231382829641 --> 99
0032B005817  21% PIÑATA VIÑATA PEQUEÑ00380U0000000000001                                                                           0000-------084231385040591 --> 99
0032B005818  21% PIÑATA VIÑATA PEQUEÑ00380U0000000000001                                                                           0000-------084231382846921 --> 99
0032B005819  21% PIÑATA VIÑATA PEQUEÑ00380U0000000000001                                                                           0000-------084231385052231 --> 99
0032B005820  21% PIÑATA VIÑATA PEQUEÑ00380U0000000000001                                                                           0000-------084231382927101 --> 99
0032B005821  21% PIÑATA VIÑATA PEQUEÑ00380U0000000000001                                                                           0000-------084231383204201 --> 99
0032B005822  21% PIÑATA VIÑATA PEQUEÑ00380U0000000000001                                                                           0000-------084231383215191 --> 99
0032M005825  10% AGUA AQUABONA 50CL  00100U0000000000001***************************************************************************0000-------054490001210592 --> 4 Sin Modificación
0032M005826  10% AGUA AQUABONA 1,5L  00150U0000000000001***************************************************************************0000-------054490001207312 --> 4 Sin Modificación
0032M005829  21% VELA FELIZ CUMPLEAÑO00250U0000000000001***************************************************************************0000-------084360237714431 --> 4 Sin Modificación
0032M005831  10% CAJA ROJA 70G       00150U0000000000001***************************************************************************0000-------076130315014032 --> 4 Sin Modificación
0032M005834  10% MIKADO CHOCO LECHE 300100U0000000000001***************************************************************************0000-------030177606282972 --> 4 Sin Modificación
0032M005835  10% CALABAZA GRANDE LLEN00250U0000000000001***************************************************************************0000-------084360237707362 --> 4 Sin Modificación
0032M005837  10% BOLSITO CALABAZA REL00100U0000000000001***************************************************************************0000-------084360237714502 --> 4 Sin Modificación
0032B005841  10% M-JOY LECHE 55G.    00110U0000000000001                                                                           0000-------076223000511432 --> 99
0032M005842  10% GUSANITOS PEQ. 7 GR.00020U0000000000001***************************************************************************0000-------084112060051952 --> 4 Sin Modificación
0032M005846  10% NOCILLA STICKS 1 CRE00070U0000000000001***************************************************************************0000-------084100148563332 --> 4 Sin Modificación
0032M005847  10% BOTA MUERDAGO RELLEN00350U0000000000001***************************************************************************0000-------084360237707432 --> 4 Sin Modificación
0032B005848  10% CABEZA PAPA NOEL REL00200U0000000000001                                                                           0000-------084360237714672 --> 99
0032B005849  10% CABEZA MUÑECO DE NIE00200U0000000000001                                                                           0000-------084360237714742 --> 99
0032M005850  10% CAMELLO RELLENO CENT00250U0000000000001***************************************************************************0000-------084360237708352 --> 4 Sin Modificación
0032M005854  10% PIRULETA SANTA CLAUS00100U0000000000001***************************************************************************0000-------054250010141182 --> 4 Sin Modificación
0032M005857  10% BUBBALOO XL (TUTTI F00080U0000000000001***************************************************************************0000-------077021332474082 --> 4 Sin Modificación
0032M005858  10% HALLS VITA C FRESA S00120U0000000000001***************************************************************************0000-------084164766     2 --> 4 Sin Modificación
0032B005859  10% PEZ BLISTER DISNEY  00150U0000000000001                                                                           0000-------090444008480092 --> 99
0032M005862  10% KIT KAT CHOCOLATE NE00100U0000000000001***************************************************************************0000-------040057767     2 --> 4 Sin Modificación
0032M005863  10% PIRULETA FUTBOL (30G00140U0000000000001***************************************************************************0000-------054250010150162 --> 4 Sin Modificación
0032M005865  10% CHICLERA INFANTIL RE00050U0000000000001***************************************************************************0000-------084360237711222 --> 4 Sin Modificación
0032M005870  10% TRIDENT SENSES MENTA00150U0000000000001***************************************************************************0000-------052017070     2 --> 4 Sin Modificación
0032M005871  10% TRIDENT SENSES HIERB00150U0000000000001***************************************************************************0000-------052017063     2 --> 4 Sin Modificación
0032M005872  10% TRIDENT SENSES TROPI00150U0000000000001***************************************************************************0000-------052017087     2 --> 4 Sin Modificación
0032M005873  10% PIRULETA CORAZON LOV00150U0000000000001***************************************************************************0000-------054250010147362 --> 4 Sin Modificación
0032M005874  10% PIRULETA OSO LOVE RO00150U0000000000001***************************************************************************0000-------054250010102882 --> 4 Sin Modificación
0032M005876  10% KIT KAT             00100U0000000000001***************************************************************************0000-------040114606     2 --> 4 Sin Modificación
0032M005879  10% PIRULETA POLLITO (CH00100U0000000000001***************************************************************************0000-------054250010104002 --> 4 Sin Modificación
0032M005885  10% HUEVO PASCUA DECORAD00150U0000000000001***************************************************************************0000-------040008200092102 --> 4 Sin Modificación
0032M005886  21% TAZA SURTIDA LLENA C00200U0000000000001***************************************************************************0000-------084360237715041 --> 4 Sin Modificación
0032M005887  10% M-JOY ALMENDRAS 55G.00110U0000000000001***************************************************************************0000-------076223000510132 --> 4 Sin Modificación
0032B005890  10% M-JOY AVELLANAS 55 G00110U0000000000001                                                                           0000-------076223000511292 --> 99
0032B005891  21% PIÑATA VIÑATA PEQUEÑ00380U0000000000001                                                                           0000-------084231385026591 --> 99
0032B005894  10% TAZAS SURTIDAS RELLE00370U0000000000001                                                                           0000-------084360237715112 --> 99
0032B005895  10% TAZAS SURTIDAS RELLE00370U0000000000001                                                                           0000-------084360237715282 --> 99
0032B005896  10% TAZAS SURTIDAS RELLE00370U0000000000001                                                                           0000-------084360237715352 --> 99
0032M005897  21% GLOBOS CON PALITO SU00175U0000000000001***************************************************************************0000-------000266350635551 --> 4 Sin Modificación
0032M005900  10% ROSA GOMINOLA       00125U0000000000001***************************************************************************0000-------084370051979612 --> 4 Sin Modificación
0032M005903  10% PALOTES SANDIA      00015U0000000000001***************************************************************************0000-------084115928     2 --> 4 Sin Modificación
0032B005905  10% DIPPER MAXI SANDIA (00020U0000000000001                                                                           0000-------084131782184812 --> 99
0032M005906  10% PIRULETA MARSMALLOW 00150U0000000000001***************************************************************************0000-------080320395226372 --> 4 Sin Modificación
0032M005907  21% PORTAMINAS CAPSULE M00100U0000000000001***************************************************************************0000-------084115740531701 --> 4 Sin Modificación
0032B005909  10% ORBIT TABS WHITE HIE00120U0000000000001                                                                           0000-------042154662     2 --> 99
0032M005910  10% BOTELLA COLA CAO ENE00110U0000000000001***************************************************************************0000-------084100148420082 --> 4 Sin Modificación
0032M005914  10% KINDER BUENO WHITE T00125U0000000000001***************************************************************************0000-------080051220     2 --> 4 Sin Modificación
0032M005916  10% DONETTES 5 95GR     00100U0000000000001***************************************************************************0000-------084100221062082 --> 4 Sin Modificación
0032B005918  10% ORBIT TABS FRESA    00120U0000000000001                                                                           0000-------042174479     2 --> 99
0032M005920  21% BOLI PURP.PASTEL SUR00100U0000000000001***************************************************************************0000-------049027787887691 --> 4 Sin Modificación
0032M005921  10% PETA ZETA COLA 7 GR 00040U0000000000001***************************************************************************0000-------084105760040122 --> 4 Sin Modificación
0032M005928  21% GLOBOS CON PALITO SU00175U0000000000001***************************************************************************0000-------000266351346751 --> 4 Sin Modificación
0032M005929  21% GLOBOS CON PALITO SU00175U0000000000001***************************************************************************0000-------000266351407131 --> 4 Sin Modificación
0032M005930  21% GLOBOS CON PALITO SU00175U0000000000001***************************************************************************0000-------000805181296771 --> 4 Sin Modificación
0032M005931  21% GLOBOS CON PALITO SU00175U0000000000001***************************************************************************0000-------000805181091431 --> 4 Sin Modificación
0032M005933  10% CHICLE ROLLER HELLO 00140U0000000000001***************************************************************************0000-------087147862313062 --> 4 Sin Modificación
0032M005938  21% PELUCHE BURRO       00300U0000000000001***************************************************************************0000-------084360237716961 --> 4 Sin Modificación
0032B005939  21% VACA MARRÓN CON MARC00250U0000000000001                                                                           0000-------084360237717191 --> 99
0032M005942  10% DONUTS 2 GLACE      00130U0000000000001***************************************************************************0000-------084100220002782 --> 4 Sin Modificación
0032M005944  10% AGUA TOSCAL CON GAS 00100U0000000000001***************************************************************************0000-------084148131000792 --> 4 Sin Modificación
0032M005945  10% CALABAZA PEQ. ROSCA 00300U0000000000001***************************************************************************0000-------084360237717332 --> 4 Sin Modificación
0032M005949  10% DONETTES 5 95GR     00100U0000000000001***************************************************************************0000-------084100221062152 --> 4 Sin Modificación
0032B005953  21% PIÑATA VIÑATA PEQUEÑ00380U0000000000001                                                                           0000-------084231385073881 --> 99
0032M005954  10% NESTEA PET.500      00160U0000000000001***************************************************************************0000-------090494741     2 --> 4 Sin Modificación
0032M005955  10% MARS SINGLE 51 GR.  00100U0000000000001***************************************************************************0000-------050001594072362 --> 4 Sin Modificación
0032B005956  10% MONEDERO REDONDO LAT00100U0000000000001                                                                           0000-------084360237710782 --> 99
0032M005957  10% PALITOS DE TRIGO CON00110U0000000000001***************************************************************************0000-------084131640055832 --> 4 Sin Modificación
0032M005958  10% PALITOS DE TRIGO CON00110U0000000000001***************************************************************************0000-------084131640050022 --> 4 Sin Modificación
0032M005959  10% PALITOS DE TRIGO CON00110U0000000000001***************************************************************************0000-------084131640055902 --> 4 Sin Modificación
0032M005962  10% PIRULETA CALABAZA CH00100U0000000000001***************************************************************************0000-------054250010160062 --> 4 Sin Modificación
0032M005963  10% PIRULETA NUBE HALLOW00140U0000000000001***************************************************************************0000-------084350351923902 --> 4 Sin Modificación
0032M005964  21% GLOBOS PALITO HALLOW00175U0000000000001***************************************************************************0000-------000266350862021 --> 4 Sin Modificación
0032M005965  21% GLOBOS PALITO HALLOW00175U0000000000001***************************************************************************0000-------000266350736531 --> 4 Sin Modificación
0032M005966  21% GLOBOS PALITO HALLOW00175U0000000000001***************************************************************************0000-------000266350719491 --> 4 Sin Modificación
0032M005967  21% GLOBOS PALITO HALLOW00175U0000000000001***************************************************************************0000-------000266350794191 --> 4 Sin Modificación
0032M005968  21% GLOBOS PALITO HALLOW00175U0000000000001***************************************************************************0000-------000266350934841 --> 4 Sin Modificación
0032M005969  10% REGALIZ PEPE PANDA 300050U0000000000001***************************************************************************0000-------064125000700892 --> 4 Sin Modificación
0032M005970  10% BOTA MUÑECO NIEVE LL00350U0000000000001***************************************************************************0000-------084360237717262 --> 4 Sin Modificación
0032M005971  10% BOLSITO FIELTRO REYE00350U0000000000001***************************************************************************0000-------084360237717402 --> 4 Sin Modificación
0032B005972  10% PIRULETA SURTIDA COL00080U0000000000001                                                                           0000-------084350638027802 --> 99
0032M005974  10% HALLS VITA-C CÍTRICO00120U0000000000001***************************************************************************0000-------084164773     2 --> 4 Sin Modificación
0032B005979  10% PIRULETA FRULETA CER00010U0000000000001                                                                           0000-------084120642027022 --> 99
0032B005980  10% BLISTER BETTY BOOP (00150U0000000000001                                                                           0000-------048950605124042 --> 99
0032M005981  10% TRIDENT SENSES SANDI00150U0000000000001***************************************************************************0000-------084109132     2 --> 4 Sin Modificación
0032B005983  10% CAJA ROJA 70G       00150U0000000000001                                                                           0000-------076130315013972 --> 99
0032B005986  21% PELUCHE CON MARCO LL00300U0000000000001                                                                           0000-------084360237717641 --> 99
0032M005989  10% PIRULETA CORAZON LOV00150U0000000000001***************************************************************************0000-------054250010147362 --> 4 Sin Modificación
0032M005990  10% PIRULETA OSO LOVE RO00150U0000000000001***************************************************************************0000-------054250010102882 --> 4 Sin Modificación
0032M005991  10% GUBLINS 36G         00040U0000000000001***************************************************************************0000-------084131640048832 --> 4 Sin Modificación
0032M005992  10% PAPA DELTA 19 GR    00040U0000000000001***************************************************************************0000-------084131640048902 --> 4 Sin Modificación
0032B005993  21% PIÑATA VIÑATA PEQUEÑ00380U0000000000001                                                                           0000-------084231385031821 --> 99
0032B005994  21% PIÑATA VIÑATA PEQUEÑ00380U0000000000001                                                                           0000-------084231385031991 --> 99
0032B005995  21% PIÑATA VIÑATA PEQUEÑ00380U0000000000001                                                                           0000-------084231385077151 --> 99
0032B005996  21% PIÑATA VIÑATA PEQUEÑ00380U0000000000001                                                                           0000-------084231385077221 --> 99
0032B005997  21% PIÑATA VIÑATA PEQUEÑ00380U0000000000001                                                                           0000-------084231385125041 --> 99
0032B005998  21% PIÑATA VIÑATA PEQUEÑ00380U0000000000001                                                                           0000-------084231385079991 --> 99
0032B005999  21% PIÑATA VIÑATA PEQUEÑ00380U0000000000001                                                                           0000-------084231385080021 --> 99
0032B006000  21% PIÑATA SILUETA GRAND00590U0000000000001                                                                           0000-------084231385031511 --> 99
0032B006001  21% PIÑATA SILUETA GRAND00590U0000000000001                                                                           0000-------084231385031681 --> 99
0032B006002  21% PIÑATA SILUETA GRAND00590U0000000000001                                                                           0000-------084231385076851 --> 99
0032B006003  21% PIÑATA SILUETA GRAND00590U0000000000001                                                                           0000-------084231385076921 --> 99
0032M006004  21% BOLI PURP.PASTEL SUR00100U0000000000001***************************************************************************0000-------049027787887831 --> 4 Sin Modificación
0032B006005  21% PIÑATA SILUETA GRAND00590U0000000000001                                                                           0000-------084231385079751 --> 99
0032M006006  10% TURRON VIENA        00050U0000000000001***************************************************************************0000-------084108913603502 --> 4 Sin Modificación
0032M006007  10% GALLETAS OREO 66 GR 00100U0000000000001***************************************************************************0000-------084100887     2 --> 4 Sin Modificación
0032M006008  10% TRIDENT SENSES FRESA00150U0000000000001***************************************************************************0000-------052017209     2 --> 4 Sin Modificación
0032B006010  10% TRIDENT HIERBABUENA 00080U0000000000001                                                                           0000-------084164452     2 --> 99
0032M006011  10% QE GOFRE            00120U0000000000001***************************************************************************0000-------084100221075952 --> 4 Sin Modificación
0032B006013  10% CHICLE MEGA BUM BUMS00040U0000000000001                                                                           0000-------084131782187572 --> 99
0032M006014  10% CHICLE 5 MENTA (COBA00150U0000000000001***************************************************************************0000-------042182238     2 --> 4 Sin Modificación
0032M006015  10% CHICLE 5 HIERBABUENA00150U0000000000001***************************************************************************0000-------042182245     2 --> 4 Sin Modificación
0032B006016  10% CHICLE 5 TROPICAL (P00150U0000000000001                                                                           0000-------042182252     2 --> 99
0032M006017  21% BOLSITO POLLITO FIEL00270U0000000000001***************************************************************************0000-------084360237718011 --> 4 Sin Modificación
0032B006020  10% PIRULETA NUBE PASCUA00140U0000000000001                                                                           0000-------084350351942712 --> 99
0032B006021  10% PIRULETA COLORES PAS00120U0000000000001                                                                           0000-------084350638082562 --> 99
0032B006022  10% PETA ZETAS DIPS TATT00070U0000000000001                                                                           0000-------084105760075252 --> 99
0032M006024  10% KIT KAT SENSES AVELL00100U0000000000001***************************************************************************0000-------038000204318252 --> 4 Sin Modificación
0032B006025  10% YO-YO CANDIES LOVIT 00120U0000000000001                                                                           0000-------048950605115062 --> 99
0032B006026  10% FRUTA BOLSILLO NARAN00150U0000000000001                                                                           0000-------048950605928262 --> 99
0032B006027  10% FRUTA BOLSILLO FRESA00150U0000000000001                                                                           0000-------048950605928192 --> 99
0032M006028  10% MISTERCORN MIX 55G L00060U0000000000001***************************************************************************0000-------084131640019362 --> 4 Sin Modificación
0032M006029  10% MOOSKYS SABOR QUESO 00040U0000000000001***************************************************************************0000-------084105730232452 --> 4 Sin Modificación
0032B006030  10% PIRULETA JELLY HELLO00110U0000000000001                                                                           0000-------084370051974592 --> 99
0032M006031  10% COCA-COLA PET.500   00150U0000000000001***************************************************************************0000-------050001125664202 --> 4 Sin Modificación
0032M006032  10% COCA-COLA LIGHT PET.00150U0000000000001***************************************************************************0000-------050001125664372 --> 4 Sin Modificación
0032M006033  10% FANTA NARANJA PET.5000150U0000000000001***************************************************************************0000-------050001125664822 --> 4 Sin Modificación
0032B006034  21% POMPAS HELLO KITTY  00080U0000000000001                                                                           0000-------080073155050001 --> 99
0032M006035  21% POMPAS FROZEN 60 CC 00080U0000000000001***************************************************************************0000-------080073155130051 --> 4 Sin Modificación
0032M006037  10% SPECIALK CHOC- LECHE00100U0000000000001***************************************************************************0000-------031594702044362 --> 4 Sin Modificación
0032M006038  10% CHICLE 5 MENTA (COBA00150U0000000000001***************************************************************************0000-------042182108     2 --> 4 Sin Modificación
0032M006039  10% CHICLE 5 HIERBABUENA00150U0000000000001***************************************************************************0000-------042182115     2 --> 4 Sin Modificación
0032M006041  10% AGUA KRISTAL CON GAS00100U0000000000001***************************************************************************0000-------084129962320202 --> 4 Sin Modificación
0032M006044  10% SMINT TIN FRUTOS ROJ00195U0000000000001***************************************************************************0000-------084196033     2 --> 4 Sin Modificación
0032M006045  21% HUCHA BOLA SURTIDA (00270U0000000000001***************************************************************************0000-------084360237718321 --> 4 Sin Modificación
0032B006047  10% CHICLE 5 TROPICAL (P00150U0000000000001                                                                           0000-------042182085     2 --> 99
0032M006048  21% GLOBOS CON PALITO SU00175U0000000000001***************************************************************************0000-------000805181683241 --> 4 Sin Modificación
0032B006049  10% REGALIZ ORO ROJO    00030U0000000000001                                                                           0000-------084266170092432 --> 99
0032M006052  10% DORITOS TEX-MEX 150G00150U0000000000001***************************************************************************0000-------084101992713962 --> 4 Sin Modificación
0032M006053  10% CHEETOS PANDILLA 31G00090U0000000000001***************************************************************************0000-------084101998102362 --> 4 Sin Modificación
0032M006054  10% MILKA TUC 35 GR. LOV00110U0000000000001***************************************************************************0000-------054100413927082 --> 4 Sin Modificación
0032M006063  10% PIPAS G TIJUANA 40 G00060U0000000000001***************************************************************************0000-------084131640059342 --> 4 Sin Modificación
0032M006064  10% NUTELLA B-READY     00150U0000000000001***************************************************************************0000-------080050100     2 --> 4 Sin Modificación
0032M006069  21% GLOBOS CON PALITO SU00175U0000000000001***************************************************************************0000-------000266350819481 --> 4 Sin Modificación
0032M006070  21% GLOBOS CON PALITO SU00175U0000000000001***************************************************************************0000-------000266351682121 --> 4 Sin Modificación
0032M006071  21% GLOBOS CON PALITO SU00175U0000000000001***************************************************************************0000-------000266351819901 --> 4 Sin Modificación
0032M006072  21% GLOBOS CON PALITO SU00175U0000000000001***************************************************************************0000-------000805189398941 --> 4 Sin Modificación
0032M006073  21% GLOBOS CON PALITO SU00175U0000000000001***************************************************************************0000-------000266350635481 --> 4 Sin Modificación
0032M006074  21% GLOBOS CON PALITO SU00175U0000000000001***************************************************************************0000-------000805181511351 --> 4 Sin Modificación
0032M006076  21% G. HELIO SPIDERMAN U00420U0000000000001***************************************************************************0000-------000266351819831 --> 4 Sin Modificación
0032B006078  10% GUSITOS BELROS 8G   00020U0000000000001                                                                           0000-------084360237717882 --> 99
0032B006079  21% G. HELIO CARS BIRTHD00380U0000000000001                                                                           0000-------000266351779931 --> 99
0032B006080  21% G. FORMAS HANNA MONT00480U0000000000001                                                                           0000-------000805181681021 --> 99
0032M006081  21% G.H. BOB ESPONJA SQU00420U0000000000001***************************************************************************0000-------000266351785941 --> 4 Sin Modificación
0032M006082  21% G.H. HELLO KITTY LOV00380U0000000000001***************************************************************************0000-------000266351729291 --> 4 Sin Modificación
0032M006083  21% G. H. PRINCESS PORTR00420U0000000000001***************************************************************************0000-------000805181314101 --> 4 Sin Modificación
0032M006084  21% G. F. CABEZA MICKEY 00520U0000000000001***************************************************************************0000-------000266350776441 --> 4 Sin Modificación
0032M006085  21% G. FORMAS BOB ESPONJ00520U0000000000001***************************************************************************0000-------000805186398931 --> 4 Sin Modificación
0032M006086  10% BOTELLA MONSTRUO    00040U0000000000001***************************************************************************0000-------084141880907222 --> 4 Sin Modificación
0032M006087  10% LIMON&NADA PET 275  00140U0000000000001***************************************************************************0000-------090495328     2 --> 4 Sin Modificación
0032M006088  10% NARANJA&NADA PET 27500140U0000000000001***************************************************************************0000-------090377761     2 --> 4 Sin Modificación
0032B006089  10% PIRULETA SURTIDA HAL00140U0000000000001                                                                           0000-------084350638068632 --> 99
0032M006090  10% BOLSITO BRUJA FIELTR00100U0000000000001***************************************************************************0000-------084360237718702 --> 4 Sin Modificación
0032B006094  21% G. FORMAS DISNEY PRI00480U0000000000001                                                                           0000-------000805181091121 --> 99
0032B006095  10% BOMBON CORTADO SURTI00130U0000000000001                                                                           0000-------084213812110142 --> 99
0032M006096  10% PALOMITAS CHOCOLATE 00040U0000000000001***************************************************************************0000-------084221142208462 --> 4 Sin Modificación
0032M006097  10% CHICLE 5 SANDIA (TUR00150U0000000000001***************************************************************************0000-------042188889     2 --> 4 Sin Modificación
0032B006098  10% MINI BOLS. ROS FIELT00110U0000000000001                                                                           0000-------084360237718872 --> 99
0032B006099  21% G. H. HOLIDAY COLLAG00420U0000000000001                                                                           0000-------000266351637741 --> 99
0032B006100  21% G. H. JOLLY SNOWMAN 00420U0000000000001                                                                           0000-------000266351841061 --> 99
0032M006101  10% SANTA CLAUS CON CAMP00320U0000000000001***************************************************************************0000-------054250010073012 --> 4 Sin Modificación
0032M006102  21% GLOBOS PALITO NAVIDA00175U0000000000001***************************************************************************0000-------000266351844961 --> 4 Sin Modificación
0032M006103  21% GLOBOS PALITO NAVIDA00175U0000000000001***************************************************************************0000-------000266351844891 --> 4 Sin Modificación
0032M006104  21% GLOBOS PALITO NAVIDA00175U0000000000001***************************************************************************0000-------000266351466611 --> 4 Sin Modificación
0032M006105  10% PIRULETA NUBE MICKEY00100U0000000000001***************************************************************************0000-------084350351924062 --> 4 Sin Modificación
0032B006107  10% PIRULETA PAPA NOEL 600140U0000000000001                                                                           0000-------084350638040502 --> 99
0032M006108  10% HUESITOS (PACK 2 UN)00090U0000000000001***************************************************************************0000-------084100340750282 --> 4 Sin Modificación
0032B006110  10% MINI PALITOS TOMATE 00100U0000000000001                                                                           0000-------084131640064982 --> 99
0032B006111  10% MINI PALITOS QUESO F00100U0000000000001                                                                           0000-------084131640065042 --> 99
0032B006112  10% PIRULETA SURTIDA REY00140U0000000000001                                                                           0000-------084350638040432 --> 99
0032M006113  10% CALENDARIO ADVIENTO 00075U0000000000001***************************************************************************0000-------084350351958652 --> 4 Sin Modificación
0032B006114  10% MILKA LUFLEE 38G    00080U0000000000001                                                                           0000-------076223003019962 --> 99
0032B006115  10% CHOCOLATINA LINDT NO00120U0000000000001                                                                           0000-------030469200712392 --> 99
0032B006118  10% BOLSITO ROS FIELTRO 00270U0000000000001                                                                           0000-------084360237718942 --> 99
0032M006119  10% BOLSITO TRANSPARENTE00150U0000000000001***************************************************************************0000-------084360237719242 --> 4 Sin Modificación
0032B006120  10% MONEDERO 3D (LLENO C00150U0000000000001                                                                           0000-------084360237719172 --> 99
0032M006121  10% CHERRIES (CEREZA)   00010U0000000000001***************************************************************************0000-------084131782449162 --> 4 Sin Modificación
0032M006122  10% MINIBOLLYCAO CLASICO00130U0000000000001***************************************************************************0000-------084100221046932 --> 4 Sin Modificación
0032M006124  10% RISKETOS 40G        00040U0000000000001***************************************************************************0000-------084118595527562 --> 4 Sin Modificación
0032M006125  10% TRISKYS 35G         00040U0000000000001***************************************************************************0000-------084118595511242 --> 4 Sin Modificación
0032M006126  10% APETINA KETCHUP 20G 00040U0000000000001***************************************************************************0000-------084118595522442 --> 4 Sin Modificación
0032B006127  10% PIRULETA SURT.CORAZO00120U0000000000001                                                                           0000-------084350638082492 --> 99
0032M006128  10% TRIDENT SENSES MENTA00150U0000000000001***************************************************************************0000-------084164006107942 --> 4 Sin Modificación
0032M006129  21% AVION SURTIDO (RELLE00250U0000000000001***************************************************************************0000-------084360237719861 --> 4 Sin Modificación
0032M006130  10% CAMION CON PALA LLEN00200U0000000000001***************************************************************************0000-------084360237719932 --> 4 Sin Modificación
0032B006131  10% LACASITOS TOY SPORT 00150U0000000000001                                                                           0000-------084107400964782 --> 99
0032M006132  10% CHOCOLATINA BITTER 700100U0000000000001***************************************************************************0000-------084107400152332 --> 4 Sin Modificación
0032M006133  10% CHOCOLAT. CHOC.LECH-00100U0000000000001***************************************************************************0000-------084107400152022 --> 4 Sin Modificación
0032M006134  10% CHOCOLATINA LECHE RE00100U0000000000001***************************************************************************0000-------084107400152192 --> 4 Sin Modificación
0032M006135  10% ALGODON DE AZUCAR HE00130U0000000000001***************************************************************************0000-------084350351961522 --> 4 Sin Modificación
0032B006136  10% SOUR SHAKER PICA    00070U0000000000001                                                                           0000-------048950605134702 --> 99
0032B006137  10% LIP GLOSS BETTY BOOP00150U0000000000001                                                                           0000-------048950605123052 --> 99
0032M006141  10% TRIDENT SENSES LIMON00150U0000000000001***************************************************************************0000-------084164006107562 --> 4 Sin Modificación
0032B006142  10% TRIDENT MIX MANZANA 00080U0000000000001                                                                           0000-------084164006104972 --> 99
0032B006143  10% TRIDENT MIX FRESA GR00080U0000000000001                                                                           0000-------084164006104732 --> 99
0032B006144  10% MINI COOKIES CON CHO00090U0000000000001                                                                           0000-------084100710200432 --> 99
0032B006145  10% MINI COOKIES CON CAC00090U0000000000001                                                                           0000-------084100710200292 --> 99
0032M006146  10% LAYS VINAGRETA 170G 00150U0000000000001***************************************************************************0000-------084101993901192 --> 4 Sin Modificación
0032M006148  10% CHEETOS PELOTAZOS 3600040U0000000000001***************************************************************************0000-------084101997901182 --> 4 Sin Modificación
0032M006149  10% BUGGLES 3D'S 28GR   00040U0000000000001***************************************************************************0000-------084101990303062 --> 4 Sin Modificación
0032M006150  10% VASITO ROSA LLENO CE00100U0000000000001***************************************************************************0000-------084360237720062 --> 4 Sin Modificación
0032M006151  21% POMPAS BOB ESPONJA  00080U0000000000001***************************************************************************0000-------080073154710081 --> 4 Sin Modificación
0032B006152  10% FRESQUITO LIMON     00050U0000000000001                                                                           0000-------084114021500882 --> 99
0032B006153  10% PADDLE POP FUTBOL   00120U0000000000001                                                                           0000-------048950605140952 --> 99
0032B006154  10% BUBBLE GUM MEGATATTO00050U0000000000001                                                                           0000-------084208867180112 --> 99
0032M006155  10% QE CAÑA XL CREMA    00120U0000000000001***************************************************************************0000-------084100220121102 --> 4 Sin Modificación
0032M006156  10% MAÑANITO NANO       00025U0000000000001***************************************************************************0000-------084100221081722 --> 4 Sin Modificación
0032M006157  10% BOLLYCAO            00120U0000000000001***************************************************************************0000-------084100221083632 --> 4 Sin Modificación
0032B006158  10% HALLS COOLWAVE LIMON00120U0000000000001                                                                           0000-------052017520     2 --> 99
0032B006159  10% HALLS COOLWAVE HIERB00120U0000000000001                                                                           0000-------052017506     2 --> 99
0032B006160  10% ORBIT TABS WHITE HIE00120U0000000000001                                                                           0000-------042189480     2 --> 99
0032B006170  10% YO-YO CANDIES LOVIT 00120U0000000000001                                                                           0000-------048950605305212 --> 99
0032M006171  10% KLIK MARIO&YOSHI KAR00150U0000000000001***************************************************************************0000-------048950605147742 --> 4 Sin Modificación
0032M006172  21% G. H. BOB ESPONJA&PA00380U0000000000001***************************************************************************0000-------000805180925201 --> 4 Sin Modificación
0032B006173  21% G. HELIO TOY STORY3 00380U0000000000001                                                                           0000-------000266351963211 --> 99
0032M006174  10% CHICLE SANDIA ENVUEL00020U0000000000001***************************************************************************0000-------084105251857242 --> 4 Sin Modificación
0032M006175  10% CHICLE PELOTA TENNIS00020U0000000000001***************************************************************************0000-------084105251845812 --> 4 Sin Modificación
0032B006176  10% PATATA  FRITA GRAN S00090U0000000000001                                                                           0000-------084100711010322 --> 99
0032B006177  10% PIRULETA MARSMALLOW 00140U0000000000001                                                                           0000-------084350351731912 --> 99
0032M006178  21% G. HELIO DORA EXPLOR00380U0000000000001***************************************************************************0000-------000805188398281 --> 4 Sin Modificación
0032M006179  10% DONUT FONDANT 8UN   00100U0000000000001***************************************************************************0000-------084100220028692 --> 4 Sin Modificación
0032M006180  21% BOLI PURP.PASTEL SUR00100U0000000000001***************************************************************************0000-------049027787887381 --> 4 Sin Modificación
0032M006181  21% GLOBO FORMA DORA LA 00520U0000000000001***************************************************************************0000-------000805180926981 --> 4 Sin Modificación
0032B006183  10% PIRULETA CONGELABLE 00070U0000000000001                                                                           0000-------084114021204632 --> 99
0032M006184  10% DONETTE CLASICO 4+2 00160U0000000000001***************************************************************************0000-------084100221061232 --> 4 Sin Modificación
0032M006185  10% CUÑA RELLENA CACAO 100130U0000000000001***************************************************************************0000-------084114390089562 --> 4 Sin Modificación
0032M006186  10% PALMERA BOMBON 115 G00110U0000000000001***************************************************************************0000-------084114440021162 --> 4 Sin Modificación
0032M006187  10% PALMERA INTERGRAL 8500130U0000000000001***************************************************************************0000-------084114390020392 --> 4 Sin Modificación
0032B006188  10% PALMERA GLASEADA 14000130U0000000000001                                                                           0000-------084114390051392 --> 99
0032M006189  10% CROISSANT FRANCES (C00120U0000000000001***************************************************************************0000-------084114390034322 --> 4 Sin Modificación
0032M006190  21% G. FORMAS POCOYO    00480U0000000000001***************************************************************************0000-------000266352157941 --> 4 Sin Modificación
0032M006191  21% GLOBOS CON PALITO SU00175U0000000000001***************************************************************************0000-------000266352158171 --> 4 Sin Modificación
0032B006193  10% BOLSITO FORMAS RELLE00270U0000000000001                                                                           0000-------084360237719622 --> 99
0032M006194  21% MONEDERO LLAVERO REL00190U0000000000001***************************************************************************0000-------084360237719791 --> 4 Sin Modificación
0032B006195  10% BOLSITO HALLOWEEN RE00270U0000000000001                                                                           0000-------084360237720372 --> 99
0032B006196  21% G.HELIO HAUNTED HILL00380U0000000000001                                                                           0000-------000266351651671 --> 99
0032B006197  21% G.F. DORA EXPLORADOR00480U0000000000001                                                                           0000-------000805181428121 --> 99
0032M006198  21% BOLI PURP.PASTEL SUR00100U0000000000001***************************************************************************0000-------049027787887761 --> 4 Sin Modificación
0032M006200  10% PALOMITAS CHOCOLATE 00040U0000000000001***************************************************************************0000-------084118595505782 --> 4 Sin Modificación
0032M006201  10% TRIDENT FRESH&CLEAN 00100U0000000000001***************************************************************************0000-------084164006111592 --> 4 Sin Modificación
0032B006202  10% TRIDENT FRESH&CLEAN 00100U0000000000001                                                                           0000-------084164006111732 --> 99
0032B006203  21% PIÑATA SILUETA POCOY00590U0000000000001                                                                           0000-------084231385076921 --> 99
0032B006204  21% PIÑATA SILUETA POCOY00590U0000000000001                                                                           0000-------084231385076781 --> 99
0032B006205  21% PIÑATA SILUETA POCOY00590U0000000000001                                                                           0000-------084231385076851 --> 99
0032M006206  21% PIÑATA SILUETA MICKE00590U0000000000001***************************************************************************0000-------084231382820831 --> 4 Sin Modificación
0032M006207  21% PIÑATA SILUETA MICKE00590U0000000000001***************************************************************************0000-------084231385041411 --> 4 Sin Modificación
0032M006208  21% PIÑATA SILUETA MICKE00590U0000000000001***************************************************************************0000-------084231385070811 --> 4 Sin Modificación
0032B006209  21% PIÑATA SILUETA TOY S00590U0000000000001                                                                           0000-------084231385166561 --> 99
0032B006210  21% PIÑATA SILUETA TOY S00590U0000000000001                                                                           0000-------084231385166631 --> 99
0032M006211  21% PIÑATA VIÑETA MICKEY00380U0000000000001***************************************************************************0000-------084231385070741 --> 4 Sin Modificación
0032M006212  21% PIÑATA VIÑETA MICKEY00380U0000000000001***************************************************************************0000-------084231385041581 --> 4 Sin Modificación
0032M006213  21% PIÑATA VIÑETA MICKEY00380U0000000000001***************************************************************************0000-------084231385056741 --> 4 Sin Modificación
0032B006214  21% PIÑATA VIÑETA POCOYO00380U0000000000001                                                                           0000-------084231385077221 --> 99
0032B006215  21% PIÑATA VIÑETA POCOYO00380U0000000000001                                                                           0000-------084231385077151 --> 99
0032B006216  21% PIÑATA VIÑETA POCOYO00380U0000000000001                                                                           0000-------084231385077081 --> 99
0032B006217  21% PIÑATA VIÑETA TOY ST00380U0000000000001                                                                           0000-------084231385166941 --> 99
0032B006218  21% PIÑATA VIÑETA TOY ST00380U0000000000001                                                                           0000-------084231385166871 --> 99
0032M006219  21% GLOBOS CON PALITO SU00175U0000000000001***************************************************************************0000-------000266351880291 --> 4 Sin Modificación
0032M006220  21% GLOBOS CON PALITO SU00175U0000000000001***************************************************************************0000-------000266351906571 --> 4 Sin Modificación
0032M006221  21% GLOBOS CON PALITO SU00175U0000000000001***************************************************************************0000-------000266351880051 --> 4 Sin Modificación
0032M006222  21% GLOBOS CON PALITO SU00175U0000000000001***************************************************************************0000-------000266351880671 --> 4 Sin Modificación
0032M006223  10% SMINT KISS 3 MELON-P00150U0000000000001***************************************************************************0000-------084197566     2 --> 4 Sin Modificación
0032M006224  10% SMINT KISS 3 FRESA-M00150U0000000000001***************************************************************************0000-------084197559     2 --> 4 Sin Modificación
0032B006225  10% PIRULETA MUÑECO DE N00150U0000000000001                                                                           0000-------054147300840042 --> 99
0032B006226  10% FIGURA PAPA NOEL 20G00100U0000000000001                                                                           0000-------040008200073082 --> 99
0032M006227  10% BOTA PAPA NOEL RELLE00350U0000000000001***************************************************************************0000-------084360237720442 --> 4 Sin Modificación
0032M006228  10% BOLSITO FIELTRO PAPA00150U0000000000001***************************************************************************0000-------084360237721122 --> 4 Sin Modificación
0032M006229  21% G. HELIO SANTA WITH 00380U0000000000001***************************************************************************0000-------000266351621801 --> 4 Sin Modificación
0032B006230  21% G. F. DORA EXPLORADO00480U0000000000001                                                                           0000-------000805181428361 --> 99
0032M006231  10% BOLSITO FIELTRO CAME00350U0000000000001***************************************************************************0000-------084360237721292 --> 4 Sin Modificación
0032B006232  10% TRUFAS AL CACAO PURO00130U0000000000001                                                                           0000-------084107400506232 --> 99
0032M006233  10% BARRITA CHOC. LECHE 00120U0000000000001***************************************************************************0000-------084101090035502 --> 4 Sin Modificación
0032M006234  10% BARRITA CHOC.PURO Y 00120U0000000000001***************************************************************************0000-------084101090034822 --> 4 Sin Modificación
0032M006235  10% HUEVO CHOC. BATMAN 200110U0000000000001***************************************************************************0000-------087147861850362 --> 4 Sin Modificación
0032M006236  10% HUEVO CHOC. FROZEN 200110U0000000000001***************************************************************************0000-------087147861850052 --> 4 Sin Modificación
0032M006237  10% GALLETAS EL GORRIAGA00020U0000000000001***************************************************************************0000-------084102559185622 --> 4 Sin Modificación
0032M006244  10% BUBBALOO STICK FRESA00070U0000000000001***************************************************************************0000-------084164006109472 --> 4 Sin Modificación
0032M006245  10% BUBBALOO STICK COLA 00070U0000000000001***************************************************************************0000-------084164006109612 --> 4 Sin Modificación
0032M006246  10% QE CAÑA TENTACION DO00120U0000000000001***************************************************************************0000-------084100221087902 --> 4 Sin Modificación
0032M006247  10% ESTRELLAS 27G "CODIG00040U0000000000001***************************************************************************0000-------084105730234122 --> 4 Sin Modificación
0032M006248  21% PERRO PINTAS (naranj00150U0000000000001***************************************************************************0000-------084360237720511 --> 4 Sin Modificación
0032M006249  21% MAPACHE BLUE (azul) 00150U0000000000001***************************************************************************0000-------084360237720681 --> 4 Sin Modificación
0032M006250  21% PERRITA DUQUESA (can00150U0000000000001***************************************************************************0000-------084360237720751 --> 4 Sin Modificación
0032M006251  21% BOLSITO DUQUESA (bol00350U0000000000001***************************************************************************0000-------084360237720821 --> 4 Sin Modificación
0032M006252  10% BARRITA CHOC. LECHE 00120U0000000000001***************************************************************************0000-------084101090033692 --> 4 Sin Modificación
0032M006253  10% BARRITA CHOC.PURO Y 00120U0000000000001***************************************************************************0000-------084101090033452 --> 4 Sin Modificación
0032M006254  10% TURRON VIENA        00050U0000000000001***************************************************************************0000-------084108910103092 --> 4 Sin Modificación
0032B006255  10% ROBIN AL CACAO ENVUE00040U0000000000001                                                                           0000-------084103680003902 --> 99
0032B006256  10% MINI CONCHAS DUO CAO00040U0000000000001                                                                           0000-------084103680338482 --> 99
0032B006257  10% AGUJEROS BLANCOS FIL00120U0000000000001                                                                           0000-------084360489601052 --> 99
0032M006259  10% PIRULETA CUPIDO 30GR00150U0000000000001***************************************************************************0000-------054147300350062 --> 4 Sin Modificación
0032B006260  10% CAJA ROJA 4 BOMBONES00160U0000000000001                                                                           0000-------076130323966192 --> 99
0032B006261  21% G. HELIO OHH LOVE PA00380U0000000000001                                                                           0000-------000266352075841 --> 99
0032B006262  21% G. HELIO DORA & BOOT00380U0000000000001                                                                           0000-------000805181478001 --> 99
0032M006263  10% BOLSITO CUADRADO REL00190U0000000000001***************************************************************************0000-------084360237720992 --> 4 Sin Modificación
0032M006264  10% TRIDENT SENSES MEGA 00150U0000000000001***************************************************************************0000-------084164006125142 --> 4 Sin Modificación
0032B006265  10% CHICLE 5 INSTINCT   00150U0000000000001                                                                           0000-------042189602     2 --> 99
0032M006266  10% PIRULETA OVEJA CHOCO00140U0000000000001***************************************************************************0000-------054147301650002 --> 4 Sin Modificación
0032M006267  10% CESTA PASCUA LLENA C00240U0000000000001***************************************************************************0000-------084360237721672 --> 4 Sin Modificación
0032M006270  10% PETA ZETAS TROPICAL 00045U0000000000001***************************************************************************0000-------084105760121162 --> 4 Sin Modificación
0032M006271  10% KASKYS SABOR NATURAL00040U0000000000001***************************************************************************0000-------084221149326192 --> 4 Sin Modificación
0032M006272  10% BOLSITO FIELTRO SURT00120U0000000000001***************************************************************************0000-------084360237722112 --> 4 Sin Modificación
0032M006273  10% KLIK MOTO SUPER MARI00150U0000000000001***************************************************************************0000-------048950605148972 --> 4 Sin Modificación
0032B006275  10% SNACKS DE QUESO     00090U0000000000001                                                                           0000-------064202110004312 --> 99
0032M006277  10% NAPOLITANA YORKESO  00130U0000000000001***************************************************************************0000-------084100221091622 --> 4 Sin Modificación
0032M006278  10% PIZZA&GO YORKESO    00130U0000000000001***************************************************************************0000-------084100221091482 --> 4 Sin Modificación
0032M006279  10% KINDER BUENO WHITE T00125U0000000000001***************************************************************************0000-------080761761     2 --> 4 Sin Modificación
0032B006281  10% BOMBAZOS 23G "PIRATA00040U0000000000001                                                                           0000-------084105730233992 --> 99
0032M006282  10% PIPA G CON SAL 40 GR00060U0000000000001***************************************************************************0000-------084131640038862 --> 4 Sin Modificación
0032M006283  10% MISTERCORN MIX 55G L00060U0000000000001***************************************************************************0000-------084131640067402 --> 4 Sin Modificación
0032M006284  10% SMINT FRAMBUESA - LI00180U0000000000001***************************************************************************0000-------084197795     2 --> 4 Sin Modificación
0032B006285  10% SMINT SANDIA - PIÑA 00180U0000000000001                                                                           0000-------084197788     2 --> 99
0032B006286  10% TR.SENSES UNITARIO S00010U0000000000001                                                                           0000-------052017605     2 --> 99
0032B006287  10% TR.SENSES UNITARIO H00010U0000000000001                                                                           0000-------052017612     2 --> 99
0032M006289  10% CAÑAS DE GELATINA LI00030U0000000000001***************************************************************************0000-------048950605161812 --> 4 Sin Modificación
0032M006290  10% KIKOS MISTER CORN 6000060U0000000000001***************************************************************************0000-------084131640067332 --> 4 Sin Modificación
0032M006291  10% MAMMOUTH CON PALO   00110U0000000000001***************************************************************************0000-------050110611601022 --> 4 Sin Modificación
0032M006292  10% PALITOS DE FRUTOS SE00110U0000000000001***************************************************************************0000-------084131640073582 --> 4 Sin Modificación
0032M006293  10% PALITOS DE CEREALES 00110U0000000000001***************************************************************************0000-------084131640073652 --> 4 Sin Modificación
0032M006294  10% ALGODON DE AZUCAR HE00130U0000000000001***************************************************************************0000-------084350351880342 --> 4 Sin Modificación
0032M006295  10% MISTERCORN JAPON 97 00130U0000000000001***************************************************************************0000-------084131640075252 --> 4 Sin Modificación
0032M006296  10% MISTERCORN AMERICA 900130U0000000000001***************************************************************************0000-------084131640075322 --> 4 Sin Modificación
0032M006298  10% SALADITOS PUNTO DE S00110U0000000000001***************************************************************************0000-------084307770300162 --> 4 Sin Modificación
0032M006299  10% ANIMALES OCEAN JELLY00020U0000000000001***************************************************************************0000-------084131782651882 --> 4 Sin Modificación
0032M006301  10% MINI LATAS SURTIDAS 00050U0000000000001***************************************************************************0000-------084360237722282 --> 4 Sin Modificación
0032M006302  21% BOLI PURP.PASTEL SUR00100U0000000000001***************************************************************************0000-------049027787887521 --> 4 Sin Modificación
0032M006303  10% PIRULETA FANTASMA SU00100U0000000000001***************************************************************************0000-------054147300740052 --> 4 Sin Modificación
0032M006305  21% GLOBO HELIO HALLOWEE00380U0000000000001***************************************************************************0000-------000266352275991 --> 4 Sin Modificación
0032M006306  10% MENTOS STICK RAINBOW00080U0000000000001***************************************************************************0000-------087311396     2 --> 4 Sin Modificación
0032B006307  10% KOJAK CHOCOLATE     00030U0000000000001                                                                           0000-------084114022327912 --> 99
0032M006308  10% BOTA REYES MAGOS LLE00350U0000000000001***************************************************************************0000-------084360237722422 --> 4 Sin Modificación
0032M006309  10% KINDER CEREALI T1   00050U0000000000001***************************************************************************0000-------080310266     2 --> 4 Sin Modificación
0032B006310  10% MINI CALENDARIO BELR00120U0000000000001                                                                           0000-------084360237723342 --> 99
0032M006311  21% MOTO CARRERAS LLENA 00210U0000000000001***************************************************************************0000-------084360237723101 --> 4 Sin Modificación
0032M006317  21% BOLSITO ASA LATA LLE00310U0000000000001***************************************************************************0000-------084360237722731 --> 4 Sin Modificación
0032M006318  10% TRIDENT TWIST SANDIA00100U0000000000001***************************************************************************0000-------084164006132692 --> 4 Sin Modificación
0032M006319  10% TRIDENT TWIST FRESA 00100U0000000000001***************************************************************************0000-------084164006132452 --> 4 Sin Modificación
0032M006320  10% PATO 75G CON BOLSITA00350U0000000000001***************************************************************************0000-------054147303170032 --> 4 Sin Modificación
0032M006322  10% PIRULETA TE QUIERO  00135U0000000000001***************************************************************************0000-------084120641020402 --> 4 Sin Modificación
0032M006323  10% MEDUSA BOB ESPONJA  00120U0000000000001***************************************************************************0000-------048950605164022 --> 4 Sin Modificación
0032M006324  10% PALOMITAS DULCES BEL00150U0000000000001***************************************************************************0000-------084360237710302 --> 4 Sin Modificación
0032M006325  21% BOLSITO DUQUE AZUL (00150U0000000000001***************************************************************************0000-------084360237723411 --> 4 Sin Modificación
0032M006326  21% PELUCHE TIGRE       00150U0000000000001***************************************************************************0000-------084360237723581 --> 4 Sin Modificación
0032M006327  21% PELUCHE LEON        00150U0000000000001***************************************************************************0000-------084360237723651 --> 4 Sin Modificación
0032M006328  21% PELUCHE GORILA      00150U0000000000001***************************************************************************0000-------084360237723721 --> 4 Sin Modificación
0032M006329  21% PELUCHE PANDA (OJOS 00150U0000000000001***************************************************************************0000-------084360237723891 --> 4 Sin Modificación
0032M006330  21% PELUCHE PERRO MARRON00150U0000000000001***************************************************************************0000-------084360237723961 --> 4 Sin Modificación
0032M006331  21% PELUCHE RANA (OJOS G00150U0000000000001***************************************************************************0000-------084360237724021 --> 4 Sin Modificación
0032M006332  21% PELUCHE PATITO (OJOS00150U0000000000001***************************************************************************0000-------084360237724191 --> 4 Sin Modificación
0032M006333  21% PELUCHE OSO AZUL (OJ00150U0000000000001***************************************************************************0000-------084360237724261 --> 4 Sin Modificación
0032M006334  10% PRIMAVERA           01290P0000000000001***************************************************************************0000-------084266170648912 --> 4 Sin Modificación
0032M006336  10% PIRULETA PASCUA LA A00150U0000000000001***************************************************************************0000-------084120640432132 --> 4 Sin Modificación
0032M006337  10% SMINT FRESA FRUIT KI00140U0000000000001***************************************************************************0000-------084100319516462 --> 4 Sin Modificación
0032M006338  10% ASPITO NATURAL 2 BAR00020U0000000000001***************************************************************************0000-------084105730200222 --> 4 Sin Modificación
0032M006340  10% SKATE BOARD X-TREME 00140U0000000000001***************************************************************************0000-------048950605159622 --> 4 Sin Modificación
0032M006341  21% PELUCHE PANDA       00300U0000000000001***************************************************************************0000-------084360237717641 --> 4 Sin Modificación
0032M006342  10% BOLSITO FIELTRO SURT00120U0000000000001***************************************************************************0000-------084360237722802 --> 4 Sin Modificación
0032M006343  10% CHIPS AHOY! 40GR    00110U0000000000001***************************************************************************0000-------084100443     2 --> 4 Sin Modificación
0032M006344  10% PATATA FRITA CHURRER00120U0000000000001***************************************************************************0000-------084136710155562 --> 4 Sin Modificación
0032M006345  21% BOLI PURP.PASTEL SUR00100U0000000000001***************************************************************************0000-------049027787887141 --> 4 Sin Modificación
0032M006346  10% DONETTES CRUJIX CHOC00100U0000000000001***************************************************************************0000-------084100221094762 --> 4 Sin Modificación
0032M006347  10% QE GOFRE VERANO     00100U0000000000001***************************************************************************0000-------084100221096292 --> 4 Sin Modificación
0032M006349  10% CHEETOS RIZOS 22G   00035U0000000000001***************************************************************************0000-------084101990064552 --> 4 Sin Modificación
0032M006350  10% LAYS CAMPESINA 36G  00050U0000000000001***************************************************************************0000-------084101990055402 --> 4 Sin Modificación
0032M006351  21% BOLI PURP.PASTEL SUR00100U0000000000001***************************************************************************0000-------049027787887211 --> 4 Sin Modificación
0032M006353  21% BOLI PURP.PASTEL SUR00100U0000000000001***************************************************************************0000-------049027787887451 --> 4 Sin Modificación
0032M006355  10% TRIDENT SENSES NEON 00150U0000000000001***************************************************************************0000-------076223007081912 --> 4 Sin Modificación
0032M006356  10% BROCHETA TERRORIFICA00140U0000000000001***************************************************************************0000-------084350352015112 --> 4 Sin Modificación
0032M006358  10% BROCHETA NUBE NAVIDA00120U0000000000001***************************************************************************0000-------084350352015352 --> 4 Sin Modificación
0032B006359  10% HELADO MAGNUM INFINI00180U0000000000001                                                                           0000-------087125663200352 --> 99
0032M006363  10% PIRULETA NUBE SPIDER00150U0000000000001***************************************************************************0000-------084350351887202 --> 4 Sin Modificación
0032M006367  10% RUFLES JAMON 31G    00050U0000000000001***************************************************************************0000-------084101990055952 --> 4 Sin Modificación
0032B006369  10% BOLSA AVELLANA MIEL 00100U0000000000001                                                                           0000-------050601652117222 --> 99
0032M006370  10% CHEETOS PANDILLA 20G00045U0000000000001***************************************************************************0000-------084101990073082 --> 4 Sin Modificación
0032M006371  21% PELUCHE LOVE        00300U0000000000001***************************************************************************0000-------084360237725181 --> 4 Sin Modificación
0032M006372  21% PELUCHE HERO        00150U0000000000001***************************************************************************0000-------084360237725251 --> 4 Sin Modificación
0032B006373  10% MONSTER GREEN ENERGY00200U0000000000001                                                                           0000-------005060166903802 --> 99
0032M006374  10% MONSTER AZUL LO-CARB00200U0000000000001***************************************************************************0000-------050601666904032 --> 4 Sin Modificación
0032M006375  10% MONSTER REHAB  500ml00200U0000000000001***************************************************************************0000-------050601666977782 --> 4 Sin Modificación
0032M006377  21% G. F.HEL.KITTY SUMME00520U0000000000001***************************************************************************0000-------000266352184361 --> 4 Sin Modificación
0032M006378  10% BIFRUTAS  LATA 25 CL00100U0000000000001***************************************************************************0000-------084101282730952 --> 4 Sin Modificación
0032M006379  10% BIFRUTAS 33CL TROPIC00100U0000000000001***************************************************************************0000-------084101282701172 --> 4 Sin Modificación
0032M006380  10% BATIDO CHOCOLATE PET00100U0000000000001***************************************************************************0000-------084101281903162 --> 4 Sin Modificación
0032B006383  10% M-JOY AVELLANAS 55 G00110U0000000000001                                                                           0000-------076223007753222 --> 99
0032B006384  10% M-JOY LECHE 55G.    00110U0000000000001                                                                           0000-------076223007748062 --> 99
0032M006385  10% M-JOY ALMENDRAS 55G.00110U0000000000001***************************************************************************0000-------076223007763362 --> 4 Sin Modificación
0032M006386  10% BOLSITO BRUJA FIELTR00100U0000000000001***************************************************************************0000-------084360237717882 --> 4 Sin Modificación
0032M006387  10% PIRULETA NUBE ABEJA 00140U0000000000001***************************************************************************0000-------084350352026482 --> 4 Sin Modificación
0032M006388  10% BOLSITO GATO LLENO C00250U0000000000001***************************************************************************0000-------084360237724642 --> 4 Sin Modificación
0032M006389  10% BOLSITO CASTILLO LLE00100U0000000000001***************************************************************************0000-------084360237724712 --> 4 Sin Modificación
0032M006390  10% TRIDENT 60 MIN.FRESC00110U0000000000001***************************************************************************0000-------076223007954122 --> 4 Sin Modificación
0032M006391  10% TRIDENT 60 MIN.FRESC00110U0000000000001***************************************************************************0000-------076223007953132 --> 4 Sin Modificación
0032M006392  10% PIRULETA CALABAZA CH00100U0000000000001***************************************************************************0000-------054147303550052 --> 4 Sin Modificación
0032M006393  10% PIRULETA HALLOWEEN  00150U0000000000001***************************************************************************0000-------084120640432132 --> 4 Sin Modificación
0032M006394  10% CORTADO UÑA BOLSA 9600150U0000000000001***************************************************************************0000-------084107400502342 --> 4 Sin Modificación
0032M006397  10% RUFLES JAMON 31G    00050U0000000000001***************************************************************************0000-------084101990081212 --> 4 Sin Modificación
0032M006398  10% LAYS CAMPESINA 36G  00050U0000000000001***************************************************************************0000-------084101990081072 --> 4 Sin Modificación
0032M006399  10% CHEETOS PANDILLA 20G00045U0000000000001***************************************************************************0000-------084101990080912 --> 4 Sin Modificación
0032M006400  10% MINI KRANCH         00015U0000000000001***************************************************************************0000-------084107409006902 --> 4 Sin Modificación
0032M006401  10% BOMBON PRALINE ALMEN00100U0000000000001***************************************************************************0000-------084107400506472 --> 4 Sin Modificación
0032M006403  10% SALADITOS PUNTO DE S00110U0000000000001***************************************************************************0000-------084307770300852 --> 4 Sin Modificación
0032M006404  10% RUEDAS MINI FRITA 4000100U0000000000001***************************************************************************0000-------084254990877762 --> 4 Sin Modificación
0032M006405  10% BOLSITO PANTALONES L00150U0000000000001***************************************************************************0000-------084360237724882 --> 4 Sin Modificación
0032M006406  10% BOLSITO NAVIDAD RELL00150U0000000000001***************************************************************************0000-------084360237724952 --> 4 Sin Modificación
0032M006407  10% PACK ZAPATILLAS RELL00200U0000000000001***************************************************************************0000-------084360237725012 --> 4 Sin Modificación
0032M006408  10% PIRULETA NAVIDAD    00110U0000000000001***************************************************************************0000-------084120641082332 --> 4 Sin Modificación
0032M006409  10% MENTOS MINI RAINBOW 00020U0000000000001***************************************************************************0000-------087108000275732 --> 4 Sin Modificación
0032M006410  10% CALENDARIO ADVIENTO 00075U0000000000001***************************************************************************0000-------084350351965962 --> 4 Sin Modificación
0032B006411  10% BOLSA AVELLANA MIEL 00100U0000000000001                                                                           0000-------050601652109782 --> 99
0032M006412  10% BOLSITO LATA NAVIDAD00200U0000000000001***************************************************************************0000-------084360237724572 --> 4 Sin Modificación
0032M006413  10% PIRULETA NUBE OSITOS00140U0000000000001***************************************************************************0000-------084350352034472 --> 4 Sin Modificación
0032M006414  10% PHOSKITO ORIGINAL PA00140U0000000000001***************************************************************************0000-------084100142366232 --> 4 Sin Modificación
0032M006415  10% BROCHETA NUBE CONEJO00140U0000000000001***************************************************************************0000-------084350352038672 --> 4 Sin Modificación
0032M006416  10% NOCILLA STICKS 2 CRE00050U0000000000001***************************************************************************0000-------084100148563402 --> 4 Sin Modificación
0032M006417  10% HUEVO CHOC. FROZEN 200110U0000000000001***************************************************************************0000-------087147861856092 --> 4 Sin Modificación
0032M006418  10% CANTIMPLORAS ZUMROK 00040U0000000000001***************************************************************************0000-------084129570092102 --> 4 Sin Modificación
0032M006419  10% SMINT MANGO FRUIT KI00140U0000000000001***************************************************************************0000-------084100319516772 --> 4 Sin Modificación
0032M006420  10% PIRULETA OSO LOVE RO00150U0000000000001***************************************************************************0000-------054147303060072 --> 4 Sin Modificación
0032M006421  10% SURTIDO BOMBON LAZO 00100U0000000000001***************************************************************************0000-------084107409004612 --> 4 Sin Modificación
0032M006422  10% ORBIT ICE HIERBABUEN00080U0000000000001***************************************************************************0000-------042212201     2 --> 4 Sin Modificación
0032M006423  10% ORBIT WHITE MENTA GR00080U0000000000001***************************************************************************0000-------042212195     2 --> 4 Sin Modificación
0032M006424  10% ORBIT WHITE HIERBABU00080U0000000000001***************************************************************************0000-------042212102     2 --> 4 Sin Modificación
0032M006425  10% CHICLE 5 FRESA (ZEPH00150U0000000000001***************************************************************************0000-------042211815     2 --> 4 Sin Modificación
0032M006427  21% G. F.HEL.KITTY SUMME00520U0000000000001***************************************************************************0000-------000266352413591 --> 4 Sin Modificación
0032M006428  10% FLAKES NOCILLA 35GR 00070U0000000000001***************************************************************************0000-------084100149751882 --> 4 Sin Modificación
0032M006432  10% CHIQUILIN ENERGY 50G00100U0000000000001***************************************************************************0000-------084360489603342 --> 4 Sin Modificación
0032M006433  10% MILKYBAR SNACK 25G  00090U0000000000001***************************************************************************0000-------076130322398932 --> 4 Sin Modificación
0032M006434  10% NESTLE SNACK LECHE 300070U0000000000001***************************************************************************0000-------076130318946662 --> 4 Sin Modificación
0032M006435  10% CRUNCH SNACK 37GR   00070U0000000000001***************************************************************************0000-------076130324280062 --> 4 Sin Modificación
0032M006436  10% TWIX 50G            00100U0000000000001***************************************************************************0000-------050001594592282 --> 4 Sin Modificación
0032M006437  10% M&M'S CACAHUETE SING00100U0000000000001***************************************************************************0000-------040111490     2 --> 4 Sin Modificación
0032M006438  10% BIFRUTAS 33CL TROPIC00100U0000000000001***************************************************************************0000-------084101282700182 --> 4 Sin Modificación
0032M006439  10% BARRITA CONGUITOS 4000075U0000000000001***************************************************************************0000-------084107409013212 --> 4 Sin Modificación
0032M006440  10% BOUNTY SINGLE 57G (C00100U0000000000001***************************************************************************0000-------040111216     2 --> 4 Sin Modificación
0032M006441  10% SNICKERS SINGLE 50G 00100U0000000000001***************************************************************************0000-------050001594073972 --> 4 Sin Modificación
0032M006443  10% TUBO MENTOLIN EUCALI00075U0000000000001***************************************************************************0000-------084107409012462 --> 4 Sin Modificación
0032M006444  10% TUBO MENTOLIN LIMON 00075U0000000000001***************************************************************************0000-------084107409012602 --> 4 Sin Modificación
0032M006445  10% MAMMOUTH CON PALO   00110U0000000000001***************************************************************************0000-------050110611604162 --> 4 Sin Modificación
0032M006446  10% PIRULETA CORAZON CER00030U0000000000001***************************************************************************0000-------084246210204072 --> 4 Sin Modificación
0032M006463  10% ALGODON DE AZUCAR HE00130U0000000000001***************************************************************************0000-------084350351791622 --> 4 Sin Modificación
0032M006464  10% VASO CON PAJITA LLEN00200U0000000000001***************************************************************************0000-------084360237725322 --> 4 Sin Modificación
0032M006465  10% BURN 250 ML         00160U0000000000001***************************************************************************0000-------054490000660152 --> 4 Sin Modificación
0032M006466  10% BURN 250 ML         00160U0000000000001***************************************************************************0000-------054490001163142 --> 4 Sin Modificación
0032M006467  10% BIFRUTAS  LATA 25 CL00100U0000000000001***************************************************************************0000-------084101282731322 --> 4 Sin Modificación
0032M006484  10% SAND. BASIC CANGREJO00170U0000000000001***************************************************************************0000-------084370085551332 --> 4 Sin Modificación
0032M006485  10% SAND. BASIC MIXTO 1300170U0000000000001***************************************************************************0000-------084370085550102 --> 4 Sin Modificación
0032M006486  10% SAND. POLLO AL CURRY00170U0000000000001***************************************************************************0000-------084370085551192 --> 4 Sin Modificación
0032M006487  10% SAND. LOMO Y QUESO 100170U0000000000001***************************************************************************0000-------084370085550582 --> 4 Sin Modificación
0032M006488  10% SAND. BASIC ATUN 13000170U0000000000001***************************************************************************0000-------084370085551022 --> 4 Sin Modificación
0032M006489  10% SURTIDO BOMBON LACAS00100U0000000000001***************************************************************************0000-------084107409004162 --> 4 Sin Modificación
0032M006490  10% BOMBON CHOCOLATE NEG00100U0000000000001***************************************************************************0000-------084107409000582 --> 4 Sin Modificación
0032M006491  10% ALMENDRA BITTER LATA00300U0000000000001***************************************************************************0000-------084107400036362 --> 4 Sin Modificación
0032M006492  10% GRAGEAS ALMENDRA SUR00300U0000000000001***************************************************************************0000-------084107400036502 --> 4 Sin Modificación
0032M006494  10% SMINT TIN PEPERMINT 00195U0000000000001***************************************************************************0000-------084100319457372 --> 4 Sin Modificación
0032M006495  10% SMINT TIN FRESA     00195U0000000000001***************************************************************************0000-------084100319487452 --> 4 Sin Modificación
0032M006496  10% PIRULETA ARTESANA PE00080U0000000000001***************************************************************************0000-------084120641033132 --> 4 Sin Modificación
0032M006497  21% PELUCHE CUPCAKE     00150U0000000000001***************************************************************************0000-------084360237725631 --> 4 Sin Modificación
0032M006498  10% APETINA KETCHUP 20G 00040U0000000000001***************************************************************************0000-------084221147106062 --> 4 Sin Modificación
0032M006499  10% KOJAK COLA          00030U0000000000001***************************************************************************0000-------084195456     2 --> 4 Sin Modificación
0032M006500  10% KOJAK CEREZA        00030U0000000000001***************************************************************************0000-------084191069     2 --> 4 Sin Modificación
0032M006501  10% PINTALABIOS SOY LUNA00110U0000000000001***************************************************************************0000-------084120649031352 --> 4 Sin Modificación
0032M006502  10% HALLS COOLWAVE SANDI00120U0000000000001***************************************************************************0000-------076223007507182 --> 4 Sin Modificación
0032M006503  10% PIÑA BOB ESPONJA    00120U0000000000001***************************************************************************0000-------048950605164952 --> 4 Sin Modificación
0032M006504  10% BURN 250 ML         00160U0000000000001***************************************************************************0000-------054490000660152 --> 4 Sin Modificación
0032M006505  10% FANTA ZERO NARANJA L00120U0000000000001***************************************************************************0000-------054490001209602 --> 4 Sin Modificación
0032M006506  10% FANTA ZERO LIMON LAT00120U0000000000001***************************************************************************0000-------054490001209912 --> 4 Sin Modificación
0032M006507  10% PALOMITAS SABOR A CH00150U0000000000001***************************************************************************0000-------084360237726002 --> 4 Sin Modificación
0032M006508  10% PALOMITAS SABOR A MO00150U0000000000001***************************************************************************0000-------084360237726622 --> 4 Sin Modificación
0032M006509  10% PALOMITAS SABOR A CA00150U0000000000001***************************************************************************0000-------084360237726242 --> 4 Sin Modificación
0032M006510  10% PALOMITAS SABOR A VI00150U0000000000001***************************************************************************0000-------084360237726312 --> 4 Sin Modificación
0032M006511  10% PALOMITAS SABOR A PI00150U0000000000001***************************************************************************0000-------084360237726792 --> 4 Sin Modificación
0032M006512  10% PALOMITAS SABOR A GI00150U0000000000001***************************************************************************0000-------084360237726482 --> 4 Sin Modificación
0032M006513  10% PALOMITAS SABOR A CH00150U0000000000001***************************************************************************0000-------084360237726172 --> 4 Sin Modificación
0032M006514  10% PALOMITAS SABOR A CH00150U0000000000001***************************************************************************0000-------084360237726552 --> 4 Sin Modificación
0032M006515  21% G. HELIO SPIDERMAN U00420U0000000000001***************************************************************************0000-------000266352635041 --> 4 Sin Modificación
0032M006516  21% G. H. MICKEY & PLUTO00380U0000000000001***************************************************************************0000-------000266352635661 --> 4 Sin Modificación
0032M006517  21% G. H. PRINCESS PORTR00420U0000000000001***************************************************************************0000-------000266352639931 --> 4 Sin Modificación
0032M006518  21% G. HELIO DORA EXPLOR00380U0000000000001***************************************************************************0000-------000266352641671 --> 4 Sin Modificación
0032M006522  21% G. F.HEL.KITTY SUMME00520U0000000000001***************************************************************************0000-------000266352184361 --> 4 Sin Modificación
0032M006524  21% G. F.SPIDERMAN ULTIM00520U0000000000001***************************************************************************0000-------000266352691481 --> 4 Sin Modificación
0032M006525  21% GLOBO FORMA DORA LA 00520U0000000000001***************************************************************************0000-------000266352646551 --> 4 Sin Modificación
0032M006526  10% SNICKERS SINGLE 50G 00100U0000000000001***************************************************************************0000-------050001594611222 --> 4 Sin Modificación
0032M006528  10% LOLIPOP FRESA       00030U0000000000001***************************************************************************0000-------084114021418882 --> 4 Sin Modificación
0032M006529  10% CHERRY COKE ZERO LAT00120U0000000000001***************************************************************************0000-------054490000095002 --> 4 Sin Modificación
0032M006530  21% BURN LATA 500 ML    00190U0000000000001***************************************************************************0000-------054490001317681 --> 4 Sin Modificación
0032B006531  21% CERVEZA 5 ESTRELLAS 00130U0000000000001                                                                           0000-------084113271220161 --> 99
0032M006532  10% HALLS EXTRAFUERTE S/00120U0000000000001***************************************************************************0000-------084164018     2 --> 4 Sin Modificación
0032M006533  10% YOSPORT PRISMA 200G 00100U0000000000001***************************************************************************0000-------084101284110912 --> 4 Sin Modificación
0032M006534  10% YOSPORT PRISMA 200G 00100U0000000000001***************************************************************************0000-------084101284111142 --> 4 Sin Modificación
0032M006535  10% YOSPORT PRISMA 200G 00100U0000000000001***************************************************************************0000-------084101284111522 --> 4 Sin Modificación
0032M006536  10% YOSPORT PRISMA 200G 00100U0000000000001***************************************************************************0000-------084101284111382 --> 4 Sin Modificación
0032M006537  10% BELVITA SANDWICH CHO00100U0000000000001***************************************************************************0000-------076222101121252 --> 4 Sin Modificación
0032M006538  10% TRIDENT SENSES PEPPE00150U0000000000001***************************************************************************0000-------076222100924102 --> 4 Sin Modificación
0032B006539  10% TURRON DURO LACASA 100300U0000000000001                                                                           0000-------001262570110162 --> 99
0032M006541  10% MONSTER RIPPER 500ml00200U0000000000001***************************************************************************0000-------050601666904272 --> 4 Sin Modificación
0032M006542  10% MONSTER ASSAULT 500m00200U0000000000001***************************************************************************0000-------050601666945312 --> 4 Sin Modificación
0032M006543  10% MINI BURGER         00020U0000000000001***************************************************************************0000-------084360361882452 --> 4 Sin Modificación
0032M006546  10% FLAKES NOCILLA 35GR 00070U0000000000001***************************************************************************0000-------084100143344592 --> 4 Sin Modificación
0032M006547  10% FLAKES CHOCOBARRA 3000100U0000000000001***************************************************************************0000-------084100143713792 --> 4 Sin Modificación
0032M006548  10% TRINA LIMON PET 0,5L00150U0000000000001***************************************************************************0000-------084118003769052 --> 4 Sin Modificación
0032M006549  10% TRINA NARANJA PET 0,00150U0000000000001***************************************************************************0000-------084118003768062 --> 4 Sin Modificación
0032M006550  10% TRINA TROPICAL PET 000150U0000000000001***************************************************************************0000-------084118003278532 --> 4 Sin Modificación
0032M006551  10% SPECIALK CHOC- LECHE00100U0000000000001***************************************************************************0000-------050500837020512 --> 4 Sin Modificación
0032M006553  10% ALGODON CHICLE SANDI00050U0000000000001***************************************************************************0000-------084100319521792 --> 4 Sin Modificación
0032M006554  10% PINCHO PEPPA PIG MAR00120U0000000000001***************************************************************************0000-------084353197042712 --> 4 Sin Modificación
0032M006556  10% MOCHILA CHOCO SURTID00450U0000000000001***************************************************************************0000-------084360237719552 --> 4 Sin Modificación
0032M006557  10% TRONKIS 100 GR.     00110U0000000000001***************************************************************************0000-------084112060125062 --> 4 Sin Modificación
0032M006558  10% STRIKES             00060U0000000000001***************************************************************************0000-------084105730255152 --> 4 Sin Modificación
0032M006559  10% SPECIALK CHOC- LECHE00100U0000000000001***************************************************************************0000-------050500834255852 --> 4 Sin Modificación
0032M006560  10% PARASOL DE CHOCOLATE00040U0000000000001***************************************************************************0000-------084139076910042 --> 4 Sin Modificación
0032M006561  10% BOLSITO MURCIELAGO L00100U0000000000001***************************************************************************0000-------084360237725562 --> 4 Sin Modificación
0032M006563  10% PIRULETA NUBE HALLOW00140U0000000000001***************************************************************************0000-------084350352048642 --> 4 Sin Modificación
0032M006564  10% TRONKIS 100 GR.     00110U0000000000001***************************************************************************0000-------084112060025072 --> 4 Sin Modificación
0032M006565  10% HUCHA NAVIDAD LLENA 00120U0000000000001***************************************************************************0000-------084360237726932 --> 4 Sin Modificación
0032M006566  10% CHEETOS RIZOS 22G   00035U0000000000001***************************************************************************0000-------084101990097462 --> 4 Sin Modificación
0032M006567  10% CRUNCH SNACK 37GR   00070U0000000000001***************************************************************************0000-------076130324279932 --> 4 Sin Modificación
0032M006568  10% NESTLE SNACK LECHE 300070U0000000000001***************************************************************************0000-------076130318902242 --> 4 Sin Modificación
0032M006569  10% BROCHETA SAN VALENTI00140U0000000000001***************************************************************************0000-------084350352090432 --> 4 Sin Modificación
0032M006570  21% CUBOS NAVIDAD (VACIO00100U0000000000001***************************************************************************0000-------084360237724401 --> 4 Sin Modificación
0032M006571  10% PIRULETA NUBE MICKEY00100U0000000000001***************************************************************************0000-------084350352048712 --> 4 Sin Modificación
0032M006574  21% GLOBO AUTOINFLABLE S00200U0000000000001***************************************************************************0000-------000266352702671 --> 4 Sin Modificación
0032M006575  10% ROSA DE CHOCOLATE 2000250U0000000000001***************************************************************************0000-------084350352038812 --> 4 Sin Modificación
0032M006576  10% BOTELLA MONSTRUO    00040U0000000000001***************************************************************************0000-------084115935     2 --> 4 Sin Modificación
0032M006577  10% PIRULETA NUBE MICKEY00150U0000000000001***************************************************************************0000-------084350352089092 --> 4 Sin Modificación
0032M006578  10% YOSPORT PRISMA 200G 00100U0000000000001***************************************************************************0000-------084101284110772 --> 4 Sin Modificación
0032M006579  10% CAJA ROJA NESTLÉ (4 00175U0000000000001***************************************************************************0000-------076130343987582 --> 4 Sin Modificación
0032M006580  21% CUBO LATA SURTIDO (V00150U0000000000001***************************************************************************0000-------084360237722971 --> 4 Sin Modificación
0032M006581  21% CUBO CORAZON (VACIO)00120U0000000000001***************************************************************************0000-------084360237723031 --> 4 Sin Modificación
0032M006582  10% ROSA GOMINOLA       00125U0000000000001***************************************************************************0000-------084218530401282 --> 4 Sin Modificación
0032M006583  10% CHOCO TUBS NESTLE 2000070U0000000000001***************************************************************************0000-------076130341056462 --> 4 Sin Modificación
0032M006584  10% PIRULETA NUBE MONSTE00140U0000000000001***************************************************************************0000-------040046412215232 --> 4 Sin Modificación
0032M006586  10% PINCHO DORAEMON MARS00120U0000000000001***************************************************************************0000-------084353197044242 --> 4 Sin Modificación
0032M006587  10% MASMELO MONSTER HIGH00045U0000000000001***************************************************************************0000-------084353197038852 --> 4 Sin Modificación
0032M006588  21% CABEZAS PATRULLA CAN00200U0000000000001***************************************************************************0000-------084350352069501 --> 4 Sin Modificación
0032M006589  10% CHICLE TORTUGA NINJA00005U0000000000001***************************************************************************0000-------087147861894922 --> 4 Sin Modificación
0032M006590  10% PINCHO MONSTER HIGH 00110U0000000000001***************************************************************************0000-------084353197048682 --> 4 Sin Modificación
0032M006591  10% PIRULETA DORAEMON   00045U0000000000001***************************************************************************0000-------084353197052162 --> 4 Sin Modificación
0032M006592  10% PIRULETA TORTUGA NIN00045U0000000000001***************************************************************************0000-------084365476401402 --> 4 Sin Modificación
0032M006593  10% MENTOS STICK FRESA M00080U0000000000001***************************************************************************0000-------087317527     2 --> 4 Sin Modificación
0032B006594  10% BOLSITO FIELTRO SURT00120U0000000000001                                                                           0000-------084360237727092 --> 99
0032M006595  10% BOCADITO AJO Y PEREJ00150U0000000000001***************************************************************************0000-------084307771100152 --> 4 Sin Modificación
0032M006596  10% BOCADITO JAMON Y TOM00150U0000000000001***************************************************************************0000-------084307771500042 --> 4 Sin Modificación
0032M006597  10% NATUCHIPS TOM-QUES-O00060U0000000000001***************************************************************************0000-------084131640089732 --> 4 Sin Modificación
0032M006598  10% SAND. BASIC ATUN 13000170U0000000000001***************************************************************************0000-------084370085555912 --> 4 Sin Modificación
0032M006599  10% SAND. LOMO Y QUESO 100170U0000000000001***************************************************************************0000-------084370085555912 --> 4 Sin Modificación
0032M006600  10% SAND. BASIC CANGREJO00170U0000000000001***************************************************************************0000-------084370085550892 --> 4 Sin Modificación
0032M006601  10% SAND. POLLO AL CURRY00170U0000000000001***************************************************************************0000-------084370085550722 --> 4 Sin Modificación
0032M006602  10% SAND. BASIC SALAMI Y00170U0000000000001***************************************************************************0000-------084370085550342 --> 4 Sin Modificación
0032M006603  10% SAND. BASIC ATUN 13000170U0000000000001***************************************************************************0000-------084370085551022 --> 4 Sin Modificación
0032M006604  10% AQUARIUS NARANJA LAT00140U0000000000001***************************************************************************0000-------054490000115272 --> 4 Sin Modificación
0032M006605  10% AQUARIUS NARANJA LAT00140U0000000000001***************************************************************************0000-------054490000338192 --> 4 Sin Modificación
0032M006606  10% PIRULETA CORAZON FIE00040U0000000000001***************************************************************************0000-------084114022204842 --> 4 Sin Modificación
0032M006607  10% PALMERA BOMBON 115 G00110U0000000000001***************************************************************************0000-------084350482300412 --> 4 Sin Modificación
0032B006608  10% PALMERA GLASEADA 14000130U0000000000001                                                                           0000-------084350482300342 --> 99
0032M006609  10% MEGA PIRULETA CORAZO01200U0000000000001***************************************************************************0000-------084114022203612 --> 4 Sin Modificación
0032M006611  10% BOCA BITS 21 GR     00040U0000000000001***************************************************************************0000-------084101990064932 --> 4 Sin Modificación
0032M006612  10% BUGGLES 3D'S 28GR   00040U0000000000001***************************************************************************0000-------084101990064862 --> 4 Sin Modificación
0032M006614  10% DORITOS TEX-MEX 150G00150U0000000000001***************************************************************************0000-------084101992723932 --> 4 Sin Modificación
0032M006615  10% LAYS VINAGRETA 170G 00150U0000000000001***************************************************************************0000-------084101993803262 --> 4 Sin Modificación
0032M006616  10% CORAZONES PRINCESAS 00070U0000000000001***************************************************************************0000-------084105730255222 --> 4 Sin Modificación
0032M006617  10% CHICLE 5 MANZANA    00150U0000000000001***************************************************************************0000-------042211518     2 --> 4 Sin Modificación
0032M006618  10% BATIDO OKEY CACAO LA00100U0000000000001***************************************************************************0000-------084100149110942 --> 4 Sin Modificación
0032M006619  10% BATIDO OKEY VAINILLA00100U0000000000001***************************************************************************0000-------084100143101182 --> 4 Sin Modificación
0032M006620  10% BATIDO OKEY FRESA LA00100U0000000000001***************************************************************************0000-------084100143101252 --> 4 Sin Modificación
0032M006621  10% PALMERA BOMBON 115 G00110U0000000000001***************************************************************************0000-------084114440021162 --> 4 Sin Modificación
0032B006622  10% PALMERA GLASEADA 14000130U0000000000001                                                                           0000-------084114390051392 --> 99
0032M006623  10% PACK ONE DIRECTION  00065U0000000000001***************************************************************************0000-------084370075798712 --> 4 Sin Modificación
0032M006624  10% HUEVO CHOCOLATE DISN00300U0000000000001***************************************************************************0000-------084107400112802 --> 4 Sin Modificación
0032M006625  10% CHICLE HELLO KITTY  00005U0000000000001***************************************************************************0000-------087147861883652 --> 4 Sin Modificación
0032M006626  10% PACK ONE DIRECTION  00065U0000000000001***************************************************************************0000-------084370075798572 --> 4 Sin Modificación
0032M006627  10% PIRULETA CORAZON FIE00040U0000000000001***************************************************************************0000-------084114023203202 --> 4 Sin Modificación
0032M006628  21% PIÑATA SILUETA MICKE00590U0000000000001***************************************************************************0000-------084231385200591 --> 4 Sin Modificación
0032M006629  21% PIÑATA VIÑETA MICKEY00380U0000000000001***************************************************************************0000-------084231385200661 --> 4 Sin Modificación
0032M006630  10% POLLITOS ASADOS 29G 00040U0000000000001***************************************************************************0000-------084105730237952 --> 4 Sin Modificación
0032M006631  10% HALLS FRESA MENTOLAD00120U0000000000001***************************************************************************0000-------084164483     2 --> 4 Sin Modificación
0032M006632  10% LAYS XTRA SAL 147G  00130U0000000000001***************************************************************************0000-------084101990086332 --> 4 Sin Modificación
0032M006633  10% LAYS XTRA BARBACOA 100150U0000000000001***************************************************************************0000-------084101990086402 --> 4 Sin Modificación
0032M006634  10% LAYS XTRA CHEESBURGU00150U0000000000001***************************************************************************0000-------056013630058212 --> 4 Sin Modificación
0032B006635  10% RUFFLES YORK'ESO 13300135U0000000000001                                                                           0000-------084101998505082 --> 99
0032M006636  10% ANILLO PONY FILLY 1600070U0000000000001***************************************************************************0000-------048950690633032 --> 4 Sin Modificación
0032M006641  21% PISTOLA DE AGUA     00099U0000000000001***************************************************************************0000-------084360330103031 --> 4 Sin Modificación
0032M006643  10% SMINT TIN EUCALIPTO 00195U0000000000001***************************************************************************0000-------084100319537632 --> 4 Sin Modificación
0032M006644  10% SMINT TIN LIMON     00195U0000000000001***************************************************************************0000-------084198242     2 --> 4 Sin Modificación
0032B006645  10% BOLSA ANACARDO MIEL 00150U0000000000001                                                                           0000-------050601652117222 --> 99
0032M006646  21% ESTUCHES ANIMALES   00150U0000000000001***************************************************************************0000-------084360237747891 --> 4 Sin Modificación
0032M006647  21% MOCHILA PLASTICO VUE00295U0000000000001***************************************************************************0000-------084360237740481 --> 4 Sin Modificación
0032M006648  21% PIÑATA PERFIL SURTID00500U0000000000001***************************************************************************0000-------084231385267091 --> 4 Sin Modificación
0032M006649  21% SOMBREROS PEPPA PIG 00150U0000000000001***************************************************************************0000-------084231385221761 --> 4 Sin Modificación
0032M006650  21% SOMBREROS BEN&HOLLY 00150U0000000000001***************************************************************************0000-------084231385263721 --> 4 Sin Modificación
0032M006651  10% CUBO CON HUEVOS CHOC00495U0000000000001***************************************************************************0000-------084350352036902 --> 4 Sin Modificación
0032M006652  10% COCA COLA VAINILLA L00150U0000000000001***************************************************************************0000-------054490000989172 --> 4 Sin Modificación
0032M006653  10% 7UP CHERRY LATA 33CL00120U0000000000001***************************************************************************0000-------040608000087702 --> 4 Sin Modificación
0032M006654  10% DR. PEPPER LATA 33CL00120U0000000000001***************************************************************************0000-------087114420033762 --> 4 Sin Modificación
0032M006655  10% FISHERMAN'S ORIGINAL00195U0000000000001***************************************************************************0000-------050819430     2 --> 4 Sin Modificación
0032M006656  10% FANTA FRESA PET 500 00150U0000000000001***************************************************************************0000-------054493186     2 --> 4 Sin Modificación
0032M006657  10% FANTA PIÑA PET 500  00150U0000000000001***************************************************************************0000-------050112203     2 --> 4 Sin Modificación
0032M006658  10% HUEVO CHOCOLATE DISN00300U0000000000001***************************************************************************0000-------084107400512172 --> 4 Sin Modificación
0032M006659  10% RADICAL FR. DEL BOSQ00120U0000000000001***************************************************************************0000-------084104080194672 --> 4 Sin Modificación
0032M006660  21% VENTILADORES        00145U0000000000001***************************************************************************0000-------084360330310011 --> 4 Sin Modificación
0032M006661  21% CERVEZA AMBAR       00130U0000000000001***************************************************************************0000-------084107000015351 --> 4 Sin Modificación
0032M006662  10% RED BULL ENERGY LATA00190U0000000000001***************************************************************************0000-------090024901000702 --> 4 Sin Modificación
0032M006663  10% PIPAS G TIJUANA 40 G00060U0000000000001***************************************************************************0000-------084131640034422 --> 4 Sin Modificación
0032M006664  21% GLOBO LISO 12G SURTI00100U0000000000001***************************************************************************0000-------084213320192941 --> 4 Sin Modificación
0032M006665  21% BOLI NOTAS CUPCAKE  00100U0000000000001***************************************************************************0000-------084360237728841 --> 4 Sin Modificación
0032M006666  21% LIBRETA ESPIRAL CUPC00050U0000000000001***************************************************************************0000-------084360237728911 --> 4 Sin Modificación
0032M006667  10% CHUPA CHUPS         00030U0000000000001***************************************************************************0000-------049814521     2 --> 4 Sin Modificación
0032B006668  10% PIRULETA BANDERA ESP00020U0000000000001                                                                           0000-------084234670080822 --> 99
0032M006669  10% CHUPA CHUPS TRIO CHI00040U0000000000001***************************************************************************0000-------084196996     2 --> 4 Sin Modificación
0032M006670  10% KOJAK GIGANTE 15G   01200U0000000000001***************************************************************************0000-------084114022320672 --> 4 Sin Modificación
0032M006671  10% ALGODON CHICLE SANDI00050U0000000000001***************************************************************************0000-------084100319515092 --> 4 Sin Modificación
0032M006672  10% HAPPY BOX RELLENO CE00100U0000000000001***************************************************************************0000-------084360237727612 --> 4 Sin Modificación
0032M006673  21% POMPAS FROZEN 60 CC 00080U0000000000001***************************************************************************0000-------080073150578061 --> 4 Sin Modificación
0032M006674  21% INVITACIONES PEPPA P00090U0000000000001***************************************************************************0000-------084231385221141 --> 4 Sin Modificación
0032M006675  21% PELUCHE MONSTRUO OJI00125U0000000000001***************************************************************************0000-------084360237729211 --> 4 Sin Modificación
0032M006677  21% PELUCHE ERIZO BOLA  00199U0000000000001***************************************************************************0000-------084360237729451 --> 4 Sin Modificación
0032M006678  21% PELUCHE OVEJA BOLA  00199U0000000000001***************************************************************************0000-------084360237729521 --> 4 Sin Modificación
0032M006679  10% 7UP CHERRY LATA 33CL00120U0000000000001***************************************************************************0000-------035021100053112 --> 4 Sin Modificación
0032M006680  21% PELUCHE PLATANO     00125U0000000000001***************************************************************************0000-------084360237729691 --> 4 Sin Modificación
0032M006681  21% PELUCHE MASMELO     00125U0000000000001***************************************************************************0000-------084360237729761 --> 4 Sin Modificación
0032M006682  10% BUBBALOO SURTIDO    00015U0000000000001***************************************************************************0000-------077021330175132 --> 4 Sin Modificación
0032M006683  10% DR. PEPPER LATA 33CL00120U0000000000001***************************************************************************0000-------050101021000152 --> 4 Sin Modificación
0032M006684  21% POMPAS SPIDERMAN    00080U0000000000001***************************************************************************0000-------080073155130051 --> 4 Sin Modificación
0032M006685  21% CABEZAS PATRULLA CAN00200U0000000000001***************************************************************************0000-------084350352094631 --> 4 Sin Modificación
0032M006686  21% ENVASE ANIMALES (VAC00170U0000000000001***************************************************************************0000-------084360237730101 --> 4 Sin Modificación
0032M006687  21% HUCHA ANIMALES (VACI00200U0000000000001***************************************************************************0000-------084360237730271 --> 4 Sin Modificación
0032M006688  10% CONIKS 25GR         00030U0000000000001***************************************************************************0000-------084105730236962 --> 4 Sin Modificación
0032M006689  10% PUNTAZOS MIX 40 GR  00030U0000000000001***************************************************************************0000-------084105730237572 --> 4 Sin Modificación
0032M006690  10% PRINGLES ORIGINAL 4000115U0000000000001***************************************************************************0000-------054100760676572 --> 4 Sin Modificación
0032M006692  10% STICK SPIDERMAN     00385U0000000000001***************************************************************************0000-------087147867642552 --> 4 Sin Modificación
0032M006693  10% PIRULETA DORAEMON   00045U0000000000001***************************************************************************0000-------084353197037932 --> 4 Sin Modificación
0032M006694  10% AGUA CON GAS MONTEPI00100U0000000000001***************************************************************************0000-------084149320013182 --> 4 Sin Modificación
0032M006695  21% ESTUCHE VUELTA AL CO00100U0000000000001***************************************************************************0000-------084360237730341 --> 4 Sin Modificación
0032M006696  21% PACK BOLSA BARBIE   00170U0000000000001***************************************************************************0000-------050264180676141 --> 4 Sin Modificación
0032M006697  10% HUEVO HORA DE AVENTU00120U0000000000001***************************************************************************0000-------096074541     2 --> 4 Sin Modificación
0032M006698  21% PULSERAS SILICONA SU00050U0000000000001***************************************************************************0000-------084360237727231 --> 4 Sin Modificación
0032M006699  21% SURTIDO PEGATINAS   00099U0000000000001***************************************************************************0000-------084360237727541 --> 4 Sin Modificación
0032M006700  21% BELROS LOOPS        00060U0000000000001***************************************************************************0000-------084360237727471 --> 4 Sin Modificación
0032M006701  21% CERVEZA 5 ESTRELLAS 00130U0000000000001***************************************************************************0000-------084113270220191 --> 4 Sin Modificación
0032M006702  21% POMPAS FROZEN 60 CC 00080U0000000000001***************************************************************************0000-------080073155780041 --> 4 Sin Modificación
0032M006703  10% HUEVOS DINO ENVUELTO00005U0000000000001***************************************************************************0000-------084105251965532 --> 4 Sin Modificación
0032M006704  10% QE PALMERA BOLLO/BLA00130U0000000000001***************************************************************************0000-------084100220120282 --> 4 Sin Modificación
0032M006705  10% BOLLYCAO            00120U0000000000001***************************************************************************0000-------084100220402052 --> 4 Sin Modificación
0032M006706  10% QE AMERICAN BROWNIE 00110U0000000000001***************************************************************************0000-------084100221096982 --> 4 Sin Modificación
0032M006707  21% BANDERÍN PAPEL PEPPA00250U0000000000001***************************************************************************0000-------084231385267611 --> 4 Sin Modificación
0032M006709  10% SETA SUPERMARIO LOVI00350U0000000000001***************************************************************************0000-------006115081717742 --> 4 Sin Modificación
0032M006716  21% ESTUCHES ANIMALES   00150U0000000000001***************************************************************************0000-------084360237747721 --> 4 Sin Modificación
0032M006717  21% KIT VUELTA AL COLE B00060U0000000000001***************************************************************************0000-------084360237730581 --> 4 Sin Modificación
0032M006718  21% INVITACIONES BEN&HOL00090U0000000000001***************************************************************************0000-------084231385262731 --> 4 Sin Modificación
0032M006719  21% PIÑATA PERFIL SURTID00500U0000000000001***************************************************************************0000-------084231385197871 --> 4 Sin Modificación
0032M006720  21% ESTUCHES ANIMALES   00150U0000000000001***************************************************************************0000-------084360237747651 --> 4 Sin Modificación
0032M006721  10% VASO ROSCA LLENO CEN00200U0000000000001***************************************************************************0000-------084360237727852 --> 4 Sin Modificación
0032M006722  21% PIÑATA PERFIL SURTID00500U0000000000001***************************************************************************0000-------084231385261811 --> 4 Sin Modificación
0032M006723  21% ESTUCHES ANIMALES   00150U0000000000001***************************************************************************0000-------084360237747581 --> 4 Sin Modificación
0032M006724  21% BANDERIN PAPEL BEN&H00250U0000000000001***************************************************************************0000-------084231385263581 --> 4 Sin Modificación
0032M006725  10% JUMPERS MANTEQUILLA 00045U0000000000001***************************************************************************0000-------084222839400712 --> 4 Sin Modificación
0032M006726  10% MALTESERS TEASERS BA00120U0000000000001***************************************************************************0000-------050001594621292 --> 4 Sin Modificación
0032M006727  21% MOTOS GP            00200U0000000000001***************************************************************************0000-------084360317574841 --> 4 Sin Modificación
0032M006728  10% PIRULETA NUBE MICKEY00150U0000000000001***************************************************************************0000-------084350351770142 --> 4 Sin Modificación
0032M006730  10% PIRULETA NUBE BARÇA 00090U0000000000001***************************************************************************0000-------084350351860092 --> 4 Sin Modificación
0032M006731  10% HELICES MAIZ PEPPA P00040U0000000000001***************************************************************************0000-------084221147617762 --> 4 Sin Modificación
0032M006733  10% STICK PLANES        00385U0000000000001***************************************************************************0000-------087147867651532 --> 4 Sin Modificación
0032M006734  10% EMOTICONO BALL      00110U0000000000001***************************************************************************0000-------050110611604232 --> 4 Sin Modificación
0032M006735  21% GIRLS PHONE         00150U0000000000001***************************************************************************0000-------084360317579101 --> 4 Sin Modificación
0032M006736  21% COCHE POLICIA       00150U0000000000001***************************************************************************0000-------084360317585421 --> 4 Sin Modificación
0032M006737  21% LIGHT APACHE (HELICÓ00200U0000000000001***************************************************************************0000-------084360317588701 --> 4 Sin Modificación
0032M006739  21% POMPAS LIGHT STICK  00150U0000000000001***************************************************************************0000-------084360317589931 --> 4 Sin Modificación
0032M006740  21% LIGHT BUBBLE GUN (PI00200U0000000000001***************************************************************************0000-------084360317601941 --> 4 Sin Modificación
0032M006741  21% MOVIL IPHONE        00150U0000000000001***************************************************************************0000-------084360317604601 --> 4 Sin Modificación
0032M006742  21% WARPLANE (HELICOPTER00200U0000000000001***************************************************************************0000-------084360317604911 --> 4 Sin Modificación
0032M006744  21% MILITARY FORCE 2 (TA00150U0000000000001***************************************************************************0000-------084360317597471 --> 4 Sin Modificación
0032M006745  21% LADY MOTO VESPA     00150U0000000000001***************************************************************************0000-------084360317571871 --> 4 Sin Modificación
0032M006746  21% MUSIC GUITAR        00200U0000000000001***************************************************************************0000-------084360317573471 --> 4 Sin Modificación
0032M006747  21% COCHE F1 BELROS     00150U0000000000001***************************************************************************0000-------084360317575521 --> 4 Sin Modificación
0032M006748  21% LAND LIGHT ROBOT (4X00250U0000000000001***************************************************************************0000-------084360317600401 --> 4 Sin Modificación
0032M006749  21% ESPADAS GOMA EVA    00220U0000000000001***************************************************************************0000-------084225620650681 --> 4 Sin Modificación
0032M006750  21% MOTO POLICIA        00150U0000000000001***************************************************************************0000-------084360317600951 --> 4 Sin Modificación
0032M006751  10% SMINT CHICLE PEPPERM00180U0000000000001***************************************************************************0000-------084198211     2 --> 4 Sin Modificación
0032M006752  10% ORBIT BUBBLEMINT    00080U0000000000001***************************************************************************0000-------042247371     2 --> 4 Sin Modificación
0032M006753  21% PELUCHE PONY        00300U0000000000001***************************************************************************0000-------084360237729141 --> 4 Sin Modificación
0032M006754  21% PELUCHE PERRO BOLA  00250U0000000000001***************************************************************************0000-------084360237729381 --> 4 Sin Modificación
0032M006755  10% SPRITE FRESH PET.50000150U0000000000001***************************************************************************0000-------054490002055372 --> 4 Sin Modificación
0032M006756  10% COCA COLA ZERO SIN C00150U0000000000001***************************************************************************0000-------054490002019352 --> 4 Sin Modificación
0032M006757  10% FINIBOOM VAMPIRE    00015U0000000000001***************************************************************************0000-------084105252151002 --> 4 Sin Modificación
0032M006758  21% PIÑATA PERFIL FROZEN00550U0000000000001***************************************************************************0000-------084231385284441 --> 4 Sin Modificación
0032M006768  10% MINUTE MAID 275 PET 00160U0000000000001***************************************************************************0000-------090382208     2 --> 4 Sin Modificación
0032M006771  21% G. HELIO PEPPA PIG  00420U0000000000001***************************************************************************0000-------084231385277061 --> 4 Sin Modificación
0032M006774  10% BIFRUTAS TROPICAL PA00080U0000000000001***************************************************************************0000-------084101282700562 --> 4 Sin Modificación
0032M006776  21% GLOBOS CON PALITO SU00175U0000000000001***************************************************************************0000-------002663522816141 --> 4 Sin Modificación
0032M006777  21% GLOBOS CON PALITO SU00175U0000000000001***************************************************************************0000-------084231385276901 --> 4 Sin Modificación
0032M006778  21% GLOBOS CON PALITO SU00175U0000000000001***************************************************************************0000-------000266352794991 --> 4 Sin Modificación
0032M006779  21% GLOBOS CON PALITO SU00175U0000000000001***************************************************************************0000-------000266352158171 --> 4 Sin Modificación
0032M006783  21% VELA Nº 0 ROJA CON P00085U0000000000001***************************************************************************0000-------084121299650161 --> 4 Sin Modificación
0032M006784  21% VELA Nº 1 ROJA CON P00085U0000000000001***************************************************************************0000-------084121299650231 --> 4 Sin Modificación
0032M006785  21% VELA Nº 2 ROJA CON P00085U0000000000001***************************************************************************0000-------084121299650301 --> 4 Sin Modificación
0032M006786  21% VELA Nº 3 ROJA CON P00085U0000000000001***************************************************************************0000-------084121299650471 --> 4 Sin Modificación
0032M006787  21% VELA Nº 4 ROJA CON P00085U0000000000001***************************************************************************0000-------084121299650541 --> 4 Sin Modificación
0032M006788  21% VELA Nº 5 ROJA CON P00085U0000000000001***************************************************************************0000-------084121299650611 --> 4 Sin Modificación
0032M006789  21% VELA Nº 6 ROJA CON P00085U0000000000001***************************************************************************0000-------084121299650781 --> 4 Sin Modificación
0032M006790  21% VELA Nº 7 ROJA CON P00085U0000000000001***************************************************************************0000-------084121299650851 --> 4 Sin Modificación
0032M006791  21% VELA Nº 8 ROJA CON P00085U0000000000001***************************************************************************0000-------084121299650921 --> 4 Sin Modificación
0032M006792  21% VELA Nº 9 ROJA CON P00085U0000000000001***************************************************************************0000-------084121299651151 --> 4 Sin Modificación
0032M006793  10% MEGA ROULETTE 45 GR 00070U0000000000001***************************************************************************0000-------040016863725862 --> 4 Sin Modificación
0032M006794  21% VELA CUMPLEAÑOS Nº 000140U0000000000001***************************************************************************0000-------000130514126541 --> 4 Sin Modificación
0032M006795  21% VELA CUMPLEAÑOS Nº 200140U0000000000001***************************************************************************0000-------000130514126781 --> 4 Sin Modificación
0032M006796  21% VELA CUMPLEAÑOS Nº 100140U0000000000001***************************************************************************0000-------000130514126611 --> 4 Sin Modificación
0032M006797  21% VELA CUMPLEAÑOS Nº 300140U0000000000001***************************************************************************0000-------000130514126851 --> 4 Sin Modificación
0032M006798  21% VELA CUMPLEAÑOS Nº 400140U0000000000001***************************************************************************0000-------000130514126921 --> 4 Sin Modificación
0032M006799  21% VELA CUMPLEAÑOS Nº 500140U0000000000001***************************************************************************0000-------000130514127081 --> 4 Sin Modificación
0032M006800  21% VELA CUMPLEAÑOS Nº 600140U0000000000001***************************************************************************0000-------000130514127151 --> 4 Sin Modificación
0032M006801  21% VELA CUMPLEAÑOS Nº 700140U0000000000001***************************************************************************0000-------000130514127221 --> 4 Sin Modificación
0032M006802  21% VELA CUMPLEAÑOS Nº 800140U0000000000001***************************************************************************0000-------000130514127391 --> 4 Sin Modificación
0032M006803  10% BROCHETA NUBE MY LIT00120U0000000000001***************************************************************************0000-------084350352100942 --> 4 Sin Modificación
0032M006804  10% BROCHETA NUBE TORTUG00140U0000000000001***************************************************************************0000-------084350352078032 --> 4 Sin Modificación
0032M006805  21% MOCHILA PLASTICO VUE00295U0000000000001***************************************************************************0000-------084360237740311 --> 4 Sin Modificación
0032M006806  21% GLOBOS CON PALITO SU00175U0000000000001***************************************************************************0000-------000266352158171 --> 4 Sin Modificación
0032M006807  10% CERVEZA CRUZCAMPO LA00120U0000000000001***************************************************************************0000-------084110901013312 --> 4 Sin Modificación
0032M006808  10% LAPICES CHOCOLATE CA00065U0000000000001***************************************************************************0000-------084139079593022 --> 4 Sin Modificación
0032M006809  10% SAQUITO SURTIDO RELL00350U0000000000001***************************************************************************0000-------084147788054222 --> 4 Sin Modificación
0032M006810  10% SAQUITO SURTIDO RELL00350U0000000000001***************************************************************************0000-------084147788231672 --> 4 Sin Modificación
0032M006811  10% SAQUITO SURTIDO RELL00350U0000000000001***************************************************************************0000-------084147788231742 --> 4 Sin Modificación
0032M006812  10% SAQUITO SURTIDO RELL00350U0000000000001***************************************************************************0000-------084147788231812 --> 4 Sin Modificación
0032M006813  21% FIAMBRERA RELLENA TI00350U0000000000001***************************************************************************0000-------084124973657461 --> 4 Sin Modificación
0032M006814  21% FIAMBRERA RELLENA TI00350U0000000000001***************************************************************************0000-------084124973737411 --> 4 Sin Modificación
0032M006815  21% FIAMBRERA RELLENA TI00350U0000000000001***************************************************************************0000-------084124974737481 --> 4 Sin Modificación
0032M006816  21% FIAMBRERA RELLENA TI00350U0000000000001***************************************************************************0000-------084124974847441 --> 4 Sin Modificación
0032M006817  21% FIAMBRERA RELLENA TI00350U0000000000001***************************************************************************0000-------084124979447431 --> 4 Sin Modificación
0032M006818  10% BOLSITO TELA RELLENO00200U0000000000001***************************************************************************0000-------084360237728772 --> 4 Sin Modificación
0032M006819  21% G. HELIO DRA. JUGUET00380U0000000000001***************************************************************************0000-------000266352753301 --> 4 Sin Modificación
0032M006820  21% G. HELIO TORTUGAS NI00380U0000000000001***************************************************************************0000-------000266352642971 --> 4 Sin Modificación
0032M006821  21% PELUCHE UNICORNIO CO00350U0000000000001***************************************************************************0000-------084360237731401 --> 4 Sin Modificación
0032M006822  21% LIGHT BUBBLE GUN (PI00200U0000000000001***************************************************************************0000-------084360317601871 --> 4 Sin Modificación
0032M006823  21% WARPLANE (HELICOPTER00200U0000000000001***************************************************************************0000-------084360317604841 --> 4 Sin Modificación
0032M006824  21% LAND LIGHT ROBOT (4X00250U0000000000001***************************************************************************0000-------084360317600331 --> 4 Sin Modificación
0032M006825  10% PIRULETA SANTA CLAUS00100U0000000000001***************************************************************************0000-------084360237730722 --> 4 Sin Modificación
0032M006826  10% PIRULETA "TRES REYES00100U0000000000001***************************************************************************0000-------084360237730892 --> 4 Sin Modificación
0032M006827  10% PIRULETA FANTASMA SU00100U0000000000001***************************************************************************0000-------084360237731022 --> 4 Sin Modificación
0032M006828  10% PIRULETA CALABAZA CH00100U0000000000001***************************************************************************0000-------084360237731192 --> 4 Sin Modificación
0032M006829  10% CUBO PLAYA LLENO CEN00180U0000000000001***************************************************************************0000-------084360237724332 --> 4 Sin Modificación
0032M006830  10% HALLS VITA-C LIMA   00120U0000000000001***************************************************************************0000-------052100314     2 --> 4 Sin Modificación
0032M006831  10% BUGGLES 3D'S 28GR   00040U0000000000001***************************************************************************0000-------084101990103772 --> 4 Sin Modificación
0032M006832  10% BASTON CARAMELO 25GR00060U0000000000001***************************************************************************0000-------057017160609242 --> 4 Sin Modificación
0032M006833  10% TUBO LACASITOS      00070U0000000000001***************************************************************************0000-------084107400068112 --> 4 Sin Modificación
0032M006834  10% MONSTER THE DOCTOR  00200U0000000000001***************************************************************************0000-------050603356327462 --> 4 Sin Modificación
0032M006835  21% BURN LATA 500 ML    00190U0000000000001***************************************************************************0000-------050604665133891 --> 4 Sin Modificación
0032M006836  10% CALAVERA RELLENA TIE00350U0000000000001***************************************************************************0000-------084360237729072 --> 4 Sin Modificación
0032M006837  10% ALGODON NEGRO HALLOW00130U0000000000001***************************************************************************0000-------035206115902592 --> 4 Sin Modificación
0032M006838  10% SNACK HORA DE AVENTU00040U0000000000001***************************************************************************0000-------084221145417742 --> 4 Sin Modificación
0032M006839  21% LIGHT APACHE (HELICÓ00200U0000000000001***************************************************************************0000-------084360317588631 --> 4 Sin Modificación
0032M006840  21% COCHE F1 BELROS     00150U0000000000001***************************************************************************0000-------084360317575451 --> 4 Sin Modificación
0032M006842  21% MOVIL IPHONE        00150U0000000000001***************************************************************************0000-------084360317604531 --> 4 Sin Modificación
0032M006843  21% POMPAS FROZEN 60 CC 00080U0000000000001***************************************************************************0000-------080073155910031 --> 4 Sin Modificación
0032M006844  10% PRINGLES ORIGINAL 4000115U0000000000001***************************************************************************0000-------050539901073392 --> 4 Sin Modificación
0032M006845  21% PIÑATA PERFIL TORTUG00550U0000000000001***************************************************************************0000-------084231385248351 --> 4 Sin Modificación
0032M006846  10% QE PALMERA BOLLO/BLA00130U0000000000001***************************************************************************0000-------084100220121342 --> 4 Sin Modificación
0032M006847  10% HUEVO CHOC. BATMAN 200110U0000000000001***************************************************************************0000-------087147861863302 --> 4 Sin Modificación
0032M006848  10% HUEVO CHOC. FROZEN 200110U0000000000001***************************************************************************0000-------080712756     2 --> 4 Sin Modificación
0032M006849  10% PAPA NOEL 25G CHOCOL00080U0000000000001***************************************************************************0000-------084139077347012 --> 4 Sin Modificación
0032M006850  10% REYES MAGOS 25G CHOC00080U0000000000001***************************************************************************0000-------084139077288092 --> 4 Sin Modificación
0032M006851  10% PALMERA INTERGRAL 8500130U0000000000001***************************************************************************0000-------084114390051392 --> 4 Sin Modificación
0032M006852  10% PALMERA BOMBON 115 G00110U0000000000001***************************************************************************0000-------084114440021162 --> 4 Sin Modificación
0032M006853  10% BOLLYCAO            00120U0000000000001***************************************************************************0000-------084100221100762 --> 4 Sin Modificación
0032M006854  10% CAJA ROJA 70G       00150U0000000000001***************************************************************************0000-------084101000491372 --> 4 Sin Modificación
0032M006855  21% CERVEZA 5 ESTRELLAS 00130U0000000000001***************************************************************************0000-------084113271220161 --> 4 Sin Modificación
0032M006856  21% CERVEZA MAHOU CLASIC00130U0000000000001***************************************************************************0000-------084113270220191 --> 4 Sin Modificación
0032M006857  21% KIT CONSTRUCCION (0500150U0000000000001***************************************************************************0000-------050228965561901 --> 4 Sin Modificación
0032M006859  10% CABEZONES NAVIDAD LL00120U0000000000001***************************************************************************0000-------084360237732632 --> 4 Sin Modificación
0032M006860  21% GAFAS EVA NAVIDEÑAS 00100U0000000000001***************************************************************************0000-------084360237732701 --> 4 Sin Modificación
0032M006861  21% PAJITAS COLORES SURT00100U0000000000001***************************************************************************0000-------050255720865781 --> 4 Sin Modificación
0032M006862  10% BOLSITO ARBOL NAVIDA00150U0000000000001***************************************************************************0000-------084360237730032 --> 4 Sin Modificación
0032M006863  10% BOTA TRANSPARENTE LL00350U0000000000001***************************************************************************0000-------084360237729902 --> 4 Sin Modificación
0032M006864  10% BOTA DORADA LLENA CE00350U0000000000001***************************************************************************0000-------084360237729832 --> 4 Sin Modificación
0032M006865  10% PIRULETA MUÑECO NIEV00100U0000000000001***************************************************************************0000-------084360237730962 --> 4 Sin Modificación
0032M006866  10% MILKA TUC 35 GR. LOV00110U0000000000001***************************************************************************0000-------076222102878232 --> 4 Sin Modificación
0032M006867  10% MILKA LU 35 GR. LOVI00110U0000000000001***************************************************************************0000-------076222102878302 --> 4 Sin Modificación
0032M006868  10% PINCHO PEPPA PIG MAR00120U0000000000001***************************************************************************0000-------084353197057112 --> 4 Sin Modificación
0032M006869  21% COCHE POLICIA       00150U0000000000001***************************************************************************0000-------084360317585351 --> 4 Sin Modificación
0032M006870  21% VELA CUMPLEAÑOS Nº 900140U0000000000001***************************************************************************0000-------000130514127461 --> 4 Sin Modificación
0032M006871  10% CABEZONES NAVIDAD LL00120U0000000000001***************************************************************************0000-------084360237728602 --> 4 Sin Modificación
0032M006872  21% HUCHA LATA CHICA LLE00250U0000000000001***************************************************************************0000-------084360237733241 --> 4 Sin Modificación
0032M006873  21% POMPAS PATRULLA CANI00080U0000000000001***************************************************************************0000-------080073155380081 --> 4 Sin Modificación
0032M006874  21% BOLA NAVIDAD PEPPA P00250U0000000000001***************************************************************************0000-------084353197060461 --> 4 Sin Modificación
0032M006875  10% PINTALABIOS FROZEN&V00110U0000000000001***************************************************************************0000-------084365494814992 --> 4 Sin Modificación
0032M006876  10% VASO CANTIMPLORA REN00200U0000000000001***************************************************************************0000-------084360237731262 --> 4 Sin Modificación
0032M006879  21% PELUCHE CACA EMOJI L00700U0000000000001***************************************************************************0000-------050506519897921 --> 4 Sin Modificación
0032M006884  10% ORINAL DE AZUCAR (CA00130U0000000000001***************************************************************************0000-------084218530403262 --> 4 Sin Modificación
0032M006885  10% MARIONETAS DEDO CHOC00120U0000000000001***************************************************************************0000-------054147304135522 --> 4 Sin Modificación
0032M006886  21% TARRO COLORES  (834000200U0000000000001***************************************************************************0000-------050255727276241 --> 4 Sin Modificación
0032M006889  10% PIRULETA CUPIDO 30GR00150U0000000000001***************************************************************************0000-------084360237733622 --> 4 Sin Modificación
0032M006890  10% PIRULETA CONEJO CHOC00140U0000000000001***************************************************************************0000-------084360237733792 --> 4 Sin Modificación
0032M006891  10% PIRULETA OVEJA CHOCO00140U0000000000001***************************************************************************0000-------084360237733862 --> 4 Sin Modificación
0032M006892  10% PATO 75G CON BOLSITA00350U0000000000001***************************************************************************0000-------084360237733932 --> 4 Sin Modificación
0032M006893  10% OVEJA DE CHOCOLATE S00350U0000000000001***************************************************************************0000-------084360237734092 --> 4 Sin Modificación
0032M006894  21% CORDONES SILICONA   00125U0000000000001***************************************************************************0000-------084360237734231 --> 4 Sin Modificación
0032M006895  10% MILKYBAR SNACK 25G  00090U0000000000001***************************************************************************0000-------050004261097332 --> 4 Sin Modificación
0032M006899  10% CHICLE 5 CELSIUS (FR00150U0000000000001***************************************************************************0000-------042268222     2 --> 4 Sin Modificación
0032M006900  21% MINI NOTAS LOVIT    00075U0000000000001***************************************************************************0000-------084360237734851 --> 4 Sin Modificación
0032M006901  21% MINI NOTAS LOVIT    00075U0000000000001***************************************************************************0000-------084360237734921 --> 4 Sin Modificación
0032M006902  21% MINI NOTAS LOVIT    00075U0000000000001***************************************************************************0000-------084360237735081 --> 4 Sin Modificación
0032M006903  21% MINI NOTAS LOVIT    00075U0000000000001***************************************************************************0000-------084360237735221 --> 4 Sin Modificación
0032M006904  21% MINI NOTAS LOVIT    00075U0000000000001***************************************************************************0000-------084360237735391 --> 4 Sin Modificación
0032M006905  21% MINI NOTAS LOVIT    00075U0000000000001***************************************************************************0000-------084360237735461 --> 4 Sin Modificación
0032M006906  21% POMPAS PATRULLA CANI00080U0000000000001***************************************************************************0000-------080073156110081 --> 4 Sin Modificación
0032M006910  10% HUEVO CHOC. SPIDERMA00110U0000000000001***************************************************************************0000-------080703334     2 --> 4 Sin Modificación
0032M006911  10% PIRULETA TE QUIERO  00135U0000000000001***************************************************************************0000-------084218530403572 --> 4 Sin Modificación
0032M006912  10% PIRULETA TOC-TOC FRE00005U0000000000001***************************************************************************0000-------084246210204382 --> 4 Sin Modificación
0032M006913  21% ESTUCHES FRUTAS SURT00050U0000000000001***************************************************************************0000-------084360237735841 --> 4 Sin Modificación
0032M006914  21% ESTUCHES FRUTAS SURT00050U0000000000001***************************************************************************0000-------084360237735911 --> 4 Sin Modificación
0032M006915  21% ESTUCHES FRUTAS SURT00050U0000000000001***************************************************************************0000-------084360237736071 --> 4 Sin Modificación
0032M006916  21% ESTUCHES FRUTAS SURT00050U0000000000001***************************************************************************0000-------084360237736141 --> 4 Sin Modificación
0032M006917  10% HUESITOS (PACK 2 UN)00090U0000000000001***************************************************************************0000-------084100340750112 --> 4 Sin Modificación
0032M006918  10% TOKKE ORIGINAL 47G  00090U0000000000001***************************************************************************0000-------084100340760182 --> 4 Sin Modificación
0032M006919  21% RELOJES SILICONA SUR00450U0000000000001***************************************************************************0000-------084360237736451 --> 4 Sin Modificación
0032M006920  21% RELOJES SILICONA SUR00450U0000000000001***************************************************************************0000-------084360237736521 --> 4 Sin Modificación
0032M006921  21% RELOJES SILICONA SUR00450U0000000000001***************************************************************************0000-------084360237736691 --> 4 Sin Modificación
0032M006922  21% RELOJES SILICONA SUR00450U0000000000001***************************************************************************0000-------084360237736761 --> 4 Sin Modificación
0032M006923  21% RELOJES SILICONA SUR00450U0000000000001***************************************************************************0000-------084360237736831 --> 4 Sin Modificación
0032M006924  21% FUNDAS MOVIL SURTIDA00200U0000000000001***************************************************************************0000-------084360237736901 --> 4 Sin Modificación
0032M006925  21% FUNDAS MOVIL SURTIDA00200U0000000000001***************************************************************************0000-------084360237737061 --> 4 Sin Modificación
0032M006926  21% FUNDAS MOVIL SURTIDA00200U0000000000001***************************************************************************0000-------084360237737131 --> 4 Sin Modificación
0032M006927  21% FUNDAS MOVIL SURTIDA00200U0000000000001***************************************************************************0000-------084360237737201 --> 4 Sin Modificación
0032M006928  21% LIBRETAS DIVER SURTI00350U0000000000001***************************************************************************0000-------084360237737371 --> 4 Sin Modificación
0032M006929  21% LIBRETAS DIVER SURTI00350U0000000000001***************************************************************************0000-------084360237737441 --> 4 Sin Modificación
0032M006930  21% LIBRETAS DIVER SURTI00350U0000000000001***************************************************************************0000-------084360237737511 --> 4 Sin Modificación
0032M006931  21% LIBRETAS DIVER SURTI00350U0000000000001***************************************************************************0000-------084360237737681 --> 4 Sin Modificación
0032M006932  21% LIBRETAS DIVER SURTI00350U0000000000001***************************************************************************0000-------084360237737751 --> 4 Sin Modificación
0032M006936  21% BOLIGRAFO POMPON    00050U0000000000001***************************************************************************0000-------084147784524661 --> 4 Sin Modificación
0032M006937  21% ESTUCHE CAMPANILLA  00150U0000000000001***************************************************************************0000-------084147782069531 --> 4 Sin Modificación
0032B006938  21% VASOS NACIONALIDADES00000U0000000000001                                                                           0000-------084360237738431 --> 99
0032B006939  21% VASOS NACIONALIDADES00200U0000000000001                                                                           0000-------084360237738361 --> 99
0032B006940  21% VASOS NACIONALIDADES00200U0000000000001                                                                           0000-------084360237738291 --> 99
0032B006941  21% VASOS NACIONALIDADES00200U0000000000001                                                                           0000-------084360237738121 --> 99
0032M006943  21% MUÑECAS COLOREABLES 00230U0000000000001***************************************************************************0000-------084360237738501 --> 4 Sin Modificación
0032M006944  21% MUÑECAS COLOREABLES 00230U0000000000001***************************************************************************0000-------084360237738671 --> 4 Sin Modificación
0032M006945  21% MUÑECAS COLOREABLES 00230U0000000000001***************************************************************************0000-------084360237738741 --> 4 Sin Modificación
0032M006946  21% MUÑECAS COLOREABLES 00230U0000000000001***************************************************************************0000-------084360237738811 --> 4 Sin Modificación
0032M006947  21% MUÑECAS COLOREABLES 00230U0000000000001***************************************************************************0000-------084360237738981 --> 4 Sin Modificación
0032M006948  21% MUÑECAS COLOREABLES 00230U0000000000001***************************************************************************0000-------084360237739041 --> 4 Sin Modificación
0032M006949  21% MUÑECAS COLOREABLES 00230U0000000000001***************************************************************************0000-------084360237739111 --> 4 Sin Modificación
0032M006950  21% MUÑECAS COLOREABLES 00230U0000000000001***************************************************************************0000-------084360237739281 --> 4 Sin Modificación
0032M006951  21% MUÑECAS COLOREABLES 00230U0000000000001***************************************************************************0000-------084360237739351 --> 4 Sin Modificación
0032M006952  10% PATATAS FRITAS BELRO00120U0000000000001***************************************************************************0000-------084800003251982 --> 4 Sin Modificación
0032M006953  21% PIÑATA PERFIL PEPPA 00550U0000000000001***************************************************************************0000-------084231385221831 --> 4 Sin Modificación
0032M006954  10% FRITOS BARBACOA 49GR00040U0000000000001***************************************************************************0000-------084101990103842 --> 4 Sin Modificación
0032M006955  21% PROYECTOR MINIONS   00120U0000000000001***************************************************************************0000-------084365494836841 --> 4 Sin Modificación
0032M006956  21% GLOBOS CON PALITO SU00175U0000000000001***************************************************************************0000-------000266352995721 --> 4 Sin Modificación
0032M006957  21% PISTOLAS DE AGUA BEL00195U0000000000001***************************************************************************0000-------084360237739731 --> 4 Sin Modificación
0032M006958  21% PISTOLAS DE AGUA BEL00195U0000000000001***************************************************************************0000-------084360237739801 --> 4 Sin Modificación
0032M006959  21% LANCHAS SURTIDAS (VA00160U0000000000001***************************************************************************0000-------084360237739971 --> 4 Sin Modificación
0032M006960  21% LANCHAS SURTIDAS (VA00160U0000000000001***************************************************************************0000-------084360237740001 --> 4 Sin Modificación
0032M006961  21% LANCHAS SURTIDAS (VA00160U0000000000001***************************************************************************0000-------084360237740171 --> 4 Sin Modificación
0032M006962  10% HUEVO CHOC. FROZEN 200110U0000000000001***************************************************************************0000-------080578482     2 --> 4 Sin Modificación
0032M006963  21% G. F.HEL.KITTY SUMME00520U0000000000001***************************************************************************0000-------000130510012851 --> 4 Sin Modificación
0032M006964  21% PIÑATA PERFIL SPIDER00550U0000000000001***************************************************************************0000-------084231385239751 --> 4 Sin Modificación
0032M006965  10% BITS TWISTIES 48G   00040U0000000000001***************************************************************************0000-------084101990016652 --> 4 Sin Modificación
0032M006966  10% GUAU                00015U0000000000001***************************************************************************0000-------084246210201552 --> 4 Sin Modificación
0032M006967  10% BOTELLA COLA CAO ENE00110U0000000000001***************************************************************************0000-------084101281917022 --> 4 Sin Modificación
0032M006968  10% VASO TUBO ANIMALES L00250U0000000000001***************************************************************************0000-------084360237731332 --> 4 Sin Modificación
0032M006969  21% TAZAS SURTIDAS (VACI00250U0000000000001***************************************************************************0000-------084360237739661 --> 4 Sin Modificación
0032M006970  21% MINI LLAVEROS SURTID00170U0000000000001***************************************************************************0000-------084360237740241 --> 4 Sin Modificación
0032M006971  10% JOJITO 7GR          00020U0000000000001***************************************************************************0000-------084105730200152 --> 4 Sin Modificación
0032M006972  21% PEONZA              00175U0000000000001***************************************************************************0000-------084370117695341 --> 4 Sin Modificación
0032M006973  10% SKITTLES FRUIT 38 GR00110U0000000000001***************************************************************************0000-------050001593766552 --> 4 Sin Modificación
0032M006974  10% BATIDO OKEY CACAO LA00100U0000000000001***************************************************************************0000-------084101281917332 --> 4 Sin Modificación
0032M006975  10% BATIDO OKEY VAINILLA00100U0000000000001***************************************************************************0000-------084101281917952 --> 4 Sin Modificación
0032M006976  21% PIÑATA PERFIL MICKEY00550U0000000000001***************************************************************************0000-------084231385200421 --> 4 Sin Modificación
0032M006977  21% PIÑATA PERFIL HORA A00550U0000000000001***************************************************************************0000-------084231385297551 --> 4 Sin Modificación
0032M006978  10% CERVEZA MAHOU SIN LA00130U0000000000001***************************************************************************0000-------084113277220182 --> 4 Sin Modificación
0032B006979  21% MOCHILA PLASTICO VUE00295U0000000000001                                                                           0000-------084360237740311 --> 99
0032B006980  21% MOCHILA PLASTICO VUE00295U0000000000001                                                                           0000-------084360237740481 --> 99
0032M006981  21% VENTILADOR MINIONS  00390U0000000000001***************************************************************************0000-------084365494844831 --> 4 Sin Modificación
0032M006982  10% CESTAS PAPEL LLENAS 00250U0000000000001***************************************************************************0000-------084360237732322 --> 4 Sin Modificación
0032M006984  10% CESTAS PAPEL LLENAS 00250U0000000000001***************************************************************************0000-------084360237732492 --> 4 Sin Modificación
0032M006985  10% CESTAS PAPEL LLENAS 00250U0000000000001***************************************************************************0000-------084360237732562 --> 4 Sin Modificación
0032M006986  10% GALLINA PAPEL LLENA 00250U0000000000001***************************************************************************0000-------084360237732872 --> 4 Sin Modificación
0032M006987  10% ZANAHORIA PAPEL LLEN00250U0000000000001***************************************************************************0000-------084360237733002 --> 4 Sin Modificación
0032M006988  10% ZANAHORIA PAPEL LLEN00250U0000000000001***************************************************************************0000-------084360237733172 --> 4 Sin Modificación
0032M006989  10% PINTALABIOS SOY LUNA00110U0000000000001***************************************************************************0000-------084365494842092 --> 4 Sin Modificación
0032M006990  10% GALLINA PAPEL LLENA 00250U0000000000001***************************************************************************0000-------084360237732872 --> 4 Sin Modificación
0032M006991  10% GALLINA PAPEL LLENA 00250U0000000000001***************************************************************************0000-------084360237732942 --> 4 Sin Modificación
0032M006992  21% POMPAS PRINCESAS 60 00080U0000000000001***************************************************************************0000-------084231385227561 --> 4 Sin Modificación
0032M006993  10% ARROZ INFLADO 10 GR 00020U0000000000001***************************************************************************0000-------084112060009302 --> 4 Sin Modificación
0032M006995  10% SURTIDO TARTAS PEQUE01800U0000000000001***************************************************************************0000-------084360237740552 --> 4 Sin Modificación
0032M006996  10% EXPOSITOR CHOCO XXL 00100U0000000000001***************************************************************************0000-------059009510207042 --> 4 Sin Modificación
0032M006997  10% EXPOSITOR CHOCO XXL 00100U0000000000001***************************************************************************0000-------059009510285022 --> 4 Sin Modificación
0032M006998  10% EXPOSITOR CHOCO XXL 00100U0000000000001***************************************************************************0000-------050001594074102 --> 4 Sin Modificación
0032M006999  21% PELUCHE BALON       00300U0000000000001***************************************************************************0000-------084360237732251 --> 4 Sin Modificación
0032M007000  10% LAY'S XTRA MOSTAZA &00150U0000000000001***************************************************************************0000-------084101990083742 --> 4 Sin Modificación
0032M007001  10% BOLA ROJA 8 GR      00020U0000000000001***************************************************************************0000-------084112060049212 --> 4 Sin Modificación
0032M007003  10% HUEVO CHOCOLATE DISN00300U0000000000001***************************************************************************0000-------084107400512002 --> 4 Sin Modificación
0032M007004  21% PISTOLAS DE AGUA BEL00195U0000000000001***************************************************************************0000-------084370117694661 --> 4 Sin Modificación
0032M007005  21% CANDY CAM AVENGERS  00140U0000000000001***************************************************************************0000-------084365494833251 --> 4 Sin Modificación
0032M007006  21% VENTILADOR FROZEN   00150U0000000000001***************************************************************************0000-------084365494833871 --> 4 Sin Modificación
0032M007007  10% TRIDENT GRAGEA MELON00080U0000000000001***************************************************************************0000-------076222102509332 --> 4 Sin Modificación
0032M007009  10% MINIBOLLYCAO CLASICO00130U0000000000001***************************************************************************0000-------084100221097732 --> 4 Sin Modificación
0032M007010  10% DONETTES 5 95GR     00100U0000000000001***************************************************************************0000-------084100221090942 --> 4 Sin Modificación
0032M007011  21% CAMION MASCOTAS LLEN00250U0000000000001***************************************************************************0000-------084360237741231 --> 4 Sin Modificación
0032M007012  21% CAMION MASCOTAS LLEN00250U0000000000001***************************************************************************0000-------084360237741301 --> 4 Sin Modificación
0032M007013  21% CAMION MASCOTAS LLEN00250U0000000000001***************************************************************************0000-------084360237741471 --> 4 Sin Modificación
0032M007014  21% CAMION MASCOTAS LLEN00250U0000000000001***************************************************************************0000-------084360237741541 --> 4 Sin Modificación
0032M007015  21% CAMION MASCOTAS LLEN00250U0000000000001***************************************************************************0000-------084360237707121 --> 4 Sin Modificación
0032M007016  21% VASO CANTIMPLORA LLE00260U0000000000001***************************************************************************0000-------084360237741851 --> 4 Sin Modificación
0032M007017  21% VASO CANTIMPLORA LLE00260U0000000000001***************************************************************************0000-------084360237741921 --> 4 Sin Modificación
0032M007018  21% VASO CANTIMPLORA LLE00260U0000000000001***************************************************************************0000-------084360237742081 --> 4 Sin Modificación
0032M007019  21% HUCHA BOLA SURTIDA (00270U0000000000001***************************************************************************0000-------084360237740621 --> 4 Sin Modificación
0032M007020  21% HUCHA BOLA SURTIDA (00270U0000000000001***************************************************************************0000-------084360237740791 --> 4 Sin Modificación
0032M007021  21% HUCHA BOLA SURTIDA (00270U0000000000001***************************************************************************0000-------084360237740861 --> 4 Sin Modificación
0032M007022  21% HUCHA BOLA SURTIDA (00270U0000000000001***************************************************************************0000-------084360237740931 --> 4 Sin Modificación
0032M007023  21% HUCHA BOLA SURTIDA (00270U0000000000001***************************************************************************0000-------084360237741091 --> 4 Sin Modificación
0032M007024  21% HUCHA BOLA SURTIDA (00270U0000000000001***************************************************************************0000-------084360237741161 --> 4 Sin Modificación
0032M007025  21% CAMION MASCOTAS LLEN00250U0000000000001***************************************************************************0000-------084360237741611 --> 4 Sin Modificación
0032M007026  21% CAMION MASCOTAS LLEN00250U0000000000001***************************************************************************0000-------084360237741781 --> 4 Sin Modificación
0032M007027  21% PELUCHE PERRO CLASIC00300U0000000000001***************************************************************************0000-------084360237731641 --> 4 Sin Modificación
0032M007028  21% PELUCHE LEON CLASICO00300U0000000000001***************************************************************************0000-------084360237731711 --> 4 Sin Modificación
0032M007029  21% PELUCHE ELEFANTE CLA00300U0000000000001***************************************************************************0000-------084360237731881 --> 4 Sin Modificación
0032M007030  21% PELUCHE JIRAFA CLASI00300U0000000000001***************************************************************************0000-------084360237731951 --> 4 Sin Modificación
0032M007031  21% PELUCHE VACA CLASICO00300U0000000000001***************************************************************************0000-------084360237732011 --> 4 Sin Modificación
0032M007032  21% PELUCHE HIPO CLASICO00300U0000000000001***************************************************************************0000-------084360237732181 --> 4 Sin Modificación
0032M007033  21% GAFAS EVA NAVIDEÑAS 00100U0000000000001***************************************************************************0000-------084360237742221 --> 4 Sin Modificación
0032M007034  21% GAFAS EVA NAVIDEÑAS 00100U0000000000001***************************************************************************0000-------084360237742391 --> 4 Sin Modificación
0032M007035  21% GAFAS EVA NAVIDEÑAS 00100U0000000000001***************************************************************************0000-------084360237742461 --> 4 Sin Modificación
0032M007036  21% PEONZA              00175U0000000000001***************************************************************************0000-------084370117695341 --> 4 Sin Modificación
0032M007037  10% LAYS CAMPESINA 36G  00050U0000000000001***************************************************************************0000-------084101990122342 --> 4 Sin Modificación
0032M007038  10% MASCOTAS 28 GRS.    00045U0000000000001***************************************************************************0000-------084221145417052 --> 4 Sin Modificación
0032M007041  10% GUAU                00015U0000000000001***************************************************************************0000-------084360237734302 --> 4 Sin Modificación
0032M007042  10% CHOCO&TOYS FROZEN 2000150U0000000000001***************************************************************************0000-------084365494836222 --> 4 Sin Modificación
0032M007043  10% CHOCO&TOYS VENGADORE00150U0000000000001***************************************************************************0000-------084365494836532 --> 4 Sin Modificación
0032M007044  10% PATATAS FRITAS ACIDA00020U0000000000001***************************************************************************0000-------084360361807372 --> 4 Sin Modificación
0032M007047  10% HELADERA RELLENA TIE00320U0000000000001***************************************************************************0000-------084360237742842 --> 4 Sin Modificación
0032M007048  10% MONSTER GREEN ENERGY00200U0000000000001***************************************************************************0000-------050601666979762 --> 4 Sin Modificación
0032M007049  10% BOLSITO TELA RELLENO00200U0000000000001***************************************************************************0000-------084360237743212 --> 4 Sin Modificación
0032M007050  10% BOTA MUÑECO NIEVE LL00350U0000000000001***************************************************************************0000-------084360237743452 --> 4 Sin Modificación
0032M007051  10% BOTA PAPA NOEL RELLE00350U0000000000001***************************************************************************0000-------084360237743382 --> 4 Sin Modificación
0032M007052  10% BOLA EMOTICONO LLENA00100U0000000000001***************************************************************************0000-------084360237730652 --> 4 Sin Modificación
0032M007055  21% G. HELIO VENGADORES 00420U0000000000001***************************************************************************0000-------000266352644571 --> 4 Sin Modificación
0032M007056  21% G. FORMAS MINION (re00520U0000000000001***************************************************************************0000-------000266352995411 --> 4 Sin Modificación
0032M007057  21% MALETIN GRANDE LLENO00310U0000000000001***************************************************************************0000-------084360237744441 --> 4 Sin Modificación
0032M007058  21% MALETIN GRANDE LLENO00310U0000000000001***************************************************************************0000-------084360237744511 --> 4 Sin Modificación
0032M007059  21% CUBO LATA SURTIDO (V00150U0000000000001***************************************************************************0000-------084360237744681 --> 4 Sin Modificación
0032M007060  21% CUBO LATA SURTIDO (V00150U0000000000001***************************************************************************0000-------084360237744751 --> 4 Sin Modificación
0032M007061  21% CUBO LATA SURTIDO (V00150U0000000000001***************************************************************************0000-------084360237744821 --> 4 Sin Modificación
0032M007062  10% GUSITO BELROS 7 GR  00020U0000000000001***************************************************************************0000-------084360237734782 --> 4 Sin Modificación
0032B007063  10% TABLETON NEGRO      00850U0000000000001                                                                           0000-------084146020052882 --> 99
0032B007064  10% TABLETON LECHE      00850U0000000000001                                                                           0000-------084146020051652 --> 99
0032B007065  10% CARTON FRUTAS 450 GR00800U0000000000001                                                                           0000-------084146020010752 --> 99
0032B007066  10% ADOQUIN BLISTER     00600U0000000000001                                                                           0000-------084146020070152 --> 99
0032M007067  21% HUCHA LATA CHICA LLE00250U0000000000001***************************************************************************0000-------084360237744991 --> 4 Sin Modificación
0032M007068  21% HUCHA LATA CHICA LLE00250U0000000000001***************************************************************************0000-------084360237745051 --> 4 Sin Modificación
0032M007071  10% BOLSITO FIELTRO REYE00350U0000000000001***************************************************************************0000-------084360237745502 --> 4 Sin Modificación
0032M007072  10% BOLSITO FIELTRO REYE00350U0000000000001***************************************************************************0000-------084360237745672 --> 4 Sin Modificación
0032M007073  10% BOLSITO FIELTRO REYE00350U0000000000001***************************************************************************0000-------084360237745742 --> 4 Sin Modificación
0032M007074  10% BOLSITO FIELTRO CAME00350U0000000000001***************************************************************************0000-------084360237745812 --> 4 Sin Modificación
0032M007075  21% COCHE F1 BELROS     00150U0000000000001***************************************************************************0000-------084360317575451 --> 4 Sin Modificación
0032M007076  21% COCHE F-1 BELROS LLE00210U0000000000001***************************************************************************0000-------084360237737821 --> 4 Sin Modificación
0032M007077  21% COCHE F-1 BELROS LLE00210U0000000000001***************************************************************************0000-------084360237737991 --> 4 Sin Modificación
0032M007078  21% COCHE F-1 BELROS LLE00210U0000000000001***************************************************************************0000-------084360237738051 --> 4 Sin Modificación
0032M007079  21% CALCETINES COLGAR PE00150U0000000000001***************************************************************************0000-------084360237745121 --> 4 Sin Modificación
0032M007080  21% CALCETINES COLGAR PE00150U0000000000001***************************************************************************0000-------084360237745291 --> 4 Sin Modificación
0032M007081  21% CALCETINES COLGAR PE00150U0000000000001***************************************************************************0000-------084360237745361 --> 4 Sin Modificación
0032M007082  21% CALCETINES COLGAR PE00150U0000000000001***************************************************************************0000-------084360237745431 --> 4 Sin Modificación
0032M007083  21% PELUCHE OSO RENO    00400U0000000000001***************************************************************************0000-------084360237746351 --> 4 Sin Modificación
0032M007084  21% PELUCHE OSO SANTA   00400U0000000000001***************************************************************************0000-------084360237746421 --> 4 Sin Modificación
0032M007085  21% PELUCHE BAILARINA   00400U0000000000001***************************************************************************0000-------084360237746591 --> 4 Sin Modificación
0032M007086  21% PELUCHE OSO CORAZON 00400U0000000000001***************************************************************************0000-------084360237746661 --> 4 Sin Modificación
0032M007087  10% PATATAS FRITAS BELRO00120U0000000000001***************************************************************************0000-------084360237734162 --> 4 Sin Modificación
0032M007089  10% MENTOS CHOCO STICK  00110U0000000000001***************************************************************************0000-------046144485     2 --> 4 Sin Modificación
0032M007090  10% MENTOS CHOCO WHITE S00110U0000000000001***************************************************************************0000-------046144492     2 --> 4 Sin Modificación
0032M007091  10% BOTA REYES MAGOS LLE00350U0000000000001***************************************************************************0000-------084360237746732 --> 4 Sin Modificación
0032M007092  10% BOTA REYES MAGOS LLE00350U0000000000001***************************************************************************0000-------084360237746802 --> 4 Sin Modificación
0032M007093  10% BOTA REYES MAGOS LLE00350U0000000000001***************************************************************************0000-------084360237746972 --> 4 Sin Modificación
0032M007094  21% ESPADA CARAMELO STAR00300U0000000000001***************************************************************************0000-------048950690276261 --> 4 Sin Modificación
0032M007095  21% BOTELLA PLEGABLE NIÑ00230U0000000000001***************************************************************************0000-------084353751256211 --> 4 Sin Modificación
0032M007096  21% MINI NOTAS LOVIT    00075U0000000000001***************************************************************************0000-------084360237735151 --> 4 Sin Modificación
0032M007097  10% TRIDENT 60 MIN.FRESC00110U0000000000001***************************************************************************0000-------076223007953132 --> 4 Sin Modificación
0032M007098  10% TRIDENT 60 MIN.FRESC00110U0000000000001***************************************************************************0000-------076223007954122 --> 4 Sin Modificación
0032M007099  10% POWERADE ICE        00250U0000000000001***************************************************************************0000-------054492653     2 --> 4 Sin Modificación
0032M007100  21% DISCO VOLADOR CUBO P00140U0000000000001***************************************************************************0000-------084370117696881 --> 4 Sin Modificación
0032M007101  10% ALGODON DE AZUCAR HE00130U0000000000001***************************************************************************0000-------084350351921232 --> 4 Sin Modificación
0032M007102  10% DISCOS OBLEA 20 CM M00200U0000000000001***************************************************************************0000-------084350352136992 --> 4 Sin Modificación
0032M007103  10% DISCOS OBLEA 20 CM C00200U0000000000001***************************************************************************0000-------084350352138042 --> 4 Sin Modificación
0032B007104  21% ESTUCHES ANIMALES   00150U0000000000001                                                                           0000-------084360237747581 --> 99
0032B007105  21% ESTUCHES ANIMALES   00150U0000000000001                                                                           0000-------084360237747651 --> 99
0032B007106  21% ESTUCHES ANIMALES   00150U0000000000001                                                                           0000-------084360237747721 --> 99
0032B007107  21% ESTUCHES ANIMALES   00150U0000000000001                                                                           0000-------084360237747891 --> 99
0032M007108  10% JUMPERS KETCHUP 42GR00040U0000000000001***************************************************************************0000-------084222839410302 --> 4 Sin Modificación
0032M007109  10% MISTERCORN AMERICA 900130U0000000000001***************************************************************************0000-------084131640082252 --> 4 Sin Modificación
0032M007110  21% GLOBO FOIL PLATA Nº 00795U0000000000001***************************************************************************0000-------008478810009471 --> 4 Sin Modificación
0032M007111  21% GLOBO FOIL PLATA Nº 00795U0000000000001***************************************************************************0000-------008478810009541 --> 4 Sin Modificación
0032M007112  21% GLOBO FOIL PLATA Nº 00795U0000000000001***************************************************************************0000-------008478810009611 --> 4 Sin Modificación
0032M007113  21% GLOBO FOIL PLATA Nº 00795U0000000000001***************************************************************************0000-------008478810009781 --> 4 Sin Modificación
0032M007114  21% GLOBO FOIL PLATA Nº 00795U0000000000001***************************************************************************0000-------008478810009851 --> 4 Sin Modificación
0032M007115  21% GLOBO FOIL PLATA Nº 00795U0000000000001***************************************************************************0000-------008478810009921 --> 4 Sin Modificación
0032M007116  21% GLOBO FOIL PLATA Nº 00795U0000000000001***************************************************************************0000-------008478810010051 --> 4 Sin Modificación
0032M007117  21% GLOBO FOIL PLATA Nº 00795U0000000000001***************************************************************************0000-------008478810010121 --> 4 Sin Modificación
0032M007118  21% GLOBO FOIL PLATA Nº 00795U0000000000001***************************************************************************0000-------008478810010291 --> 4 Sin Modificación
0032M007119  21% GLOBO FOIL PLATA Nº 00795U0000000000001***************************************************************************0000-------008478810010361 --> 4 Sin Modificación
0032M007120  10% PUNTAZOS BARBACOA 4800035U0000000000001***************************************************************************0000-------084105730237022 --> 4 Sin Modificación
0032M007121  10% DR. PEPPER LATA 33CL00120U0000000000001***************************************************************************0000-------050178188001162 --> 4 Sin Modificación
0032M007122  10% MINI BOLSITAS TROLLI00015U0000000000001***************************************************************************0000-------084360361895702 --> 4 Sin Modificación
0032M007123  10% MINI BOLSITAS TROLLI00015U0000000000001***************************************************************************0000-------084360361895632 --> 4 Sin Modificación
0032M007124  10% MINI BOLSITAS TROLLI00015U0000000000001***************************************************************************0000-------084360361895562 --> 4 Sin Modificación
0032M007125  21% PELUCHE OSO PIÑA    00300U0000000000001***************************************************************************0000-------084360237736211 --> 4 Sin Modificación
0032M007126  21% PELUCHE OSO FRESA   00300U0000000000001***************************************************************************0000-------084360237736381 --> 4 Sin Modificación
0032M007127  21% MANGUITOS MINNIE 23X00099U0000000000001***************************************************************************0000-------069421389195091 --> 4 Sin Modificación
0032M007128  21% MANGUITOS MICKEY 23X00099U0000000000001***************************************************************************0000-------069421389194861 --> 4 Sin Modificación
0032M007130  21% PIÑATA PERFIL SPIDER00550U0000000000001***************************************************************************0000-------084231385239821 --> 4 Sin Modificación
0032M007131  21% PACK GLOBOFLEXIA + I00230U0000000000001***************************************************************************0000-------084365408642771 --> 4 Sin Modificación
0032M007132  10% PINCHO MINIONS      00120U0000000000001***************************************************************************0000-------084353197062202 --> 4 Sin Modificación
0032M007133  10% PINCHO MINIONS      00120U0000000000001***************************************************************************0000-------084353197062822 --> 4 Sin Modificación
0032M007134  21% PELUCHE GATO CON BOL00350U0000000000001***************************************************************************0000-------084360237748021 --> 4 Sin Modificación
0032B007135  10% VASO NACIONALIDADES 00300U0000000000001                                                                           0000-------084360237738122 --> 99
0032B007136  10% VASO NACIONALIDADES 00300U0000000000001                                                                           0000-------084360237738292 --> 99
0032B007137  10% VASO NACIONALIDADES 00300U0000000000001                                                                           0000-------084360237738362 --> 99
0032M007138  21% BOLIGRAFO JUMBO PRIN00100U0000000000001***************************************************************************0000-------084147788066101 --> 4 Sin Modificación
0032M007139  21% BOLIGRAFO JUMBO TORT00100U0000000000001***************************************************************************0000-------084147788111401 --> 4 Sin Modificación
0032M007140  21% BOLIGRAFO JUMBO CARS00100U0000000000001***************************************************************************0000-------084147788111571 --> 4 Sin Modificación
0032M007141  21% LIBRETA + BOLI PRINC00100U0000000000001***************************************************************************0000-------084147788061601 --> 4 Sin Modificación
0032M007142  10% QE CAÑA             00120U0000000000001***************************************************************************0000-------084110620620422 --> 4 Sin Modificación
0032M007144  21% ANIMALOCOS SURTIDOS 00050U0000000000001***************************************************************************0000-------069885623489591 --> 4 Sin Modificación
0032M007146  10% COCA COLA ZERO SIN C00120U0000000000001***************************************************************************0000-------054490001693272 --> 4 Sin Modificación
0032M007147  21% CONSOLA AGUA        00150U0000000000001***************************************************************************0000-------084360317605141 --> 4 Sin Modificación
0032M007148  10% HAPPY BOX RELLENO CE00100U0000000000001***************************************************************************0000-------084360237748192 --> 4 Sin Modificación
0032M007149  10% HAPPY BOX RELLENO CE00100U0000000000001***************************************************************************0000-------084360237748262 --> 4 Sin Modificación
0032M007150  21% JOYERO FROZEN 42G   00140U0000000000001***************************************************************************0000-------084365494840871 --> 4 Sin Modificación
0032M007152  21% SHANDI MIXTA LATA 3300130U0000000000001***************************************************************************0000-------084113271031211 --> 4 Sin Modificación
0032M007153  21% SHANDI MIXTA LATA 3300130U0000000000001***************************************************************************0000-------084113270000861 --> 4 Sin Modificación
0032M007154  21% HUEVO MAGICO DINO PE00250U0000000000001***************************************************************************0000-------035618632982581 --> 4 Sin Modificación
0032M007155  10% DORITOS CHILLI 150 G00150U0000000000001***************************************************************************0000-------084101990070252 --> 4 Sin Modificación
0032B007160  10% ORBIT WHITE HIERBABU00080U0000000000001                                                                           0000-------042070733     2 --> 99
0032M007161  21% MOTO CARRERAS LLENA 00210U0000000000001***************************************************************************0000-------084360237735771 --> 4 Sin Modificación
0032M007162  21% MOTO CARRERAS LLENA 00210U0000000000001***************************************************************************0000-------084360237735531 --> 4 Sin Modificación
0032M007163  21% MOTO CARRERAS LLENA 00210U0000000000001***************************************************************************0000-------084360237735601 --> 4 Sin Modificación
0032M007164  21% PELUCHE CLASICO CEBR00300U0000000000001***************************************************************************0000-------084360237748401 --> 4 Sin Modificación
0032M007165  21% PELUCHE CLASICO TIGR00300U0000000000001***************************************************************************0000-------084360237748571 --> 4 Sin Modificación
0032M007166  10% PINCHO STAR WARS 30G00120U0000000000001***************************************************************************0000-------084350352135212 --> 4 Sin Modificación
0032M007167  10% PIRULETA NUBE MICKEY00100U0000000000001***************************************************************************0000-------084350352131942 --> 4 Sin Modificación
0032M007168  10% DORITOS TEX-MEX 150G00150U0000000000001***************************************************************************0000-------084101990012902 --> 4 Sin Modificación
0032M007169  10% GRAJEADO TATTOO MINI00060U0000000000001***************************************************************************0000-------084360465526162 --> 4 Sin Modificación
0032M007170  10% MASMELO FINITRONC EN00015U0000000000001***************************************************************************0000-------084105251853422 --> 4 Sin Modificación
0032M007171  10% CANDY SPRAY MINIONS 00120U0000000000001***************************************************************************0000-------084365494842542 --> 4 Sin Modificación
0032M007172  10% PIRULETA SANTA CLAUS00100U0000000000001***************************************************************************0000-------084360237748642 --> 4 Sin Modificación
0032B007173  10% PIRULETA RENO       00100U0000000000001                                                                           0000-------084360237748882 --> 99
0032M007174  10% TE ARIZONA 500 ML GI00210U0000000000001***************************************************************************0000-------006130087307342 --> 4 Sin Modificación
0032M007175  10% TE ARIZONA 500 ML BL00210U0000000000001***************************************************************************0000-------006130087307722 --> 4 Sin Modificación
0032M007177  10% SNACK MINIONS 35G   00070U0000000000001***************************************************************************0000-------084221145709722 --> 4 Sin Modificación
0032M007178  10% CHICLE SUPER HIPER A00020U0000000000001***************************************************************************0000-------078610085112492 --> 4 Sin Modificación
0032M007179  10% LOLLIPOP HALLOWEEN  00450U0000000000001***************************************************************************0000-------084365494852822 --> 4 Sin Modificación
0032M007180  21% G. HELIO "ES UN NIÑO00420U0000000000001***************************************************************************0000-------000266353116011 --> 4 Sin Modificación
0032M007181  21% G. HELIO "ES UNA NIÑ00420U0000000000001***************************************************************************0000-------000266353115951 --> 4 Sin Modificación
0032M007182  21% GLOBOS CON PALITO SU00175U0000000000001***************************************************************************0000-------000266353016331 --> 4 Sin Modificación
0032M007184  10% BOLS. FIELTRO NIÑA H00250U0000000000001***************************************************************************0000-------084360237743832 --> 4 Sin Modificación
0032M007185  10% BOLSITO FIELTRO MONS00250U0000000000001***************************************************************************0000-------084360237743902 --> 4 Sin Modificación
0032M007186  10% CHOCOLATINA LACASITO00050U0000000000001***************************************************************************0000-------084107409043462 --> 4 Sin Modificación
0032M007187  21% CABEZA STAR WARS    00250U0000000000001***************************************************************************0000-------084350352135141 --> 4 Sin Modificación
0032M007188  21% BOLSITO ASA LATA LLE00310U0000000000001***************************************************************************0000-------084360237764931 --> 4 Sin Modificación
0032M007189  21% BOLSITO ASA LATA LLE00310U0000000000001***************************************************************************0000-------084360237765091 --> 4 Sin Modificación
0032B007190  21% BOLSITO ASA LATA LLE00310U0000000000001                                                                           0000-------084360237765161 --> 99
0032B007191  10% ESTUCHE ANIMALES LLE00250U0000000000001                                                                           0000-------084360237747582 --> 99
0032B007192  10% ESTUCHE ANIMALES LLE00250U0000000000001                                                                           0000-------084360237747652 --> 99
0032B007193  10% ESTUCHE ANIMALES LLE00250U0000000000001                                                                           0000-------084360237747722 --> 99
0032B007194  10% ESTUCHE ANIMALES LLE00250U0000000000001                                                                           0000-------084360237747892 --> 99
0032B007195  10% MOCHILA PLASTICO LLE00500U0000000000001                                                                           0000-------084360237740312 --> 99
0032B007196  10% MOCHILA PLASTICO LLE00500U0000000000001                                                                           0000-------084360237740482 --> 99
0032M007197  10% DR. PEPPER LATA 33CL00120U0000000000001***************************************************************************0000-------054490000677152 --> 4 Sin Modificación
0032M007198  10% CHICLE SUPER HIPER A00020U0000000000001***************************************************************************0000-------078610085112322 --> 4 Sin Modificación
0032M007199  10% CHICLE SUPER HIPER A00020U0000000000001***************************************************************************0000-------078610085112252 --> 4 Sin Modificación
0032M007200  10% PAJITAS KETCHUPS 12G00030U0000000000001***************************************************************************0000-------084118595510182 --> 4 Sin Modificación
0032M007201  10% HUEVO CHOC. FROZEN 200110U0000000000001***************************************************************************0000-------080712756     2 --> 4 Sin Modificación
0032M007202  10% HUEVO CHOC. BATMAN 200110U0000000000001***************************************************************************0000-------080047350691742 --> 4 Sin Modificación
0032M007204  21% BAUL HUCHA LATA CHIC00310U0000000000001***************************************************************************0000-------084360237746111 --> 4 Sin Modificación
0032M007205  21% HUCHA BUHO LLENO CEN00310U0000000000001***************************************************************************0000-------084360237744131 --> 4 Sin Modificación
0032M007206  10% PINCHO MINNIE (ref. 00120U0000000000001***************************************************************************0000-------084350352127602 --> 4 Sin Modificación
0032M007207  21% PELUCHE OSO PILOTO  00400U0000000000001***************************************************************************0000-------084360237749631 --> 4 Sin Modificación
0032M007208  21% PELUCHE OSO POLICIA 00400U0000000000001***************************************************************************0000-------084360237749701 --> 4 Sin Modificación
0032M007209  10% CHOC & TOYS MINNIOS 00150U0000000000001***************************************************************************0000-------084365494839672 --> 4 Sin Modificación
0032M007210  10% CUBO HALLOWEEN LLENO00070U0000000000001***************************************************************************0000-------084360237730412 --> 4 Sin Modificación
0032M007211  10% CALAVERA RELLENA TIE00350U0000000000001***************************************************************************0000-------084360237729072 --> 4 Sin Modificación
0032M007212  10% CALAVERA PLASTICO RE00350U0000000000001***************************************************************************0000-------084360237742912 --> 4 Sin Modificación
0032M007213  10% CALAVERA PLASTICO RE00350U0000000000001***************************************************************************0000-------084360237743072 --> 4 Sin Modificación
0032B007214  10% CALABAZA SIN TAPA LL00000U0000000000001                                                                           0000-------084360237743142 --> 99
0032M007215  21% BAUL HUCHA LATA CHIC00310U0000000000001***************************************************************************0000-------084360237746281 --> 4 Sin Modificación
0032M007216  10% LAYS MIX JAMON Y QUE00150U0000000000001***************************************************************************0000-------084101990122102 --> 4 Sin Modificación
0032M007217  21% GLOBOS PALITO SAN VA00175U0000000000001***************************************************************************0000-------000266350833481 --> 4 Sin Modificación
0032M007219  10% SANDWICH VIP MIXTO 100230U0000000000001***************************************************************************0000-------084370085554162 --> 4 Sin Modificación
0032M007220  10% SANDWICH VIP ATUN Y 00230U0000000000001***************************************************************************0000-------084370085556692 --> 4 Sin Modificación
0032M007221  10% SAND. TCUIDA VEGETAL00195U0000000000001***************************************************************************0000-------084370085554542 --> 4 Sin Modificación
0032M007222  10% SAND. BASIC POLLO Y 00195U0000000000001***************************************************************************0000-------084370085555772 --> 4 Sin Modificación
0032M007223  10% PIRULETA CORAZON LOV00150U0000000000001***************************************************************************0000-------084360237733552 --> 4 Sin Modificación
0032M007224  10% PIRULETA OSO LOVE RO00150U0000000000001***************************************************************************0000-------084360237733312 --> 4 Sin Modificación
0032M007225  10% MONSTER ENERGY ABSOL00200U0000000000001***************************************************************************0000-------050603356322722 --> 4 Sin Modificación
0032M007226  10% SAND. BASIC BARBACOA00195U0000000000001***************************************************************************0000-------084370085554232 --> 4 Sin Modificación
0032M007227  10% SAND. BASIC POLLO Y 00195U0000000000001***************************************************************************0000-------084370085554302 --> 4 Sin Modificación
0032M007228  10% SANDWICH VIP ATUN Y 00230U0000000000001***************************************************************************0000-------084370085554472 --> 4 Sin Modificación
0032M007229  21% PELUCHE CLASICO CONE00300U0000000000001***************************************************************************0000-------084360237750381 --> 4 Sin Modificación
0032M007230  21% PELUCHE CLASICO BURR00300U0000000000001***************************************************************************0000-------084360237750451 --> 4 Sin Modificación
0032M007231  21% GLOBOS CON PALITO SU00175U0000000000001***************************************************************************0000-------000266353018481 --> 4 Sin Modificación
0032M007232  10% CABEZONES NAVIDAD LL00120U0000000000001***************************************************************************0000-------084360237732632 --> 4 Sin Modificación
0032B007233  21% CABEZONES NAVIDAD SU00000U0000000000001                                                                           0000-------084360237742531 --> 99
0032B007234  21% CABEZONES NAVIDAD SU00000U0000000000001                                                                           0000-------084360237742601 --> 99
0032B007235  21% CABEZONES NAVIDAD SU00000U0000000000001                                                                           0000-------084360237742771 --> 99
0032M007236  21% HUCHA LATA CHICA LLE00250U0000000000001***************************************************************************0000-------084360237749491 --> 4 Sin Modificación
0032M007237  21% HUCHA LATA CHICA LLE00250U0000000000001***************************************************************************0000-------084360237749561 --> 4 Sin Modificación
0032M007238  10% BOTA ROJA LLENA CENT00350U0000000000001***************************************************************************0000-------084360237743522 --> 4 Sin Modificación
0032M007239  10% BOTA RENO LLENA CENT00350U0000000000001***************************************************************************0000-------084360237743692 --> 4 Sin Modificación
0032M007240  10% BOTA GALLETA LLENA C00350U0000000000001***************************************************************************0000-------084360237743762 --> 4 Sin Modificación
0032M007241  10% BOLSITO FIELTRO RENO00200U0000000000001***************************************************************************0000-------084360237745982 --> 4 Sin Modificación
0032M007242  10% BOLSITO FIELTRO CASA00350U0000000000001***************************************************************************0000-------084360237746042 --> 4 Sin Modificación
0032M007243  10% BOLSITO FIELTRO BUHO00200U0000000000001***************************************************************************0000-------084360237747412 --> 4 Sin Modificación
0032M007244  10% PINCHO REYES MAGOS 300120U0000000000001***************************************************************************0000-------084353197063742 --> 4 Sin Modificación
0032M007245  21% GLOBOS CON PALITO SU00175U0000000000001***************************************************************************0000-------000266350635481 --> 4 Sin Modificación
0032M007246  10% TRISKYS 20G COMPOSIC00030U0000000000001***************************************************************************0000-------084118595510872 --> 4 Sin Modificación
0032M007247  21% MALETIN GRANDE LLENO00310U0000000000001***************************************************************************0000-------084360237750521 --> 4 Sin Modificación
0032M007248  21% MALETIN GRANDE LLENO00310U0000000000001***************************************************************************0000-------084360237750691 --> 4 Sin Modificación
0032M007249  10% HUEVO CHOCOLATE STAR00110U0000000000001***************************************************************************0000-------080578468     2 --> 4 Sin Modificación
0032M007250  10% SNACK STAR WARS 22G 00035U0000000000001***************************************************************************0000-------084105730233372 --> 4 Sin Modificación
0032M007251  21% HUCHA BUHO LLENO CEN00310U0000000000001***************************************************************************0000-------084360237744201 --> 4 Sin Modificación
0032M007252  21% HUCHA BUHO LLENO CEN00310U0000000000001***************************************************************************0000-------084360237744371 --> 4 Sin Modificación
0032M007253  21% GLOBOS PALITO SAN VA00175U0000000000001***************************************************************************0000-------000266352110791 --> 4 Sin Modificación
0032B007254  10% TRIDENT FRUIT FRESA 00080U0000000000001                                                                           0000-------084164872     2 --> 99
0032B007255  21% PIÑATA VIÑATA PEQUEÑ00380U0000000000001                                                                           0000-------084231382829261 --> 99
0032M007256  10% DONUT GLACE 8 GR PAC00100U0000000000001***************************************************************************0000-------084100221084002 --> 4 Sin Modificación
0032M007257  10% DONUT BOMBON 8 GR PA00100U0000000000001***************************************************************************0000-------084100221084172 --> 4 Sin Modificación
0032M007258  10% SARDINAS EN LATA CHO00180U0000000000001***************************************************************************0000-------084139077093032 --> 4 Sin Modificación
0032M007259  10% TWIX 50G            00100U0000000000001***************************************************************************0000-------050001594821722 --> 4 Sin Modificación
0032M007260  10% SNICKERS SINGLE 50G 00100U0000000000001***************************************************************************0000-------059009512518632 --> 4 Sin Modificación
0032M007261  10% MARS SINGLE 51 GR.  00100U0000000000001***************************************************************************0000-------059009512570492 --> 4 Sin Modificación
0032M007262  21% G. HELIO PATRULLA CA00420U0000000000001***************************************************************************0000-------000266353017941 --> 4 Sin Modificación
0032M007263  10% GUBLINS XTREME 36 GR00045U0000000000001***************************************************************************0000-------084131640050332 --> 4 Sin Modificación
0032M007264  10% AROS FROZEN 22G     00070U0000000000001***************************************************************************0000-------084105731004652 --> 4 Sin Modificación
0032M007265  10% TWIX WHITE 46 GR.   00100U0000000000001***************************************************************************0000-------050001594869722 --> 4 Sin Modificación
0032M007266  21% PELUCHE OSO FUNKY   00400U0000000000001***************************************************************************0000-------084360237751511 --> 4 Sin Modificación
0032M007267  21% PELUCHE OSO CHEF    00400U0000000000001***************************************************************************0000-------084360237751681 --> 4 Sin Modificación
0032M007268  10% SAND. BASIC MIXTO 1300170U0000000000001***************************************************************************0000-------084240580005532 --> 4 Sin Modificación
0032M007269  10% SAND. BASIC ATUN 13000170U0000000000001***************************************************************************0000-------084240580005152 --> 4 Sin Modificación
0032M007270  10% SAND. BASIC CANGREJO00170U0000000000001***************************************************************************0000-------084240580008502 --> 4 Sin Modificación
0032M007271  10% SAND. BASIC PAVO Y Q00170U0000000000001***************************************************************************0000-------084240580153042 --> 4 Sin Modificación
0032M007272  10% SAND. BASIC SALAMI Y00170U0000000000001***************************************************************************0000-------084240580153352 --> 4 Sin Modificación
0032M007273  10% SAND. TCUIDA VEGETAL00195U0000000000001***************************************************************************0000-------084240580005222 --> 4 Sin Modificación
0032M007274  10% SAND. BASIC POLLO Y 00195U0000000000001***************************************************************************0000-------084240580005842 --> 4 Sin Modificación
0032M007275  10% SAND. BASIC BARBACOA00195U0000000000001***************************************************************************0000-------084240580005912 --> 4 Sin Modificación
0032M007276  10% SAND. CLASSIC TORTIL00195U0000000000001***************************************************************************0000-------084240580009732 --> 4 Sin Modificación
0032M007277  10% BROCHETA NUBE CONEJO00140U0000000000001***************************************************************************0000-------084350352152282 --> 4 Sin Modificación
0032M007278  10% FILIPINOS CHOCO BLAN00100U0000000000001***************************************************************************0000-------084100008042322 --> 4 Sin Modificación
0032M007279  10% PIRULETA CONEJO Y PA00140U0000000000001***************************************************************************0000-------084360237751752 --> 4 Sin Modificación
0032M007280  10% PIRULETA SANTA CLAUS00100U0000000000001***************************************************************************0000-------054147304136132 --> 4 Sin Modificación
0032M007281  10% MILKA CON OREO 37G  00100U0000000000001***************************************************************************0000-------076222100932192 --> 4 Sin Modificación
0032M007282  10% LOLLIPOP MEGATTATTOO00050U0000000000001***************************************************************************0000-------048950690288692 --> 4 Sin Modificación
0032M007285  21% BAUL HUCHA LATA CHIC00310U0000000000001***************************************************************************0000-------084360237751821 --> 4 Sin Modificación
0032M007286  21% SURTIDO PELUCHES OJO00395U0000000000001***************************************************************************0000-------084360237752671 --> 4 Sin Modificación
0032M007287  21% VASO CANTIMPLORA LLE00260U0000000000001***************************************************************************0000-------084360237748331 --> 4 Sin Modificación
0032M007288  21% VASO CANTIMPLORA LLE00260U0000000000001***************************************************************************0000-------084360237742151 --> 4 Sin Modificación
0032M007289  21% SURTIDO GOMAS DE BOR00150U0000000000001***************************************************************************0000-------084360237752741 --> 4 Sin Modificación
0032M007290  21% SET NOTAS CON CLIPS 00050U0000000000001***************************************************************************0000-------084360237752811 --> 4 Sin Modificación
0032B007291  21% PISTOLAS DE AGUA BEL00195U0000000000001                                                                           0000-------084360237752981 --> 99
0032B007292  21% PISTOLAS DE AGUA BEL00195U0000000000001                                                                           0000-------084360237753041 --> 99
0032M007293  10% BROCHETA NUBE GATOS 00140U0000000000001***************************************************************************0000-------084350352152112 --> 4 Sin Modificación
0032M007294  10% SOMBRILLA DE CHOCOLA00080U0000000000001***************************************************************************0000-------084139076895062 --> 4 Sin Modificación
0032M007295  21% LIBRETAS SURTIDAS CO00150U0000000000001***************************************************************************0000-------084360237753111 --> 4 Sin Modificación
0032M007296  21% LIBRETAS SURTIDAS CO00150U0000000000001***************************************************************************0000-------084360237753281 --> 4 Sin Modificación
0032M007297  21% LIBRETAS SURTIDAS CO00150U0000000000001***************************************************************************0000-------084360237753351 --> 4 Sin Modificación
0032M007298  21% LIBRETAS SURTIDAS CO00150U0000000000001***************************************************************************0000-------084360237753421 --> 4 Sin Modificación
0032M007299  21% LIBRETAS SURTIDAS CO00150U0000000000001***************************************************************************0000-------084360237753591 --> 4 Sin Modificación
0032M007300  10% HALLS SANDIA S/A    00120U0000000000001***************************************************************************0000-------076222104277932 --> 4 Sin Modificación
0032M007302  21% CAMARA MINIONS&PATRU00150U0000000000001***************************************************************************0000-------084365494869821 --> 4 Sin Modificación
0032M007303  21% PROYECTOR PATRULLA C00125U0000000000001***************************************************************************0000-------084365494871011 --> 4 Sin Modificación
0032M007304  10% MONSTER GREEN ENERGY00200U0000000000001***************************************************************************0000-------050601666903802 --> 4 Sin Modificación
0032M007305  21% BOLIS DE ANIMALES SU00150U0000000000001***************************************************************************0000-------084360237753731 --> 4 Sin Modificación
0032B007306  21% SET UÑAS SURTIDO    00100U0000000000001                                                                           0000-------084360237753661 --> 99
0032M007307  21% PELUCHE BARRIGA CONE00250U0000000000001***************************************************************************0000-------084360237753801 --> 4 Sin Modificación
0032M007308  21% PELUCHE BARRIGA KOAL00250U0000000000001***************************************************************************0000-------084360237753971 --> 4 Sin Modificación
0032M007309  21% PELUCHE BARRIGA OVEJ00250U0000000000001***************************************************************************0000-------084360237754031 --> 4 Sin Modificación
0032M007310  21% PELUCHE BARRIGA LEON00250U0000000000001***************************************************************************0000-------084360237754101 --> 4 Sin Modificación
0032M007311  21% PELUCHE BARRIGA CEBR00250U0000000000001***************************************************************************0000-------084360237754271 --> 4 Sin Modificación
0032M007312  10% SMINT TIN FRUTOS ROJ00195U0000000000001***************************************************************************0000-------080814801     2 --> 4 Sin Modificación
0032M007313  10% PINCHO PATRULLA CANI00120U0000000000001***************************************************************************0000-------084365476407822 --> 4 Sin Modificación
0032M007314  10% HUEVO CHOC.PATRULLA 00110U0000000000001***************************************************************************0000-------080578604     2 --> 4 Sin Modificación
0032M007315  10% PIRULETA CHOC. PRINC00150U0000000000001***************************************************************************0000-------084360237754342 --> 4 Sin Modificación
0032M007316  21% BOLIGRAFO POMPON HEL00050U0000000000001***************************************************************************0000-------084147782030441 --> 4 Sin Modificación
0032M007317  21% GOMAS PINTALABIOS HE00050U0000000000001***************************************************************************0000-------084147782030681 --> 4 Sin Modificación
0032M007318  21% ESTUCHE CREMALLERA M00100U0000000000001***************************************************************************0000-------084147783020511 --> 4 Sin Modificación
0032M007319  21% ESTUCHE CREMALLERA M00100U0000000000001***************************************************************************0000-------084147783042771 --> 4 Sin Modificación
0032M007320  21% VASO PAJITA LLENO CE00260U0000000000001***************************************************************************0000-------084360237747031 --> 4 Sin Modificación
0032M007321  21% VASO PAJITA LLENO CE00260U0000000000001***************************************************************************0000-------084360237747101 --> 4 Sin Modificación
0032M007322  21% VASO PAJITA LLENO CE00260U0000000000001***************************************************************************0000-------084360237747271 --> 4 Sin Modificación
0032M007323  21% VASO PAJITA LLENO CE00260U0000000000001***************************************************************************0000-------084360237747341 --> 4 Sin Modificación
0032M007324  21% PIÑATA PERFIL PATRUL00550U0000000000001***************************************************************************0000-------084231385332641 --> 4 Sin Modificación
0032M007327  10% CERVEZA MAHOU 5* LAT00150U0000000000001***************************************************************************0000-------084113271520132 --> 4 Sin Modificación
0032M007328  21% STICK BOLA SALTARINA00140U0000000000001***************************************************************************0000-------084365494887331 --> 4 Sin Modificación
0032M007329  10% PAPA DELTA PIZZA 18G00045U0000000000001***************************************************************************0000-------084131640076862 --> 4 Sin Modificación
0032M007330  21% FROZEN TATTOO       00100U0000000000001***************************************************************************0000-------057802013796041 --> 4 Sin Modificación
0032M007331  10% PIRULETA METAL TATTO00050U0000000000001***************************************************************************0000-------015402013790042 --> 4 Sin Modificación
0032M007332  21% TINTO VERANO LIMON P00100U0000000000001***************************************************************************0000-------084289220202271 --> 4 Sin Modificación
0032M007333  21% HUCHA BUHO LLENO CEN00310U0000000000001***************************************************************************0000-------084360237754411 --> 4 Sin Modificación
0032M007334  21% GAFAS HALLOWEEN     00150U0000000000001***************************************************************************0000-------084360237754581 --> 4 Sin Modificación
0032M007335  10% CHICLE FASHION TATTO00005U0000000000001***************************************************************************0000-------084131782857802 --> 4 Sin Modificación
0032M007336  10% CHICLE PELOTA FUTBOL00005U0000000000001***************************************************************************0000-------084131782864282 --> 4 Sin Modificación
0032M007337  21% CUBO LATA SURTIDO (V00150U0000000000001***************************************************************************0000-------084360237749871 --> 4 Sin Modificación
0032M007338  21% CUBO LATA SURTIDO (V00150U0000000000001***************************************************************************0000-------084360237749941 --> 4 Sin Modificación
0032M007339  21% BOLSO LATA CILINDRO 00370U0000000000001***************************************************************************0000-------084360237750071 --> 4 Sin Modificación
0032M007340  21% BOLSO LATA CILINDRO 00370U0000000000001***************************************************************************0000-------084360237750141 --> 4 Sin Modificación
0032M007341  21% BOLSO LATA CILINDRO 00370U0000000000001***************************************************************************0000-------084360237750211 --> 4 Sin Modificación
0032M007342  21% G. HELIO MARIO BROS 00420U0000000000001***************************************************************************0000-------000266353200851 --> 4 Sin Modificación
0032M007343  21% G.H. FROZEN CORAZON 00420U0000000000001***************************************************************************0000-------000266353019781 --> 4 Sin Modificación
0032M007345  21% CERVEZA AMBAR       00130U0000000000001***************************************************************************0000-------084107015     1 --> 4 Sin Modificación
0032M007346  10% CHICLE PELOTA FUTBOL00005U0000000000001***************************************************************************0000-------084131782864112 --> 4 Sin Modificación
0032M007347  10% PIRULETA VARIADO IRI00070U0000000000001***************************************************************************0000-------084218530200142 --> 4 Sin Modificación
0032M007348  10% PIRULETAS ACIDAS    00020U0000000000001***************************************************************************0000-------084104425131122 --> 4 Sin Modificación
0032M007349  21% HUCHA LATA CHICA LLE00250U0000000000001***************************************************************************0000-------084360237754721 --> 4 Sin Modificación
0032M007350  21% HUCHA LATA CHICA LLE00250U0000000000001***************************************************************************0000-------084360237754891 --> 4 Sin Modificación
0032M007351  21% BAUL HUCHA LATA CHIC00310U0000000000001***************************************************************************0000-------084360237754961 --> 4 Sin Modificación
0032M007352  21% MALETIN GRANDE LLENO00310U0000000000001***************************************************************************0000-------084360237750521 --> 4 Sin Modificación
0032M007353  21% MALETIN GRANDE LLENO00310U0000000000001***************************************************************************0000-------084360237711081 --> 4 Sin Modificación
0032M007354  10% PINTALABIOS PATRULLA00110U0000000000001***************************************************************************0000-------084120649132192 --> 4 Sin Modificación
0032M007355  10% SAND. BASIC ATUN  Y 00170U0000000000001***************************************************************************0000-------084240580004922 --> 4 Sin Modificación
0032M007357  21% HUCHA PIRULETA PATRU01000U0000000000001***************************************************************************0000-------084350352182051 --> 4 Sin Modificación
0032M007358  21% CAMIONETA BELROS LLE00320U0000000000001***************************************************************************0000-------084360237751371 --> 4 Sin Modificación
0032M007359  21% CAMIONETA BELROS LLE00320U0000000000001***************************************************************************0000-------084360237751441 --> 4 Sin Modificación
0032M007360  21% DEPORTIVO BELROS LLE00320U0000000000001***************************************************************************0000-------084360237751131 --> 4 Sin Modificación
0032M007361  21% DEPORTIVO BELROS LLE00320U0000000000001***************************************************************************0000-------084360237751201 --> 4 Sin Modificación
0032M007362  21% MINI HUCHA ANIMALES 00260U0000000000001***************************************************************************0000-------084360237749251 --> 4 Sin Modificación
0032M007363  21% MINI HUCHA ANIMALES 00260U0000000000001***************************************************************************0000-------084360237749321 --> 4 Sin Modificación
0032M007364  10% LATA CORTADO UÑA    01390U0000000000001***************************************************************************0000-------084107409024412 --> 4 Sin Modificación
0032M007365  10% DIETORELLE FRESA BOL00100U0000000000001***************************************************************************0000-------080133991453152 --> 4 Sin Modificación
0032M007366  10% DIETORELLE REGALIZ B00100U0000000000001***************************************************************************0000-------080133991452782 --> 4 Sin Modificación
0032M007367  10% PIRULETA IRIS GRANDE00170U0000000000001***************************************************************************0000-------084218530100912 --> 4 Sin Modificación
0032M007368  21% VENTILADOR PATRULLA 00160U0000000000001***************************************************************************0000-------084365494872551 --> 4 Sin Modificación
0032M007369  21% VENTILADOR MANUAL CA00160U0000000000001***************************************************************************0000-------084365494867531 --> 4 Sin Modificación
0032M007370  10% TE ARIZONA 500 ML IC00210U0000000000001***************************************************************************0000-------006130087306972 --> 4 Sin Modificación
0032M007371  21% COCHE 4X4 LLENO CENT00320U0000000000001***************************************************************************0000-------084360237750761 --> 4 Sin Modificación
0032M007372  21% COCHE 4X4 LLENO CENT00320U0000000000001***************************************************************************0000-------084360237750831 --> 4 Sin Modificación
0032M007373  21% COCHE 4X4 LLENO CENT00320U0000000000001***************************************************************************0000-------084360237750901 --> 4 Sin Modificación
0032M007374  21% VASOS NACIONALIDADES00200U0000000000001***************************************************************************0000-------084360237738121 --> 4 Sin Modificación
0032M007375  21% VASOS NACIONALIDADES00200U0000000000001***************************************************************************0000-------084360237738291 --> 4 Sin Modificación
0032M007376  21% VASOS NACIONALIDADES00200U0000000000001***************************************************************************0000-------084360237738361 --> 4 Sin Modificación
0032M007377  21% PELUCHE BARRIGA CABA00250U0000000000001***************************************************************************0000-------084360237755191 --> 4 Sin Modificación
0032M007380  10% BATIDO OKEY FRESA LA00100U0000000000001***************************************************************************0000-------084101281918252 --> 4 Sin Modificación
0032B007381  21% G. HELIO PATRULLA CA00420U0000000000001                                                                           0000-------000266353018001 --> 99
0032M007382  21% G. HELIO CUMPLEAÑOS 00420U0000000000001***************************************************************************0000-------000266353017941 --> 4 Sin Modificación
0032M007383  10% PALOMITAS SOUR CREAM00070U0000000000001***************************************************************************0000-------084360237766842 --> 4 Sin Modificación
0032M007384  10% RELOJ DEXTROSA      00020U0000000000001***************************************************************************0000-------084360237734542 --> 4 Sin Modificación
0032M007385  10% COCA COLA LIFE      00150U0000000000001***************************************************************************0000-------005017726145682 --> 4 Sin Modificación
0032M007386  21% AVION SURTIDO (RELLE00250U0000000000001***************************************************************************0000-------084360237755641 --> 4 Sin Modificación
0032M007387  21% AVION SURTIDO (RELLE00250U0000000000001***************************************************************************0000-------084360237755711 --> 4 Sin Modificación
0032M007388  21% AVION SURTIDO (RELLE00250U0000000000001***************************************************************************0000-------084360237755881 --> 4 Sin Modificación
0032M007389  21% AVION SURTIDO (RELLE00250U0000000000001***************************************************************************0000-------084360237755951 --> 4 Sin Modificación
0032M007390  21% AVION SURTIDO (RELLE00250U0000000000001***************************************************************************0000-------084360237756011 --> 4 Sin Modificación
0032M007391  10% PALOMITAS BARBACOA B00070U0000000000001***************************************************************************0000-------084360237766912 --> 4 Sin Modificación
0032M007392  10% PALOMITAS QUESO CHED00095U0000000000001***************************************************************************0000-------084360237767072 --> 4 Sin Modificación
0032M007393  10% FRESHKY COMPOSICIONE00030U0000000000001***************************************************************************0000-------084360237727162 --> 4 Sin Modificación
0032M007394  10% COCA COLA LIFE      00150U0000000000001***************************************************************************0000-------054490000524072 --> 4 Sin Modificación
0032M007395  10% JELLY BEANS 50 GR.  00180U0000000000001***************************************************************************0000-------007450920122952 --> 4 Sin Modificación
0032M007396  21% MUÑECOS COLOREABLES 00230U0000000000001***************************************************************************0000-------084360237756561 --> 4 Sin Modificación
0032M007397  10% ASPITO JAMON 2 BARRA00025U0000000000001***************************************************************************0000-------084105730200462 --> 4 Sin Modificación
0032M007398  10% CALABAZA PEQ. ROSCA 00300U0000000000001***************************************************************************0000-------084360237738432 --> 4 Sin Modificación
0032M007399  10% MAXIROLL BOOMER COLA00180U0000000000001***************************************************************************0000-------040099005077382 --> 4 Sin Modificación
0032M007400  10% ORBIT SANDIA        00080U0000000000001***************************************************************************0000-------042113270     2 --> 4 Sin Modificación
0032M007401  21% TAZAS NAVIDEÑAS VACI00350U0000000000001***************************************************************************0000-------084360237756941 --> 4 Sin Modificación
0032M007402  21% CAMION MASCOTAS LLEN00250U0000000000001***************************************************************************0000-------084360237757001 --> 4 Sin Modificación
0032M007403  21% CAMION MASCOTAS LLEN00250U0000000000001***************************************************************************0000-------084360237757171 --> 4 Sin Modificación
0032M007404  21% CAMION MASCOTAS LLEN00250U0000000000001***************************************************************************0000-------084360237757241 --> 4 Sin Modificación
0032M007405  21% CAMION MASCOTAS LLEN00250U0000000000001***************************************************************************0000-------084360237757311 --> 4 Sin Modificación
0032M007406  21% CAMION MASCOTAS LLEN00250U0000000000001***************************************************************************0000-------084360237757481 --> 4 Sin Modificación
0032M007407  21% CAMION MASCOTAS LLEN00250U0000000000001***************************************************************************0000-------084360237757551 --> 4 Sin Modificación
0032M007408  10% BOLSITO FIELTRO CAME00350U0000000000001***************************************************************************0000-------084360237757862 --> 4 Sin Modificación
0032M007409  21% POMPAS BUSCANDO A DO00080U0000000000001***************************************************************************0000-------080073156260021 --> 4 Sin Modificación
0032M007410  10% BOLSITO FIELTRO CASA00350U0000000000001***************************************************************************0000-------084360237759392 --> 4 Sin Modificación
0032M007411  21% ENVASE ANIMALES (VAC00170U0000000000001***************************************************************************0000-------084360237759531 --> 4 Sin Modificación
0032M007412  21% ENVASE ANIMALES (VAC00170U0000000000001***************************************************************************0000-------084360237759601 --> 4 Sin Modificación
0032M007413  21% ENVASE ANIMALES (VAC00170U0000000000001***************************************************************************0000-------084360237759771 --> 4 Sin Modificación
0032M007414  21% ENVASE ANIMALES (VAC00170U0000000000001***************************************************************************0000-------084360237759841 --> 4 Sin Modificación
0032M007415  21% ENVASE ANIMALES (VAC00170U0000000000001***************************************************************************0000-------084360237759911 --> 4 Sin Modificación
0032B007419  21% HAPPY BOX PATRULLA V00135U0000000000001                                                                           0000-------084231385323801 --> 99
0032B007420  21% HAPPY BOX PRINCESAS 00135U0000000000001                                                                           0000-------084231385264331 --> 99
0032M007421  21% CALCETINES GRANDES C00200U0000000000001***************************************************************************0000-------084360237758611 --> 4 Sin Modificación
0032M007422  21% CALCETINES GRANDES C00200U0000000000001***************************************************************************0000-------084360237758781 --> 4 Sin Modificación
0032M007423  21% CALCETINES COLGAR PE00150U0000000000001***************************************************************************0000-------084360237758301 --> 4 Sin Modificación
0032M007424  21% CALCETINES COLGAR PE00150U0000000000001***************************************************************************0000-------084360237758471 --> 4 Sin Modificación
0032M007425  21% CALCETINES COLGAR PE00150U0000000000001***************************************************************************0000-------084360237758541 --> 4 Sin Modificación
0032M007426  21% PELUCHE OSO ELFO    00400U0000000000001***************************************************************************0000-------084360237758921 --> 4 Sin Modificación
0032M007427  21% PELUCHE OSO ESQUIADO00400U0000000000001***************************************************************************0000-------084360237759081 --> 4 Sin Modificación
0032M007428  21% PELUCHE OSO OREJERAS00400U0000000000001***************************************************************************0000-------084360237759151 --> 4 Sin Modificación
0032M007429  21% PELUCHE OSO INVIERNO00400U0000000000001***************************************************************************0000-------084360237759221 --> 4 Sin Modificación
0032M007430  21% CUBO LATA HALLOWEEN 00100U0000000000001***************************************************************************0000-------084360237760041 --> 4 Sin Modificación
0032M007431  21% VASO CANTIMPLORA LLE00260U0000000000001***************************************************************************0000-------084360237760111 --> 4 Sin Modificación
0032M007432  21% CAMIONETA BELROS LLE00320U0000000000001***************************************************************************0000-------084360237760281 --> 4 Sin Modificación
0032M007433  21% G.FORMA PATRULLA CHA00520U0000000000001***************************************************************************0000-------000130510043231 --> 4 Sin Modificación
0032M007434  10% JETAS 20 GRS        00045U0000000000001***************************************************************************0000-------084131640008852 --> 4 Sin Modificación
0032M007435  10% BOLSA NUBES HUESOS (00140U0000000000001***************************************************************************0000-------084350352175812 --> 4 Sin Modificación
0032M007436  10% TRIDENT 60 MIN. FRES00110U0000000000001***************************************************************************0000-------076222105175242 --> 4 Sin Modificación
0032M007437  21% MUSIC MICROFONO     00150U0000000000001***************************************************************************0000-------084370117697631 --> 4 Sin Modificación
0032M007438  10% SPRAY LAMP          00150U0000000000001***************************************************************************0000-------050992860085912 --> 4 Sin Modificación
0032M007439  10% PIRULETA  CHOC. HALL00120U0000000000001***************************************************************************0000-------084216992222142 --> 4 Sin Modificación
0032M007440  10% CHICLE VAMPIRE      00015U0000000000001***************************************************************************0000-------084131782863982 --> 4 Sin Modificación
0032M007441  10% BOTA PAPA NOEL RELLE00350U0000000000001***************************************************************************0000-------084360237760592 --> 4 Sin Modificación
0032M007442  10% BOTA MUÑECO NIEVE LL00350U0000000000001***************************************************************************0000-------084360237760662 --> 4 Sin Modificación
0032M007443  10% BOTA RENO LLENA CENT00350U0000000000001***************************************************************************0000-------084360237760732 --> 4 Sin Modificación
0032M007444  10% BOTA MUERDAGO RELLEN00350U0000000000001***************************************************************************0000-------084360237760802 --> 4 Sin Modificación
0032M007445  10% BOTA GALLETA LLENA C00350U0000000000001***************************************************************************0000-------084360237760972 --> 4 Sin Modificación
0032M007446  10% CONCHITAS KETCHUP 2200040U0000000000001***************************************************************************0000-------084222839997892 --> 4 Sin Modificación
0032M007447  10% BOLSITO FIELTRO SURT00120U0000000000001***************************************************************************0000-------084360237722112 --> 4 Sin Modificación
0032M007448  21% BOLSITO FIELTRO SURT00075U0000000000001***************************************************************************0000-------084360237727091 --> 4 Sin Modificación
0032M007449  10% CHOCO&TOYS TORTUGAS 00150U0000000000001***************************************************************************0000-------084365494838512 --> 4 Sin Modificación
0032M007450  21% G. HELIO "ES UN NIÑO00420U0000000000001***************************************************************************0000-------000266353364681 --> 4 Sin Modificación
0032M007451  21% G. HELIO "ES UNA NIÑ00420U0000000000001***************************************************************************0000-------000266353364511 --> 4 Sin Modificación
0032M007452  10% MAXFINOS SUPER WINGS00080U0000000000001***************************************************************************0000-------084222839998332 --> 4 Sin Modificación
0032M007453  10% MIX SNACK 80 GR.    00120U0000000000001***************************************************************************0000-------084360237755402 --> 4 Sin Modificación
0032M007457  21% MUÑECOS COLOREABLES 00450U0000000000001***************************************************************************0000-------084360237761651 --> 4 Sin Modificación
0032M007458  21% MUÑECOS COLOREABLES 00250U0000000000001***************************************************************************0000-------084360237761721 --> 4 Sin Modificación
0032M007459  21% PIÑATA PERFIL GIRL P00550U0000000000001***************************************************************************0000-------084231385334621 --> 4 Sin Modificación
0032M007460  10% BOLSA CONO PEQ. LICE00110U0000000000001***************************************************************************0000-------084231385284062 --> 4 Sin Modificación
0032M007461  10% BOLSA CONO PEQ. LICE00110U0000000000001***************************************************************************0000-------084231385323732 --> 4 Sin Modificación
0032M007462  10% BOLSA CONO PEQ. LICE00110U0000000000001***************************************************************************0000-------084231385220532 --> 4 Sin Modificación
0032M007463  21% PISTOLAS DE AGUA BEL00195U0000000000001***************************************************************************0000-------084360237739731 --> 4 Sin Modificación
0032M007464  10% ZERO CREMA 0% LOVIT 00120U0000000000001***************************************************************************0000-------052015830861142 --> 4 Sin Modificación
0032M007465  21% PISTOLA DE AGUA LLEN00195U0000000000001***************************************************************************0000-------084360237753041 --> 4 Sin Modificación
0032M007466  21% PISTOLA DE AGUA LLEN00195U0000000000001***************************************************************************0000-------084360237752981 --> 4 Sin Modificación
0032M007467  10% ZERO CEREZA Y GRANAD00120U0000000000001***************************************************************************0000-------052015830867182 --> 4 Sin Modificación
0032M007468  10% ZERO LIMON 0% LOVIT 00120U0000000000001***************************************************************************0000-------052015830864112 --> 4 Sin Modificación
0032M007469  10% ZERO CAFE EXPRESO 0%00120U0000000000001***************************************************************************0000-------052015830891602 --> 4 Sin Modificación
0032M007470  10% ZERO EUCALIPTUS 0 % 00120U0000000000001***************************************************************************0000-------052015830862132 --> 4 Sin Modificación
0032M007471  10% ZERO FRESA CON NATA 00120U0000000000001***************************************************************************0000-------052015830865102 --> 4 Sin Modificación
0032M007472  21% GLOBO FORMA DORA LA 00520U0000000000001***************************************************************************0000-------000266352646791 --> 4 Sin Modificación
0032M007473  21% GLOBO FORMA DORA LA 00520U0000000000001***************************************************************************0000-------000266352646551 --> 4 Sin Modificación
0032M007474  21% G. FORMAS CABEZA UNI00520U0000000000001***************************************************************************0000-------000266352646791 --> 4 Sin Modificación
0032M007475  21% G. HELIO SPIDERMAN U00420U0000000000001***************************************************************************0000-------000130510043541 --> 4 Sin Modificación
0032M007476  10% TONICA SCHWEPPES 33 00140U0000000000001***************************************************************************0000-------084141003173572 --> 4 Sin Modificación
0032M007479  10% BEBIDA H. POTTER 35500350U0000000000001***************************************************************************0000-------020100095970892 --> 4 Sin Modificación
0032M007480  10% CHICLE  BAZUCA      00295U0000000000001***************************************************************************0000-------020100059000052 --> 4 Sin Modificación
0032M007481  10% GOMAS THE BEAY FRUTO00110U0000000000001***************************************************************************0000-------084129573005082 --> 4 Sin Modificación
0032M007484  10% RULETA JELLY BELLY  01095U0000000000001***************************************************************************0000-------000715679905162 --> 4 Sin Modificación
0032M007486  10% PINTALABIOS CHICLE A01290P0000000000001***************************************************************************0000-------084131782861142 --> 4 Sin Modificación
0032M007487  21% G. FORMAS BOB ESPONJ00520U0000000000001***************************************************************************0000-------000266352292961 --> 4 Sin Modificación
0032M007488  21% G. H. PRINCESS PORTR00420U0000000000001***************************************************************************0000-------000266352635351 --> 4 Sin Modificación
0032M007489  10% TRIDENT 60 MIN. FRES00110U0000000000001***************************************************************************0000-------076222105175172 --> 4 Sin Modificación
0032M007490  10% REESES CRISPY CRUNCH00270U0000000000001***************************************************************************0000-------020100011000032 --> 4 Sin Modificación
0032M007491  10% GOMAS THE BEAY FRUTO00110U0000000000001***************************************************************************0000-------084129573000032 --> 4 Sin Modificación
0032M007493  10% ORBIT ICE HIERBABUEN00080U0000000000001***************************************************************************0000-------042306726     2 --> 4 Sin Modificación
0032M007498  21% PELUCHES EMOJIS SURT00400U0000000000001***************************************************************************0000-------006126150779421 --> 4 Sin Modificación
0032M007500  21% BOLA LATA NAVIDAD VA00100U0000000000001***************************************************************************0000-------084360237756871 --> 4 Sin Modificación
0032M007501  10% SUPER LAPIZ CHOCO 3000165U0000000000001***************************************************************************0000-------084139079620052 --> 4 Sin Modificación
0032M007502  21% GLOBO FOIL DORADO Nº00795U0000000000001***************************************************************************0000-------000266352798021 --> 4 Sin Modificación
0032M007503  21% GLOBO FOIL DORADO Nº00795U0000000000001***************************************************************************0000-------000266352824441 --> 4 Sin Modificación
0032M007504  21% GLOBO FOIL DORADO Nº00795U0000000000001***************************************************************************0000-------000266352824201 --> 4 Sin Modificación
0032M007505  21% GLOBO FOIL DORADO Nº00795U0000000000001***************************************************************************0000-------000266352824681 --> 4 Sin Modificación
0032M007506  21% GLOBO FOIL DORADO Nº00795U0000000000001***************************************************************************0000-------000266352824821 --> 4 Sin Modificación
0032M007507  21% GLOBO FOIL DORADO Nº00795U0000000000001***************************************************************************0000-------000266352825051 --> 4 Sin Modificación
0032M007508  21% GLOBO FOIL DORADO Nº00795U0000000000001***************************************************************************0000-------000266352825291 --> 4 Sin Modificación
0032M007509  21% GLOBO FOIL DORADO Nº00795U0000000000001***************************************************************************0000-------000266352825431 --> 4 Sin Modificación
0032M007510  21% GLOBO FOIL DORADO Nº00795U0000000000001***************************************************************************0000-------000266352825671 --> 4 Sin Modificación
0032M007511  21% GLOBO FOIL DORADO Nº00795U0000000000001***************************************************************************0000-------000266352825811 --> 4 Sin Modificación
0032M007512  21% GLOBO FOIL DORADO Nº00795U0000000000001***************************************************************************0000-------000266352826041 --> 4 Sin Modificación
0032M007513  21% GLOBO FOIL PLATA Nº 00795U0000000000001***************************************************************************0000-------000266352798021 --> 4 Sin Modificación
0032M007514  21% GLOBO FOIL PLATA Nº 00795U0000000000001***************************************************************************0000-------000266352798191 --> 4 Sin Modificación
0032M007515  21% GLOBO FOIL PLATA Nº 00795U0000000000001***************************************************************************0000-------000266352798261 --> 4 Sin Modificación
0032M007516  21% GLOBO FOIL PLATA Nº 00795U0000000000001***************************************************************************0000-------000266352798331 --> 4 Sin Modificación
0032M007517  21% GLOBO FOIL PLATA Nº 00795U0000000000001***************************************************************************0000-------000266352798401 --> 4 Sin Modificación
0032M007518  21% GLOBO FOIL PLATA Nº 00795U0000000000001***************************************************************************0000-------000266352798571 --> 4 Sin Modificación
0032M007519  21% GLOBO FOIL PLATA Nº 00795U0000000000001***************************************************************************0000-------000266352798641 --> 4 Sin Modificación
0032M007520  21% GLOBO FOIL PLATA Nº 00795U0000000000001***************************************************************************0000-------000266352798711 --> 4 Sin Modificación
0032M007521  21% GLOBO FOIL PLATA Nº 00795U0000000000001***************************************************************************0000-------000266352798881 --> 4 Sin Modificación
0032M007522  21% GLOBO FOIL PLATA Nº 00795U0000000000001***************************************************************************0000-------000266352798951 --> 4 Sin Modificación
0032M007523  10% CHOCO&TOYS HELLO KIT00150U0000000000001***************************************************************************0000-------084365494872862 --> 4 Sin Modificación
0032M007524  21% HUCHA BOLA SURTIDA (00270U0000000000001***************************************************************************0000-------084360237762191 --> 4 Sin Modificación
0032M007525  10% PACK OJOS 18,8G (2 U00215U0000000000001***************************************************************************0000-------084365563917812 --> 4 Sin Modificación
0032M007526  10% OJO HALLOWEEN RELLEN00350U0000000000001***************************************************************************0000-------084360237754652 --> 4 Sin Modificación
0032B007527  21% CALABAZA TAPA NARANJ00200U0000000000001                                                                           0000-------084360237743141 --> 99
0032M007528  10% BOLSITO F. BUHO HALL00250U0000000000001***************************************************************************0000-------084360237756702 --> 4 Sin Modificación
0032M007529  10% HUEVO CHOC.PATRULLA 00110U0000000000001***************************************************************************0000-------087147862531482 --> 4 Sin Modificación
0032B007531  10% PALOMITAS CHOCOLATE 00150U0000000000001                                                                           0000-------084360237767142 --> 99
0032M007532  10% PALOMITAS CHOCOLATE 00150U0000000000001***************************************************************************0000-------084360237767212 --> 4 Sin Modificación
0032M007537  10% MENTOS MINI RAINBOW 00020U0000000000001***************************************************************************0000-------087234007792232 --> 4 Sin Modificación
0032B007541  10% PALOMITAS CARAMELO C00120U0000000000001                                                                           0000-------084360237767142 --> 99
0032M007542  21% SURTIDO PELUCHES OJO00395U0000000000001***************************************************************************0000-------084360237767381 --> 4 Sin Modificación
0032M007543  21% SURTIDO PELUCHES OJO00395U0000000000001***************************************************************************0000-------084360237767451 --> 4 Sin Modificación
0032M007544  21% SURTIDO PELUCHES OJO00395U0000000000001***************************************************************************0000-------084360237767521 --> 4 Sin Modificación
0032M007545  21% SURTIDO PELUCHES OJO00395U0000000000001***************************************************************************0000-------084360237767691 --> 4 Sin Modificación
0032M007546  21% SURTIDO PELUCHES OJO00395U0000000000001***************************************************************************0000-------084360237767761 --> 4 Sin Modificación
0032M007547  21% SURTIDO PELUCHES OJO00395U0000000000001***************************************************************************0000-------084360237767831 --> 4 Sin Modificación
0032M007548  10% MIKADO CHOCO LECHE 300100U0000000000001***************************************************************************0000-------030177606281982 --> 4 Sin Modificación
0032M007549  10% HUEVO LACASITOS 23 G00110U0000000000001***************************************************************************0000-------084107409074912 --> 4 Sin Modificación
0032M007550  10% BROCHETA NUBE NAVIDA00120U0000000000001***************************************************************************0000-------084350352172912 --> 4 Sin Modificación
0032M007551  10% RED BULL TROPICAL 2500150U0000000000001***************************************************************************0000-------090024902288592 --> 4 Sin Modificación
0032M007556  10% BOLS. FIELTRO NIÑA H00250U0000000000001***************************************************************************0000-------084360237756632 --> 4 Sin Modificación
0032M007557  10% MINI TOPPER TROLLS  00250U0000000000001***************************************************************************0000-------084353197066882 --> 4 Sin Modificación
0032M007563  21% BOLSO LATA CILINDRO 00370U0000000000001***************************************************************************0000-------084360237768371 --> 4 Sin Modificación
0032M007564  21% BOLSO LATA CILINDRO 00370U0000000000001***************************************************************************0000-------084360237768441 --> 4 Sin Modificación
0032M007565  21% BOLSO LATA CILINDRO 00370U0000000000001***************************************************************************0000-------084360237768511 --> 4 Sin Modificación
0032M007566  21% BOLSO LATA CILINDRO 00370U0000000000001***************************************************************************0000-------084360237768681 --> 4 Sin Modificación
0032M007567  21% BOLSO LATA CILINDRO 00370U0000000000001***************************************************************************0000-------084360237768751 --> 4 Sin Modificación
0032B007572  21% ROTULADOR PLUS VIOLE00060U0000000000001                                                                           0000-------084263079726311 --> 99
0032B007580  21% BOLI PLUS SOFT SURTI00060U0000000000001                                                                           0000-------084263073201601 --> 99
0032B007582  21% BOLI PLUS SOFT SURTI00060U0000000000001                                                                           0000-------084263073201531 --> 99
0032M007588  21% GLOBO VIAJES LOVIT  00500U0000000000001***************************************************************************0000-------084303062569621 --> 4 Sin Modificación
0032M007596  10% PINCHO TROLLS       00120U0000000000001***************************************************************************0000-------084353197067182 --> 4 Sin Modificación
0032M007607  21% CASA HUCHA CARTON LO00200U0000000000001***************************************************************************0000-------059052795470011 --> 4 Sin Modificación
0032M007609  21% AVION CARTON TRIPLAN00200U0000000000001***************************************************************************0000-------059052795470321 --> 4 Sin Modificación
0032M007612  10% BRILLO SOY LUNA     00110U0000000000001***************************************************************************0000-------084365494895012 --> 4 Sin Modificación
0032M007614  10% MOVIL PATRULLA CANIN00250U0000000000001***************************************************************************0000-------084365494896552 --> 4 Sin Modificación
0032M007618  21% BOTELLA LED POSIT.LI00600U0000000000001***************************************************************************0000-------084353751315611 --> 4 Sin Modificación
0032M007620  21% CABEZONES NAVIDAD SU00100U0000000000001***************************************************************************0000-------084360237758161 --> 4 Sin Modificación
0032M007621  21% CABEZONES NAVIDAD SU00100U0000000000001***************************************************************************0000-------084360237758091 --> 4 Sin Modificación
0032M007622  21% CABEZONES NAVIDAD SU00100U0000000000001***************************************************************************0000-------084360237758231 --> 4 Sin Modificación
0032M007623  21% CABEZONES NAVIDAD SU00100U0000000000001***************************************************************************0000-------084360237757931 --> 4 Sin Modificación
0032M007627  21% CAJA LUZ GRANDE LOVI01500U0000000000001***************************************************************************0000-------084353751305021 --> 4 Sin Modificación
0032M007630  21% GUIRNALDA BOTECITOS 00100U0000000000001***************************************************************************0000-------084353751293221 --> 4 Sin Modificación
0032M007643  21% JUEGO 3ENRAYA CHUPIT00700U0000000000001***************************************************************************0000-------084353751318441 --> 4 Sin Modificación
0032M007652  10% AJOS Y CEBOLLAS CARA00210U0000000000001***************************************************************************0000-------084218530403402 --> 4 Sin Modificación
0032M007662  21% CALCETINES HELADO VE00100U0000000000001***************************************************************************0000-------050601465928641 --> 4 Sin Modificación
0032M007663  21% MASCARAS FIELTRO SUR00080U0000000000001***************************************************************************0000-------084360237755021 --> 4 Sin Modificación
0032M007664  10% FANTA LIMON PET.500 00150U0000000000001***************************************************************************0000-------054492493     2 --> 4 Sin Modificación
0032M007665  21% MINIBLOCKS POK.AMA. 00300U0000000000001***************************************************************************0000-------069405507011531 --> 4 Sin Modificación
0032M007667  21% MINIBLOCKS POK. VER.00300U0000000000001***************************************************************************0000-------069405507011771 --> 4 Sin Modificación
0032M007671  21% GLOBOS CON PALITO SU00175U0000000000001***************************************************************************0000-------000266353239871 --> 4 Sin Modificación
0032M007672  10% AGUA KRISTAL CON GAS00100U0000000000001***************************************************************************0000-------054490002170282 --> 4 Sin Modificación
0032M007673  21% GLOBO FORMA BLAZE   00520U0000000000001***************************************************************************0000-------000266353239321 --> 4 Sin Modificación
0032M007675  10% SNICKERS SINGLE 50G 00100U0000000000001***************************************************************************0000-------050001594611222 --> 4 Sin Modificación
0032M007677  10% PALOMITAS SABOR PIRU00120U0000000000001***************************************************************************0000-------084360237769052 --> 4 Sin Modificación
0032M007679  21% POMPAS PATRULLA CANI00080U0000000000001***************************************************************************0000-------084206390110241 --> 4 Sin Modificación
0032M007680  21% BOLI FLAMINGO       00150U0000000000001***************************************************************************0000-------040298113527841 --> 4 Sin Modificación
0032M007694  21% SET DE VASOS CHUPITO00300U0000000000001***************************************************************************0000-------040298113461961 --> 4 Sin Modificación
0032M007695  21% SET 4 VASOS CHUPITO 00300U0000000000001***************************************************************************0000-------040298113589081 --> 4 Sin Modificación
0032M007701  21% MICADO MADERA (76/5200150U0000000000001***************************************************************************0000-------040298112817321 --> 4 Sin Modificación
0032M007705  21% BOLI FLAMINGO       00150U0000000000001***************************************************************************0000-------040298113536131 --> 4 Sin Modificación
0032M007711  21% ARBOL NAVIDAD BLANCO00100U0000000000001***************************************************************************0000-------040298113629741 --> 4 Sin Modificación
0032M007738  21% JUEGO 3ENRAYA CHUPIT00700U0000000000001***************************************************************************0000-------084353751291171 --> 4 Sin Modificación
0032M007740  21% GLOBOS COLOREA SET5 00300U0000000000001***************************************************************************0000-------037602355156831 --> 4 Sin Modificación
0032M007741  21% BOLSAS COLOREA SET8 00200U0000000000001***************************************************************************0000-------037602355157061 --> 4 Sin Modificación
0032M007742  21% PLATOS COLOREA SET8 00100U0000000000001***************************************************************************0000-------037602355156761 --> 4 Sin Modificación
0032M007743  21% VASOS COLOREA SET8 L00100U0000000000001***************************************************************************0000-------037602355156691 --> 4 Sin Modificación
0032M007745  21% MALETIN SIN VENTANA 00400U0000000000001***************************************************************************0000-------084360237769291 --> 4 Sin Modificación
0032M007748  21% HUCHA BUHO LLENO CEN00310U0000000000001***************************************************************************0000-------084360237769811 --> 4 Sin Modificación
0032B007750  21% FUNDA GAFAS BICI (BI00300U0000000000001                                                                           0000-------006709830895611 --> 99
0032B007751  21% FUNDA GAFAS BICI (BI00300U0000000000001                                                                           0000-------006709830966511 --> 99
0032B007752  21% FUNDA GAFAS BICI (BI00300U0000000000001                                                                           0000-------006709830857921 --> 99
0032B007753  21% FUNDA GAFAS BICI (BI00300U0000000000001                                                                           0000-------006709830861711 --> 99
0032B007754  21% FUNDA GAFAS BICI (BI00300U0000000000001                                                                           0000-------006709831000441 --> 99
0032B007755  21% FUNDA GAFAS BICI (BI00300U0000000000001                                                                           0000-------006709830705521 --> 99
0032B007756  21% FUNDA GAFAS BICI (BI00300U0000000000001                                                                           0000-------006709830836821 --> 99
0032M007757  10% KIT KAT             00100U0000000000001***************************************************************************0000-------040052403     2 --> 4 Sin Modificación
0032M007758  10% KIT KAT CHOC. BLANCO00100U0000000000001***************************************************************************0000-------076130355109992 --> 4 Sin Modificación
0032M007762  10% HUEVO LACASITOS 23 G00110U0000000000001***************************************************************************0000-------084107409036082 --> 4 Sin Modificación
0032M007763  10% GRAN FERRERO ROCHER 00550U0000000000001***************************************************************************0000-------080005001685542 --> 4 Sin Modificación
0032M007782  21% SURTIDO GOMAS DE BOR00150U0000000000001***************************************************************************0000-------084360237761961 --> 4 Sin Modificación
0032M007784  21% MINIBLOCKS POK. AZ. 00300U0000000000001***************************************************************************0000-------069405507011461 --> 4 Sin Modificación
0032M007785  21% BOLI CACTUS MACETA (00200U0000000000001***************************************************************************0000-------050550717176731 --> 4 Sin Modificación
0032M007787  21% LAPIZ CON GOMA ANIM.00100U0000000000001***************************************************************************0000-------050550717004531 --> 4 Sin Modificación
0032M007789  21% LAPIZ CON GOMA ABEJA00100U0000000000001***************************************************************************0000-------050550717112751 --> 4 Sin Modificación
0032M007790  21% GLOBO H. HAPPY BIRTH00420U0000000000001***************************************************************************0000-------000805180922301 --> 4 Sin Modificación
0032M007791  10% SNACK TROLLS 28 GR. 00070U0000000000001***************************************************************************0000-------084221143217032 --> 4 Sin Modificación
0032M007801  21% SALPIMENTERO COMIDA 00350U0000000000001***************************************************************************0000-------050550717110601 --> 4 Sin Modificación
0032M007808  10% TARTA 1 CEREZAS LOVI01500U0000000000001***************************************************************************0000-------084360237769982 --> 4 Sin Modificación
0032M007809  10% PATATAS TORRES JAMON00140U0000000000001***************************************************************************0000-------084269440204092 --> 4 Sin Modificación
0032M007810  10% TARTA 3 MARGARITA LO01500U0000000000001***************************************************************************0000-------084360237770182 --> 4 Sin Modificación
0032M007811  10% TARTA 4 AZUL LOVIT  01500U0000000000001***************************************************************************0000-------084360237770252 --> 4 Sin Modificación
0032M007812  10% TARTA 5 ESTRELLAS CO01500U0000000000001***************************************************************************0000-------084360237770322 --> 4 Sin Modificación
0032M007813  10% TARTA 6 HUEVOS LOVIT01500U0000000000001***************************************************************************0000-------084360237770492 --> 4 Sin Modificación
0032M007831  10% MENTOS MINI RAINBOW 00020U0000000000001***************************************************************************0000-------087108000275732 --> 4 Sin Modificación
0032M007833  10% NERDS LEMONADE APPLE00195U0000000000001***************************************************************************0000-------000792000035792 --> 4 Sin Modificación
0032M007837  10% KIT KAT CHUNKY      00120U0000000000001***************************************************************************0000-------038000204366772 --> 4 Sin Modificación
0032M007838  10% SMARTIES TUBO 130 GR00395U0000000000001***************************************************************************0000-------076130347544002 --> 4 Sin Modificación
0032M007839  21% MARIONETAS MANO LOVI00600U0000000000001***************************************************************************0000-------050255720094611 --> 4 Sin Modificación
0032M007840  10% OREO GOLDEN 66 GR   00110U0000000000001***************************************************************************0000-------076222106584012 --> 4 Sin Modificación
0032M007841  10% BOLSA DE REGALIZ FRE00140U0000000000001***************************************************************************0000-------064202950046082 --> 4 Sin Modificación
0032M007842  10% BOLSA DE REGALIZ CHO00140U0000000000001***************************************************************************0000-------064202950046152 --> 4 Sin Modificación
0032M007843  10% BOLSA DE REGALIZ ORG00140U0000000000001***************************************************************************0000-------064202950046222 --> 4 Sin Modificación
0032B007844  10% BOLSA ANACARDO MIEL 00150U0000000000001                                                                           0000-------050601652109782 --> 99
0032M007876  21% GUARDATODO PVC LOVIT00400U0000000000001***************************************************************************0000-------084354493060001 --> 4 Sin Modificación
0032M007877  21% GUARDATODO PVC LOVIT00400U0000000000001***************************************************************************0000-------084354493059801 --> 4 Sin Modificación
0032M007878  21% GUARDATODO PVC LOVIT00400U0000000000001***************************************************************************0000-------084354493059971 --> 4 Sin Modificación
0032M007895  10% MOVIL PATRULLA CANIN00250U0000000000001***************************************************************************0000-------084365494895942 --> 4 Sin Modificación
0032M007897  10% BOLSITO FIELTRO BELE00200U0000000000001***************************************************************************0000-------084360237759462 --> 4 Sin Modificación
0032M007898  10% BOLSITO FIELTRO ELFO00350U0000000000001***************************************************************************0000-------084360237757792 --> 4 Sin Modificación
0032M007899  10% BOLSITO FIELTRO OSO 00200U0000000000001***************************************************************************0000-------084360237757622 --> 4 Sin Modificación
0032M007900  10% BOLSITO FIELTRO OSO 00200U0000000000001***************************************************************************0000-------084360237758852 --> 4 Sin Modificación
0032M007901  10% BOTA ELFO LLENO CENT00350U0000000000001***************************************************************************0000-------084360237761102 --> 4 Sin Modificación
0032M007902  21% CALCETINES HELADO BL00100U0000000000001***************************************************************************0000-------050601465928711 --> 4 Sin Modificación
0032M007903  10% ZUMO SOLAN DE CABRAS00120U0000000000001***************************************************************************0000-------084115470009272 --> 4 Sin Modificación
0032M007904  10% ZUMO SOLAN DE CABRAS00120U0000000000001***************************************************************************0000-------084115470009652 --> 4 Sin Modificación
0032M007905  10% ZUMO SOLAN MULTIFRUT00120U0000000000001***************************************************************************0000-------084115470009032 --> 4 Sin Modificación
0032M007906  10% ZUMO SOLAN DE CABRAS00120U0000000000001***************************************************************************0000-------084115470009582 --> 4 Sin Modificación
0032M007907  21% CABEZONES NAVIDAD SU00100U0000000000001***************************************************************************0000-------084360237742771 --> 4 Sin Modificación
0032M007908  21% CABEZONES NAVIDAD SU00100U0000000000001***************************************************************************0000-------084360237742601 --> 4 Sin Modificación
0032M007909  21% CABEZONES NAVIDAD SU00100U0000000000001***************************************************************************0000-------084360237742531 --> 4 Sin Modificación
0032M007910  10% AQUARIUS PET.500    00160U0000000000001***************************************************************************0000-------050112784     2 --> 4 Sin Modificación
0032M007911  10% AQUARIUS NARANJA PET00160U0000000000001***************************************************************************0000-------054490802     2 --> 4 Sin Modificación
0032M007914  10% NATUCHIPS TOM-QUES-O00150U0000000000001***************************************************************************0000-------084131640109762 --> 4 Sin Modificación
0032M007915  10% NATUCHIPS CREMA CEBO00150U0000000000001***************************************************************************0000-------084131640109902 --> 4 Sin Modificación
0032M007919  10% LION                00120U0000000000001***************************************************************************0000-------076130326254742 --> 4 Sin Modificación
0032M007920  10% HUEVO CHOCOLATE TROL00110U0000000000001***************************************************************************0000-------087147867725882 --> 4 Sin Modificación
0032M007924  21% LIBRETAS SURTIDAS CO00150U0000000000001***************************************************************************0000-------084360237761581 --> 4 Sin Modificación
0032M007925  21% CUBO LATA LOVIT (VAC00150U0000000000001***************************************************************************0000-------084360237766081 --> 4 Sin Modificación
0032M007926  21% CUBO LATA LOVIT (VAC00150U0000000000001***************************************************************************0000-------084360237766151 --> 4 Sin Modificación
0032M007927  21% CUBO LATA SURTIDO (V00150U0000000000001***************************************************************************0000-------084360237765851 --> 4 Sin Modificación
0032M007928  21% CUBO LATA SURTIDO (V00150U0000000000001***************************************************************************0000-------084360237765921 --> 4 Sin Modificación
0032M007929  21% JUEGO AGUA LADY BUG 00150U0000000000001***************************************************************************0000-------084354779001401 --> 4 Sin Modificación
0032M007931  21% MONEDEROS ANIMALES G00150U0000000000001***************************************************************************0000-------084360237772541 --> 4 Sin Modificación
0032M007932  21% ENVASE LABIO VACIO  00150U0000000000001***************************************************************************0000-------084360237772611 --> 4 Sin Modificación
0032M007933  21% ENVASE DIAMANTE (VAC00150U0000000000001***************************************************************************0000-------084360237772781 --> 4 Sin Modificación
0032M007934  21% ENVASE CARAMELO VACI00150U0000000000001***************************************************************************0000-------084360237772851 --> 4 Sin Modificación
0032M007935  21% ENVASE CORAZON ROJO 00160U0000000000001***************************************************************************0000-------084360237772921 --> 4 Sin Modificación
0032M007936  21% ENVASE CORAZON AZUL 00160U0000000000001***************************************************************************0000-------084360237773081 --> 4 Sin Modificación
0032M007937  21% ENVASE CORAZON ROSA 00160U0000000000001***************************************************************************0000-------084360237773151 --> 4 Sin Modificación
0032M007938  21% CUPCAKE TARTA PLASTI00160U0000000000001***************************************************************************0000-------084360237773221 --> 4 Sin Modificación
0032B007948  21% SET NOTAS CON CLIPS 00050U0000000000001                                                                           0000-------084360237752811 --> 99
0032M007949  21% SET DE NOTAS CLIPS L00200U0000000000001***************************************************************************0000-------084360237762021 --> 4 Sin Modificación
0032M007950  21% COJIN + RELLENO LOVI01495U0000000000001***************************************************************************0000-------084354493029581 --> 4 Sin Modificación
0032M007951  21% COJIN + RELLENO LOVI01495U0000000000001***************************************************************************0000-------084354493029651 --> 4 Sin Modificación
0032M007952  21% COJIN + RELLENO LOVI01495U0000000000001***************************************************************************0000-------084354493030161 --> 4 Sin Modificación
0032M007953  21% COJIN + RELLENO LOVI01495U0000000000001***************************************************************************0000-------084354493030781 --> 4 Sin Modificación
0032M007954  21% COJIN + RELLENO LOVI01495U0000000000001***************************************************************************0000-------084354493031771 --> 4 Sin Modificación
0032M007955  21% COJIN + RELLENO LOVI01495U0000000000001***************************************************************************0000-------084354493055221 --> 4 Sin Modificación
0032M007958  21% SET DE VASOS CHUPITO00300U0000000000001***************************************************************************0000-------040298113405451 --> 4 Sin Modificación
0032M007988  10% BOLSA OSITOS NATURAL00120U0000000000001***************************************************************************0000-------042602783640132 --> 4 Sin Modificación
0032M007990  10% HALLS SANDIA S/A    00120U0000000000001***************************************************************************0000-------084198808     2 --> 4 Sin Modificación
0032M007991  10% BOLSA CORAZONES NATU00120U0000000000001***************************************************************************0000-------042602783611112 --> 4 Sin Modificación
0032M007992  10% BOLSA CORONAS VEGANA00120U0000000000001***************************************************************************0000-------042602783631392 --> 4 Sin Modificación
0032M007993  21% BOLSA GATOS VEGANA 100120U0000000000001***************************************************************************0000-------042602783631081 --> 4 Sin Modificación
0032M008009  10% PRINGLES SOURCREAM&O00115U0000000000001***************************************************************************0000-------050539901073842 --> 4 Sin Modificación
0032M008011  21% ANIMAL GIRATORIO    00300U0000000000001***************************************************************************0000-------084360237773841 --> 4 Sin Modificación
0032M008012  21% CAMIONETA BELROS LLE00320U0000000000001***************************************************************************0000-------084360237773911 --> 4 Sin Modificación
0032M008013  21% CAMIONETA BELROS LLE00320U0000000000001***************************************************************************0000-------084360237774071 --> 4 Sin Modificación
0032M008014  21% DEPORTIVO BELROS LLE00320U0000000000001***************************************************************************0000-------084360237774141 --> 4 Sin Modificación
0032M008015  10% CAPSULA CHOCOLATE 4G00010U0000000000001***************************************************************************0000-------040026030875212 --> 4 Sin Modificación
0032M008016  21% GLOBO FOIL PLATA Nº 00795U0000000000001***************************************************************************0000-------084360237774211 --> 4 Sin Modificación
0032M008017  21% GLOBO FOIL PLATA Nº 00795U0000000000001***************************************************************************0000-------084360237774381 --> 4 Sin Modificación
0032M008018  21% GLOBO FOIL PLATA Nº 00795U0000000000001***************************************************************************0000-------084360237774451 --> 4 Sin Modificación
0032M008019  21% GLOBO FOIL PLATA Nº 00795U0000000000001***************************************************************************0000-------084360237774521 --> 4 Sin Modificación
0032M008020  21% GLOBO FOIL PLATA Nº 00795U0000000000001***************************************************************************0000-------084360237774691 --> 4 Sin Modificación
0032M008021  21% GLOBO FOIL PLATA Nº 00795U0000000000001***************************************************************************0000-------084360237774761 --> 4 Sin Modificación
0032M008022  21% GLOBO FOIL PLATA Nº 00795U0000000000001***************************************************************************0000-------084360237774831 --> 4 Sin Modificación
0032M008023  21% GLOBO FOIL PLATA Nº 00795U0000000000001***************************************************************************0000-------084360237774901 --> 4 Sin Modificación
0032M008024  21% GLOBO FOIL PLATA Nº 00795U0000000000001***************************************************************************0000-------084360237775061 --> 4 Sin Modificación
0032M008025  21% GLOBO FOIL PLATA Nº 00795U0000000000001***************************************************************************0000-------084360237775131 --> 4 Sin Modificación
0032M008026  21% GLOBO FOIL DORADO Nº00795U0000000000001***************************************************************************0000-------084360237775201 --> 4 Sin Modificación
0032M008027  21% GLOBO FOIL DORADO Nº00795U0000000000001***************************************************************************0000-------084360237775371 --> 4 Sin Modificación
0032M008028  21% GLOBO FOIL DORADO Nº00795U0000000000001***************************************************************************0000-------084360237775441 --> 4 Sin Modificación
0032M008029  21% GLOBO FOIL DORADO Nº00795U0000000000001***************************************************************************0000-------084360237775511 --> 4 Sin Modificación
0032M008030  21% GLOBO FOIL DORADO Nº00795U0000000000001***************************************************************************0000-------084360237775681 --> 4 Sin Modificación
0032M008031  21% GLOBO FOIL DORADO Nº00795U0000000000001***************************************************************************0000-------084360237775751 --> 4 Sin Modificación
0032M008032  21% GLOBO FOIL DORADO Nº00795U0000000000001***************************************************************************0000-------084360237775821 --> 4 Sin Modificación
0032M008033  21% GLOBO FOIL DORADO Nº00795U0000000000001***************************************************************************0000-------084360237775991 --> 4 Sin Modificación
0032M008034  21% GLOBO FOIL DORADO Nº00795U0000000000001***************************************************************************0000-------084360237776051 --> 4 Sin Modificación
0032M008035  21% GLOBO FOIL DORADO Nº00795U0000000000001***************************************************************************0000-------084360237776121 --> 4 Sin Modificación
0032M008044  21% SURTIDO BEANIE BOOS 00595U0000000000001***************************************************************************0000-------084360237777421 --> 4 Sin Modificación
0032M008045  21% SURTIDO BEANIE BOOS 01495U0000000000001***************************************************************************0000-------084360237777591 --> 4 Sin Modificación
0032M008046  10% NERDS STRAWBERRY GRA00195U0000000000001***************************************************************************0000-------084370117260012 --> 4 Sin Modificación
0032M008051  21% LAPIZ GOMA DEPORTE L00100U0000000000001***************************************************************************0000-------084360237777111 --> 4 Sin Modificación
0032M008055  10% TE ARIZONA 500 ML GI00210U0000000000001***************************************************************************0000-------084360237777732 --> 4 Sin Modificación
0032M008056  10% TE ARIZONA 500 ML BL00210U0000000000001***************************************************************************0000-------084360237777802 --> 4 Sin Modificación
0032M008057  10% TE ARIZONA 500 ML IC00210U0000000000001***************************************************************************0000-------084360237777972 --> 4 Sin Modificación
0032M008059  21% SET NOTAS CON LAPIZ 00100U0000000000001***************************************************************************0000-------050550717169971 --> 4 Sin Modificación
0032M008060  21% LAPIZ ANIMALES ZOO (00100U0000000000001***************************************************************************0000-------050550716879451 --> 4 Sin Modificación
0032M008061  21% LAPIZ CON GOMA ANIM.00100U0000000000001***************************************************************************0000-------050550716879521 --> 4 Sin Modificación
0032M008064  10% TARTA 2 COCA COLAS L01500U0000000000001***************************************************************************0000-------084360237770012 --> 4 Sin Modificación
0032M008065  21% VELA CUMPLEAÑOS Nº 000140U0000000000001***************************************************************************0000-------000714442598801 --> 4 Sin Modificación
0032M008066  21% VELA CUMPLEAÑOS Nº 100140U0000000000001***************************************************************************0000-------000714442600221 --> 4 Sin Modificación
0032M008067  21% VELA CUMPLEAÑOS Nº 300140U0000000000001***************************************************************************0000-------000714442619681 --> 4 Sin Modificación
0032M008068  21% VELA CUMPLEAÑOS Nº 400140U0000000000001***************************************************************************0000-------000714442619821 --> 4 Sin Modificación
0032M008069  21% VELA CUMPLEAÑOS Nº 500140U0000000000001***************************************************************************0000-------000714442620021 --> 4 Sin Modificación
0032M008070  21% VELA CUMPLEAÑOS Nº 600140U0000000000001***************************************************************************0000-------000714442638011 --> 4 Sin Modificación
0032M008071  21% VELA CUMPLEAÑOS Nº 700140U0000000000001***************************************************************************0000-------000714442658431 --> 4 Sin Modificación
0032M008072  21% VELA CUMPLEAÑOS Nº 800140U0000000000001***************************************************************************0000-------000714442660621 --> 4 Sin Modificación
0032M008073  21% VELA CUMPLEAÑOS Nº 900140U0000000000001***************************************************************************0000-------000714442683321 --> 4 Sin Modificación
0032M008074  21% VELA CUMPLEAÑOS Nº 200140U0000000000001***************************************************************************0000-------000714442615931 --> 4 Sin Modificación
0032M008075  21% VELA FELIZ CUMPLEAÑO00250U0000000000001***************************************************************************0000-------000714442835261 --> 4 Sin Modificación
0032M008083  21% COJIN + RELLENO LOVI01495U0000000000001***************************************************************************0000-------084354493031461 --> 4 Sin Modificación
0032M008084  10% HUEVO CHOCOLATE TROL00110U0000000000001***************************************************************************0000-------080578611     2 --> 4 Sin Modificación
0032M008086  21% G.FOR. HAPPY BIRTHDA00795U0000000000001***************************************************************************0000-------000266352879681 --> 4 Sin Modificación
0032M008087  21% GLOBO HELIO BATMAN C00420U0000000000001***************************************************************************0000-------000266352901731 --> 4 Sin Modificación
0032M008088  10% UVAS LACASITOS      00030U0000000000001***************************************************************************0000-------084107411066712 --> 4 Sin Modificación
0032M008090  21% PILAS AA ALK 4PCS LO00200U0000000000001***************************************************************************0000-------076389003412321 --> 4 Sin Modificación
0032M008091  21% MINI NOTAS LOVIT    00075U0000000000001***************************************************************************0000-------084360237761891 --> 4 Sin Modificación
0032M008094  21% SCRAP ACCESORIOS LOV00200U0000000000001***************************************************************************0000-------035168605221581 --> 4 Sin Modificación
0032M008095  21% SCRAP ACCESORIOS LOV00200U0000000000001***************************************************************************0000-------035618603221541 --> 4 Sin Modificación
0032M008096  21% SCRAP ACCESORIOS LOV00200U0000000000001***************************************************************************0000-------035618601221501 --> 4 Sin Modificación
0032M008097  21% SCRAP ACCESORIOS LOV00200U0000000000001***************************************************************************0000-------035618602221571 --> 4 Sin Modificación
0032M008099  21% SCRAP ACCESORIOS LOV00200U0000000000001***************************************************************************0000-------035618606221551 --> 4 Sin Modificación
0032M008100  21% SCRAP ACCESORIOS LOV00200U0000000000001***************************************************************************0000-------035618604221511 --> 4 Sin Modificación
0032B008105  21% MALETIN SIN VENTANA 00400U0000000000001                                                                           0000-------084360237765231 --> 99
0032B008106  21% MALETIN SIN VENTANA 00400U0000000000001                                                                           0000-------084360237765301 --> 99
0032M008109  21% BAUL HUCHA LATA CHIC00310U0000000000001***************************************************************************0000-------084360237766601 --> 4 Sin Modificación
0032M008115  10% ZUMO SOLAN DE CABRAS00120U0000000000001***************************************************************************0000-------084115470009412 --> 4 Sin Modificación
0032M008117  10% REESES CRISPY CRUNCH00270U0000000000001***************************************************************************0000-------020100036000062 --> 4 Sin Modificación
0032M008118  10% KASKYS HOT BRAVISIMO00045U0000000000001***************************************************************************0000-------084221146012012 --> 4 Sin Modificación
0032M008128  21% PILAS AA ALK 4PCS LO00200U0000000000001***************************************************************************0000-------049766802285071 --> 4 Sin Modificación
0032M008130  10% JUMPERS JAMON 42GR  00040U0000000000001***************************************************************************0000-------084222839410922 --> 4 Sin Modificación
0032M008131  21% PELUCHE CACA EMOJI L00700U0000000000001***************************************************************************0000-------050505651987921 --> 4 Sin Modificación
0032M008132  10% RECAMBIO RULETA BEAN00450U0000000000001***************************************************************************0000-------000715679886122 --> 4 Sin Modificación
0032M008133  10% BROCHETA NUBE GATOS 00140U0000000000001***************************************************************************0000-------084350352198822 --> 4 Sin Modificación
0032M008134  10% JELLY BEANS H.POTTER00395U0000000000001***************************************************************************0000-------000715679920152 --> 4 Sin Modificación
0032M008135  21% SET UÑAS SURTIDO    00100U0000000000001***************************************************************************0000-------084360237776431 --> 4 Sin Modificación
0032M008142  10% HUEVO CHOC. FROZEN 200110U0000000000001***************************************************************************0000-------080578482     2 --> 4 Sin Modificación
0032M008148  10% DONETTES RAYADOS 5un00100U0000000000001***************************************************************************0000-------084100221091172 --> 4 Sin Modificación
0032B008152  10% HAPPY BOX RELLENO CE00100U0000000000001                                                                           0000-------084231385168472 --> 99
0032M008172  10% DONUT FONDANT 8UN   00100U0000000000001***************************************************************************0000-------084100221082262 --> 4 Sin Modificación
0032M008181  10% PIRULETA IRIS CORAZO00135U0000000000001***************************************************************************0000-------084232360100182 --> 4 Sin Modificación
0032M008183  21% BOLI MACETA FLOR    00095U0000000000001***************************************************************************0000-------084360237778581 --> 4 Sin Modificación
0032M008187  10% HERSHEYS COOKIES & C00190U0000000000001***************************************************************************0000-------003423909     2 --> 4 Sin Modificación
0032M008189  21% VASO CHOCO-NATA LOVI00320U0000000000001***************************************************************************0000-------084360237776671 --> 4 Sin Modificación
0032M008193  21% SET2 VASOS CERVEZA G01200U0000000000001***************************************************************************0000-------084303062405721 --> 4 Sin Modificación
0032M008196  10% TP 1 SAN VALENTIN BE00895U0000000000001***************************************************************************0000-------084360237778892 --> 4 Sin Modificación
0032M008197  10% TP 2 SAN VALENTIN CO00895U0000000000001***************************************************************************0000-------084360237778962 --> 4 Sin Modificación
0032M008198  10% TP 3 SAN VALETIN COR00895U0000000000001***************************************************************************0000-------084360237779022 --> 4 Sin Modificación
0032M008199  10% TP 4 SAN VALENTIN CO00895U0000000000001***************************************************************************0000-------084360237779192 --> 4 Sin Modificación
0032M008200  10% TP 5 SAN VALENTIN CO00895U0000000000001***************************************************************************0000-------084360237779262 --> 4 Sin Modificación
0032M008201  10% TG 1 SAN VALENTIN CO01575U0000000000001***************************************************************************0000-------084360237776812 --> 4 Sin Modificación
0032M008202  10% TG 2 SAN VALENTIN CO01575U0000000000001***************************************************************************0000-------084360237778652 --> 4 Sin Modificación
0032M008203  10% TG 3 SAN VALENTIN RO01575U0000000000001***************************************************************************0000-------084360237778722 --> 4 Sin Modificación
0032B008206  21% BOLSITO ASA LATA LLE00310U0000000000001                                                                           0000-------084360237722731 --> 99
0032M008213  21% MINI COCHES DINO    00150U0000000000001***************************************************************************0000-------084360237779571 --> 4 Sin Modificación
0032M008215  21% MINI COCHES ANIMALES00150U0000000000001***************************************************************************0000-------084360237779711 --> 4 Sin Modificación
0032B008228  10% TABLETON LECHE      00850U0000000000001                                                                           0000-------084146020052192 --> 99
0032M008229  10% NERDS SURF TURF TROP00195U0000000000001***************************************************************************0000-------000792000028932 --> 4 Sin Modificación
0032M008231  21% TAZA FLUOR SURTIDA (00100U0000000000001***************************************************************************0000-------084360237780081 --> 4 Sin Modificación
0032M008232  21% PELUCHE MONOS (4705700700U0000000000001***************************************************************************0000-------050505652486881 --> 4 Sin Modificación
0032M008234  21% SERVILLETAS EMOJI (300080U0000000000001***************************************************************************0000-------050505651926221 --> 4 Sin Modificación
0032M008235  21% SET12 PLATOS EMOJI (00100U0000000000001***************************************************************************0000-------050505651926531 --> 4 Sin Modificación
0032M008236  21% GOMAS EMOJI (383039)00060U0000000000001***************************************************************************0000-------050505651891961 --> 4 Sin Modificación
0032M008237  21% GOMAS CACA (383041) 00060U0000000000001***************************************************************************0000-------050505652014541 --> 4 Sin Modificación
0032M008239  21% PULSERA CHARM AMIGA 00300U0000000000001***************************************************************************0000-------050505652605741 --> 4 Sin Modificación
0032M008240  10% BEBIDA H. POTTER 35500350U0000000000001***************************************************************************0000-------020100105334892 --> 4 Sin Modificación
0032M008241  10% CAJA ROJA 45 GR     00200U0000000000001***************************************************************************0000-------076130315013972 --> 4 Sin Modificación
0032M008242  21% SURTIDO BEANIE BOOS 00595U0000000000001***************************************************************************0000-------000084213600621 --> 4 Sin Modificación
0032M008243  21% SURTIDO BEANIE BOOS 00595U0000000000001***************************************************************************0000-------000084213600861 --> 4 Sin Modificación
0032M008244  21% SURTIDO BEANIE BOOS 00595U0000000000001***************************************************************************0000-------000084213601161 --> 4 Sin Modificación
0032M008245  21% SURTIDO BEANIE BOOS 00595U0000000000001***************************************************************************0000-------000084213609491 --> 4 Sin Modificación
0032M008246  21% SURTIDO BEANIE BOOS 00595U0000000000001***************************************************************************0000-------000084213609561 --> 4 Sin Modificación
0032M008247  21% SURTIDO BEANIE BOOS 00595U0000000000001***************************************************************************0000-------000084213610901 --> 4 Sin Modificación
0032M008248  21% SURTIDO BEANIE BOOS 00595U0000000000001***************************************************************************0000-------000084213612121 --> 4 Sin Modificación
0032M008249  21% SURTIDO BEANIE BOOS 00595U0000000000001***************************************************************************0000-------000084213612501 --> 4 Sin Modificación
0032M008250  21% SURTIDO BEANIE BOOS 00595U0000000000001***************************************************************************0000-------000084213614651 --> 4 Sin Modificación
0032M008251  21% SURTIDO BEANIE BOOS 00595U0000000000001***************************************************************************0000-------000084213614891 --> 4 Sin Modificación
0032M008252  21% SURTIDO BEANIE BOOS 00595U0000000000001***************************************************************************0000-------000084213615021 --> 4 Sin Modificación
0032M008253  21% SURTIDO BEANIE BOOS 00595U0000000000001***************************************************************************0000-------000084213614961 --> 4 Sin Modificación
0032M008254  21% SURTIDO BEANIE BOOS 00595U0000000000001***************************************************************************0000-------000084213615191 --> 4 Sin Modificación
0032M008255  21% SURTIDO BEANIE BOOS 00595U0000000000001***************************************************************************0000-------000084213615571 --> 4 Sin Modificación
0032M008256  21% SURTIDO BEANIE BOOS 00595U0000000000001***************************************************************************0000-------000084213600311 --> 4 Sin Modificación
0032M008257  21% SURTIDO BEANIE BOOS 00595U0000000000001***************************************************************************0000-------000084213615711 --> 4 Sin Modificación
0032M008258  21% SURTIDO BEANIE BOOS 00595U0000000000001***************************************************************************0000-------000084213615641 --> 4 Sin Modificación
0032M008259  21% SURTIDO BEANIE BOOS 00595U0000000000001***************************************************************************0000-------000084213615881 --> 4 Sin Modificación
0032M008260  21% SURTIDO BEANIE BOOS 00595U0000000000001***************************************************************************0000-------000084213615951 --> 4 Sin Modificación
0032M008261  21% SURTIDO BEANIE BOOS 00595U0000000000001***************************************************************************0000-------000084213616491 --> 4 Sin Modificación
0032M008262  21% SURTIDO BEANIE BOOS 00595U0000000000001***************************************************************************0000-------000084213617791 --> 4 Sin Modificación
0032M008263  21% SURTIDO BEANIE BOOS 00595U0000000000001***************************************************************************0000-------000084213617861 --> 4 Sin Modificación
0032M008264  21% SURTIDO BEANIE BOOS 00595U0000000000001***************************************************************************0000-------000084213617931 --> 4 Sin Modificación
0032M008265  21% SURTIDO BEANIE BOOS 00595U0000000000001***************************************************************************0000-------000084213618091 --> 4 Sin Modificación
0032M008266  21% SURTIDO BEANIE BOOS 00595U0000000000001***************************************************************************0000-------000084213618301 --> 4 Sin Modificación
0032M008267  21% SURTIDO BEANIE BOOS 00595U0000000000001***************************************************************************0000-------000084213618471 --> 4 Sin Modificación
0032M008268  21% SURTIDO BEANIE BOOS 00595U0000000000001***************************************************************************0000-------000084213618541 --> 4 Sin Modificación
0032M008269  21% SURTIDO BEANIE BOOS 00595U0000000000001***************************************************************************0000-------000084213618611 --> 4 Sin Modificación
0032M008270  21% SURTIDO BEANIE BOOS 00595U0000000000001***************************************************************************0000-------000084213618781 --> 4 Sin Modificación
0032M008271  21% SURTIDO BEANIE BOOS 00595U0000000000001***************************************************************************0000-------000084213618851 --> 4 Sin Modificación
0032M008272  21% SURTIDO BEANIE BOOS 00595U0000000000001***************************************************************************0000-------000084213618921 --> 4 Sin Modificación
0032M008273  21% SURTIDO BEANIE BOOS 00595U0000000000001***************************************************************************0000-------000084213619081 --> 4 Sin Modificación
0032M008274  21% SURTIDO BEANIE BOOS 00595U0000000000001***************************************************************************0000-------000084213619151 --> 4 Sin Modificación
0032M008277  21% MINI LIMAS BUHOS (NA00100U0000000000001***************************************************************************0000-------050550717005211 --> 4 Sin Modificación
0032M008278  21% MINI LIMAS PERRO (NA00100U0000000000001***************************************************************************0000-------050550717005381 --> 4 Sin Modificación
0032M008279  21% LIMA PERRO (NAIL64) 00100U0000000000001***************************************************************************0000-------050550717067211 --> 4 Sin Modificación
0032M008282  21% MINI LIMAS CALAVERAS00100U0000000000001***************************************************************************0000-------050550717068201 --> 4 Sin Modificación
0032M008283  21% MINI LIMAS UNICORNIO00100U0000000000001***************************************************************************0000-------050550717182431 --> 4 Sin Modificación
0032M008290  21% PELUCHE EMOJI GAFAS 00700U0000000000001***************************************************************************0000-------050550717114591 --> 4 Sin Modificación
0032M008291  21% BOLSA ZOMLINGS6 1 UN00050U0000000000001***************************************************************************0000-------084316180053161 --> 4 Sin Modificación
0032M008292  21% SURTIDO BEANIE BOOS 00595U0000000000001***************************************************************************0000-------000084213619221 --> 4 Sin Modificación
0032M008293  21% SURTIDO BEANIE BOOS 00595U0000000000001***************************************************************************0000-------000084213619391 --> 4 Sin Modificación
0032M008294  21% SURTIDO BEANIE BOOS 00595U0000000000001***************************************************************************0000-------000084213674291 --> 4 Sin Modificación
0032M008295  21% SURTIDO BEANIE BOOS 00595U0000000000001***************************************************************************0000-------000084213717161 --> 4 Sin Modificación
0032M008296  21% SURTIDO BEANIE BOOS 00595U0000000000001***************************************************************************0000-------000084213717231 --> 4 Sin Modificación
0032M008297  21% SURTIDO BEANIE BOOS 00595U0000000000001***************************************************************************0000-------000084213717301 --> 4 Sin Modificación
0032M008298  21% SURTIDO BEANIE BOOS 00595U0000000000001***************************************************************************0000-------000084213600311 --> 4 Sin Modificación
0032M008299  21% SURTIDO BEANIE BOOS 00595U0000000000001***************************************************************************0000-------000084213717471 --> 4 Sin Modificación
0032M008300  21% SURTIDO BEANIE BOOS 00595U0000000000001***************************************************************************0000-------000084213717541 --> 4 Sin Modificación
0032B008301  21% No pedir CAJA PEQ. V00300U0000000000001                                                                           0000-------084354209383051 --> 99
0032M008304  21% G. HELIO SKY & EVERE00420U0000000000001***************************************************************************0000-------000266353408851 --> 4 Sin Modificación
0032M008306  10% MINI SUSHI CHCH     00300U0000000000001***************************************************************************0000-------087136008864702 --> 4 Sin Modificación
0032M008308  10% LATA MICKEY VINTAGE 00110U0000000000001***************************************************************************0000-------040025901353422 --> 4 Sin Modificación
0032M008309  10% LATA MINNIE VINTAGE 00110U0000000000001***************************************************************************0000-------040025901353592 --> 4 Sin Modificación
0032M008310  10% LATA DONALD VINTAGE 00110U0000000000001***************************************************************************0000-------040025901353662 --> 4 Sin Modificación
0032M008311  21% EXCAVADORA LLENA CEN00250U0000000000001***************************************************************************0000-------084360237760351 --> 4 Sin Modificación
0032M008312  21% EXCAVADORA LLENA CEN00250U0000000000001***************************************************************************0000-------084360237760421 --> 4 Sin Modificación
0032M008313  21% PELUCHE CHIHUAHUA CO00350U0000000000001***************************************************************************0000-------084360237780221 --> 4 Sin Modificación
0032M008314  21% SURTIDO BEANIE BOOS 00595U0000000000001***************************************************************************0000-------000084213600311 --> 4 Sin Modificación
0032M008315  21% SURTIDO BEANIE BOOS 01495U0000000000001***************************************************************************0000-------000084213410231 --> 4 Sin Modificación
0032M008317  21% SURTIDO BEANIE BOOS 00595U0000000000001***************************************************************************0000-------000084214112691 --> 4 Sin Modificación
0032M008319  21% SURTIDO BEANIE BOOS 00595U0000000000001***************************************************************************0000-------000084214112761 --> 4 Sin Modificación
0032M008320  21% SURTIDO BEANIE BOOS 00595U0000000000001***************************************************************************0000-------000084214120131 --> 4 Sin Modificación
0032M008321  21% SURTIDO BEANIE BOOS 00595U0000000000001***************************************************************************0000-------000084213717611 --> 4 Sin Modificación
0032M008322  21% SURTIDO BEANIE BOOS 00595U0000000000001***************************************************************************0000-------000084213717781 --> 4 Sin Modificación
0032M008323  21% SURTIDO BEANIE BOOS 00595U0000000000001***************************************************************************0000-------000084213717851 --> 4 Sin Modificación
0032M008324  21% SURTIDO BEANIE BOOS 00595U0000000000001***************************************************************************0000-------000084213718441 --> 4 Sin Modificación
0032M008325  21% SURTIDO BEANIE BOOS 00595U0000000000001***************************************************************************0000-------000084213718841 --> 4 Sin Modificación
0032M008326  21% SURTIDO BEANIE BOOS 00595U0000000000001***************************************************************************0000-------000084213718911 --> 4 Sin Modificación
0032M008327  21% SURTIDO BEANIE BOOS 00595U0000000000001***************************************************************************0000-------000084213719071 --> 4 Sin Modificación
0032M008328  21% SURTIDO BEANIE BOOS 00595U0000000000001***************************************************************************0000-------000084213719211 --> 4 Sin Modificación
0032M008329  21% SURTIDO BEANIE BOOS 00595U0000000000001***************************************************************************0000-------000084213600311 --> 4 Sin Modificación
0032M008330  21% SURTIDO BEANIE BOOS 00595U0000000000001***************************************************************************0000-------000084213719381 --> 4 Sin Modificación
0032M008331  21% SURTIDO BEANIE BOOS 00595U0000000000001***************************************************************************0000-------000084213719451 --> 4 Sin Modificación
0032M008332  21% SURTIDO BEANIE BOOS 00595U0000000000001***************************************************************************0000-------000084213719831 --> 4 Sin Modificación
0032M008333  21% SURTIDO BEANIE BOOS 00595U0000000000001***************************************************************************0000-------000084213719901 --> 4 Sin Modificación
0032M008334  21% SURTIDO BEANIE BOOS 00595U0000000000001***************************************************************************0000-------000084213720031 --> 4 Sin Modificación
0032M008335  21% SURTIDO BEANIE BOOS 00595U0000000000001***************************************************************************0000-------000084213720101 --> 4 Sin Modificación
0032M008336  21% SURTIDO BEANIE BOOS 00595U0000000000001***************************************************************************0000-------000084213720341 --> 4 Sin Modificación
0032M008337  21% SURTIDO BEANIE BOOS 00595U0000000000001***************************************************************************0000-------000084213721191 --> 4 Sin Modificación
0032M008352  21% DIADEMAS Y CORONAS S00150U0000000000001***************************************************************************0000-------084360237782371 --> 4 Sin Modificación
0032M008358  21% SURTIDO BEANIE BOOS 00595U0000000000001***************************************************************************0000-------000084213721261 --> 4 Sin Modificación
0032M008359  21% SURTIDO BEANIE BOOS 00595U0000000000001***************************************************************************0000-------000084213722011 --> 4 Sin Modificación
0032M008360  21% SURTIDO BEANIE BOOS 00595U0000000000001***************************************************************************0000-------000084213722181 --> 4 Sin Modificación
0032M008361  21% SURTIDO BEANIE BOOS 00595U0000000000001***************************************************************************0000-------000084213722251 --> 4 Sin Modificación
0032M008362  21% SURTIDO BEANIE BOOS 00595U0000000000001***************************************************************************0000-------000084213722321 --> 4 Sin Modificación
0032M008363  21% SURTIDO BEANIE BOOS 00595U0000000000001***************************************************************************0000-------000084213722491 --> 4 Sin Modificación
0032M008364  21% SURTIDO BEANIE BOOS 00595U0000000000001***************************************************************************0000-------000084213722561 --> 4 Sin Modificación
0032M008365  21% SURTIDO BEANIE BOOS 00595U0000000000001***************************************************************************0000-------000084213722631 --> 4 Sin Modificación
0032M008366  21% SURTIDO BEANIE BOOS 00595U0000000000001***************************************************************************0000-------000084213724231 --> 4 Sin Modificación
0032M008367  21% SURTIDO BEANIE BOOS 00595U0000000000001***************************************************************************0000-------000084213724301 --> 4 Sin Modificación
0032M008368  21% SURTIDO BEANIE BOOS 00595U0000000000001***************************************************************************0000-------000084213720721 --> 4 Sin Modificación
0032M008392  21% PELUCHE HELLO KITTY 00400U0000000000001***************************************************************************0000-------050505651552521 --> 4 Sin Modificación
0032M008393  10% BOTELLA CAVA CORAZON00800U0000000000001***************************************************************************0000-------084139075769052 --> 4 Sin Modificación
0032M008394  21% PACK 2 SACAPUNTAS NI00040U0000000000001***************************************************************************0000-------084147788309431 --> 4 Sin Modificación
0032M008395  21% PACK 2 SACAPUNTAS NI00040U0000000000001***************************************************************************0000-------084147788107471 --> 4 Sin Modificación
0032M008396  21% PACK 2 SACAPUNTAS ST00040U0000000000001***************************************************************************0000-------084147788309501 --> 4 Sin Modificación
0032M008397  21% PACK 2 SACAPUNTAS HE00040U0000000000001***************************************************************************0000-------084308521845111 --> 4 Sin Modificación
0032M008398  21% PACK 2 SACAPUNTAS CA00040U0000000000001***************************************************************************0000-------084147788107301 --> 4 Sin Modificación
0032M008399  21% PEGAMENTO SPIDERMAN 00040U0000000000001***************************************************************************0000-------084147788245841 --> 4 Sin Modificación
0032M008400  21% PEGAMENTO STAR WARS 00040U0000000000001***************************************************************************0000-------084147788310491 --> 4 Sin Modificación
0032M008401  21% PEGAMENTO NIÑA DISNE00040U0000000000001***************************************************************************0000-------084147788245151 --> 4 Sin Modificación
0032M008402  21% PEGAMENTO NIÑA DISNE00040U0000000000001***************************************************************************0000-------084147788310321 --> 4 Sin Modificación
0032M008403  21% PEGAMENTO NIÑA DISNE00040U0000000000001***************************************************************************0000-------084147788245391 --> 4 Sin Modificación
0032M008404  21% PACK 3 GOMAS BORRAR 00040U0000000000001***************************************************************************0000-------084147788234711 --> 4 Sin Modificación
0032M008405  21% PACK 3 GOMAS BORRAR 00040U0000000000001***************************************************************************0000-------084147788234881 --> 4 Sin Modificación
0032M008406  21% PACK 3 GOMAS BORRAR 00040U0000000000001***************************************************************************0000-------084147788106551 --> 4 Sin Modificación
0032M008407  21% PACK 3 GOMAS BORRAR 00040U0000000000001***************************************************************************0000-------084147788309121 --> 4 Sin Modificación
0032M008408  21% PACK 3 GOMAS BORRAR 00040U0000000000001***************************************************************************0000-------084147788309291 --> 4 Sin Modificación
0032M008409  21% CAJA 6 LAPICES COLOR00040U0000000000001***************************************************************************0000-------084147788234331 --> 4 Sin Modificación
0032M008410  21% CAJA 6 LAPICES COLOR00040U0000000000001***************************************************************************0000-------084147788234401 --> 4 Sin Modificación
0032M008411  21% CAJA 6 LAPICES COLOR01500U0000000000001***************************************************************************0000-------084147788104641 --> 4 Sin Modificación
0032M008412  21% CAJA 6 LAPICES COLOR00040U0000000000001***************************************************************************0000-------084147788104401 --> 4 Sin Modificación
0032M008413  21% CAJA 6 LAPICES COLOR00040U0000000000001***************************************************************************0000-------084147788104331 --> 4 Sin Modificación
0032M008414  21% CAJA 6 LAPICES COLOR00040U0000000000001***************************************************************************0000-------084147788307381 --> 4 Sin Modificación
0032M008415  21% CAJA 6 LAPICES COLOR00040U0000000000001***************************************************************************0000-------084147788307211 --> 4 Sin Modificación
0032M008416  21% CAJA 6 LAPICES COLOR00040U0000000000001***************************************************************************0000-------084147788104571 --> 4 Sin Modificación
0032M008417  21% SURTIDO BEANIE BOOS 01495U0000000000001***************************************************************************0000-------000084213682351 --> 4 Sin Modificación
0032M008418  21% SURTIDO BEANIE BOOS 01495U0000000000001***************************************************************************0000-------000084213682591 --> 4 Sin Modificación
0032M008419  21% SURTIDO BEANIE BOOS 01495U0000000000001***************************************************************************0000-------000084213682661 --> 4 Sin Modificación
0032M008422  21% SURTIDO BEANIE BOOS 01495U0000000000001***************************************************************************0000-------000084213690101 --> 4 Sin Modificación
0032M008423  21% SURTIDO BEANIE BOOS 01495U0000000000001***************************************************************************0000-------000084213690271 --> 4 Sin Modificación
0032M008424  21% SURTIDO BEANIE BOOS 01495U0000000000001***************************************************************************0000-------000084213690411 --> 4 Sin Modificación
0032M008425  21% SURTIDO BEANIE BOOS 01495U0000000000001***************************************************************************0000-------000084213690581 --> 4 Sin Modificación
0032M008426  21% SURTIDO BEANIE BOOS 01495U0000000000001***************************************************************************0000-------000084213698981 --> 4 Sin Modificación
0032M008427  21% SURTIDO BEANIE BOOS 01495U0000000000001***************************************************************************0000-------000074213699421 --> 4 Sin Modificación
0032M008428  21% SURTIDO BEANIE BOOS 01495U0000000000001***************************************************************************0000-------000084213699591 --> 4 Sin Modificación
0032M008429  21% SURTIDO BEANIE BOOS 01495U0000000000001***************************************************************************0000-------000084213701221 --> 4 Sin Modificación
0032M008430  21% SURTIDO BEANIE BOOS 01495U0000000000001***************************************************************************0000-------000084213703681 --> 4 Sin Modificación
0032M008431  21% SURTIDO BEANIE BOOS 01495U0000000000001***************************************************************************0000-------000084213703821 --> 4 Sin Modificación
0032M008432  21% SURTIDO BEANIE BOOS 01495U0000000000001***************************************************************************0000-------000084213704051 --> 4 Sin Modificación
0032M008433  21% SURTIDO BEANIE BOOS 01495U0000000000001***************************************************************************0000-------000084213704121 --> 4 Sin Modificación
0032M008434  21% SURTIDO BEANIE BOOS 01495U0000000000001***************************************************************************0000-------000084213704291 --> 4 Sin Modificación
0032M008435  21% SURTIDO BEANIE BOOS 01495U0000000000001***************************************************************************0000-------000084213704671 --> 4 Sin Modificación
0032M008436  21% SURTIDO BEANIE BOOS 01495U0000000000001***************************************************************************0000-------000084213705281 --> 4 Sin Modificación
0032M008437  21% SURTIDO BEANIE BOOS 01495U0000000000001***************************************************************************0000-------000084213705421 --> 4 Sin Modificación
0032M008438  21% SURTIDO BEANIE BOOS 01495U0000000000001***************************************************************************0000-------000084213706101 --> 4 Sin Modificación
0032M008439  21% SURTIDO BEANIE BOOS 01495U0000000000001***************************************************************************0000-------000084213706411 --> 4 Sin Modificación
0032M008440  21% SURTIDO BEANIE BOOS 01495U0000000000001***************************************************************************0000-------000084213706581 --> 4 Sin Modificación
0032M008441  21% SURTIDO BEANIE BOOS 01495U0000000000001***************************************************************************0000-------000084213706651 --> 4 Sin Modificación
0032M008442  21% SURTIDO BEANIE BOOS 01495U0000000000001***************************************************************************0000-------000084213706721 --> 4 Sin Modificación
0032M008443  21% SURTIDO BEANIE BOOS 01495U0000000000001***************************************************************************0000-------000084213706891 --> 4 Sin Modificación
0032M008444  21% SURTIDO BEANIE BOOS 01495U0000000000001***************************************************************************0000-------000084213707331 --> 4 Sin Modificación
0032M008445  21% SURTIDO BEANIE BOOS 01495U0000000000001***************************************************************************0000-------000084213707401 --> 4 Sin Modificación
0032M008446  21% SURTIDO BEANIE BOOS 01495U0000000000001***************************************************************************0000-------000084213707571 --> 4 Sin Modificación
0032M008447  21% SURTIDO BEANIE BOOS 01495U0000000000001***************************************************************************0000-------000084213707641 --> 4 Sin Modificación
0032M008448  21% SURTIDO BEANIE BOOS 01495U0000000000001***************************************************************************0000-------000084213707711 --> 4 Sin Modificación
0032M008449  21% SURTIDO BEANIE BOOS 01495U0000000000001***************************************************************************0000-------000084213707881 --> 4 Sin Modificación
0032M008450  21% SURTIDO BEANIE BOOS 01495U0000000000001***************************************************************************0000-------000084213707951 --> 4 Sin Modificación
0032M008451  21% SURTIDO BEANIE BOOS 01495U0000000000001***************************************************************************0000-------000084213708011 --> 4 Sin Modificación
0032M008452  21% SURTIDO BEANIE BOOS 01495U0000000000001***************************************************************************0000-------000084213708181 --> 4 Sin Modificación
0032M008453  21% SURTIDO BEANIE BOOS 01495U0000000000001***************************************************************************0000-------000084213708561 --> 4 Sin Modificación
0032M008454  21% SURTIDO BEANIE BOOS 01495U0000000000001***************************************************************************0000-------000084213708631 --> 4 Sin Modificación
0032M008455  21% SURTIDO BEANIE BOOS 01495U0000000000001***************************************************************************0000-------000084213708871 --> 4 Sin Modificación
0032M008456  21% SURTIDO BEANIE BOOS 01495U0000000000001***************************************************************************0000-------000084213709241 --> 4 Sin Modificación
0032M008457  21% SURTIDO BEANIE BOOS 01495U0000000000001***************************************************************************0000-------000084213709171 --> 4 Sin Modificación
0032M008458  21% SURTIDO BEANIE BOOS 01495U0000000000001***************************************************************************0000-------000084213714261 --> 4 Sin Modificación
0032M008459  21% SURTIDO BEANIE BOOS 01495U0000000000001***************************************************************************0000-------000084213714331 --> 4 Sin Modificación
0032M008460  21% SURTIDO BEANIE BOOS 01495U0000000000001***************************************************************************0000-------000084213714401 --> 4 Sin Modificación
0032M008461  21% SURTIDO BEANIE BOOS 01495U0000000000001***************************************************************************0000-------000074213699421 --> 4 Sin Modificación
0032M008462  21% SURTIDO BEANIE BOOS 01495U0000000000001***************************************************************************0000-------000084213714571 --> 4 Sin Modificación
0032M008463  21% SURTIDO BEANIE BOOS 01495U0000000000001***************************************************************************0000-------000084213714641 --> 4 Sin Modificación
0032M008464  21% SURTIDO BEANIE BOOS 00595U0000000000001***************************************************************************0000-------000084213719141 --> 4 Sin Modificación
0032M008465  21% TAZAS CAMPAÑA (VACIO00300U0000000000001***************************************************************************0000-------084360237780391 --> 4 Sin Modificación
0032M008466  21% TAZAS SURTIDAS (VACI00250U0000000000001***************************************************************************0000-------084360237761031 --> 4 Sin Modificación
0032M008469  21% COJIN + RELLENO LOVI01495U0000000000001***************************************************************************0000-------084354493031221 --> 4 Sin Modificación
0032M008470  21% COJIN + RELLENO LOVI01495U0000000000001***************************************************************************0000-------084354493031391 --> 4 Sin Modificación
0032M008527  21% PELUCHE HELLO KITTY 00400U0000000000001***************************************************************************0000-------000916711110651 --> 4 Sin Modificación
0032M008532  10% NESTEA MANGO-PIÑA PE00160U0000000000001***************************************************************************0000-------054490001126682 --> 4 Sin Modificación
0032B008537  21% No pedir CAJA PEQ. M00650U0000000000001                                                                           0000-------084000128230171 --> 99
0032B008538  21% No pedir CAJA MED. M00800U0000000000001                                                                           0000-------084000228230141 --> 99
0032M008541  21% SURTIDO PARCHES BELR00220U0000000000001***************************************************************************0000-------084360237780461 --> 4 Sin Modificación
0032M008542  21% SURTIDO PARCHES LOVI00180U0000000000001***************************************************************************0000-------084360237780531 --> 4 Sin Modificación
0032M008543  21% CAJA CON UNICORNIO M00250U0000000000001***************************************************************************0000-------084360237780601 --> 4 Sin Modificación
0032M008544  21% POMPAS PJ MASKS 60 M00080U0000000000001***************************************************************************0000-------080073156630071 --> 4 Sin Modificación
0032M008546  21% MALETIN SIN VENTANA 00320U0000000000001***************************************************************************0000-------084360237765471 --> 4 Sin Modificación
0032M008547  21% MALETIN SIN VENTANA 00320U0000000000001***************************************************************************0000-------084360237765541 --> 4 Sin Modificación
0032M008548  21% MALETIN SIN VENTANA 00320U0000000000001***************************************************************************0000-------084360237765611 --> 4 Sin Modificación
0032M008549  21% MALETIN SIN VENTANA 00320U0000000000001***************************************************************************0000-------084360237765781 --> 4 Sin Modificación
0032M008550  21% SURTIDO BEANIE BOOS 01495U0000000000001***************************************************************************0000-------000084213699421 --> 4 Sin Modificación
0032M008554  10% PIRULETAS ACIDAS    00020U0000000000001***************************************************************************0000-------084104425130682 --> 4 Sin Modificación
0032M008560  21% PACK 2 SACAPUNTAS HE00040U0000000000001***************************************************************************0000-------084147788234571 --> 4 Sin Modificación
0032M008561  21% PELUCHES EMOJIS SURT00400U0000000000001***************************************************************************0000-------050255723026301 --> 4 Sin Modificación
0032B008566  21% LAPIZ COLORES RAINBO00150U0000000000001                                                                           0000-------084263073174361 --> 99
0032M008567  21% PORTAMINAS CAMPUS LO00150U0000000000001***************************************************************************0000-------084263074290231 --> 4 Sin Modificación
0032B008573  21% SOBRE BROCHE A4 TRAN00070U0000000000001                                                                           0000-------084263074202731 --> 99
0032B008574  21% SOBRE BROCHE 4A AZUL00070U0000000000001                                                                           0000-------084263074202661 --> 99
0032B008575  21% SOBRE BROCHE A4 VERD00070U0000000000001                                                                           0000-------084263074202591 --> 99
0032B008576  21% SOBRE BROCHE A4 AMAR00070U0000000000001                                                                           0000-------084263074202421 --> 99
0032B008577  21% SOBRE BROCHE A4 VIOL00070U0000000000001                                                                           0000-------084263074202231 --> 99
0032B008578  21% SOBRE BROCHE A4 ROJO00070U0000000000001                                                                           0000-------084263074208771 --> 99
0032M008579  21% CUBO LATA LOVIT (VAC00150U0000000000001***************************************************************************0000-------084360237780771 --> 4 Sin Modificación
0032M008584  21% HUCHA LATA CHICO LLE00250U0000000000001***************************************************************************0000-------084360237766461 --> 4 Sin Modificación
0032M008585  21% HUCHA LATA CHICO LLE00250U0000000000001***************************************************************************0000-------084360237766531 --> 4 Sin Modificación
0032M008586  21% BAUL HUCHA LATA CHIC00310U0000000000001***************************************************************************0000-------084360237766771 --> 4 Sin Modificación
0032M008597  10% POWERADE ICE        00250U0000000000001***************************************************************************0000-------054492806     2 --> 4 Sin Modificación
0032M008601  21% ABREBOTES COCODRILO 00150U0000000000001***************************************************************************0000-------084303062564501 --> 4 Sin Modificación
0032M008603  21% VELA CUMPLEAÑOS Nº 000140U0000000000001***************************************************************************0000-------084308523136761 --> 4 Sin Modificación
0032M008605  21% VELA CUMPLEAÑOS Nº 100140U0000000000001***************************************************************************0000-------084308523136831 --> 4 Sin Modificación
0032M008606  21% VELA CUMPLEAÑOS Nº 200140U0000000000001***************************************************************************0000-------084308523136901 --> 4 Sin Modificación
0032M008608  21% VELA CUMPLEAÑOS Nº 300140U0000000000001***************************************************************************0000-------084308523137061 --> 4 Sin Modificación
0032M008611  21% VELA CUMPLEAÑOS Nº 400140U0000000000001***************************************************************************0000-------084308523137131 --> 4 Sin Modificación
0032M008613  21% VELA CUMPLEAÑOS Nº 500140U0000000000001***************************************************************************0000-------084308523137201 --> 4 Sin Modificación
0032M008615  21% VELA CUMPLEAÑOS Nº 600140U0000000000001***************************************************************************0000-------084308523137371 --> 4 Sin Modificación
0032M008616  21% VELA CUMPLEAÑOS Nº 700140U0000000000001***************************************************************************0000-------084308523137441 --> 4 Sin Modificación
0032M008618  21% VELA CUMPLEAÑOS Nº 800140U0000000000001***************************************************************************0000-------084308523137511 --> 4 Sin Modificación
0032M008619  21% VELA CUMPLEAÑOS Nº 900140U0000000000001***************************************************************************0000-------084308523137681 --> 4 Sin Modificación
0032M008626  21% POSAVASOS PIZZA (25400300U0000000000001***************************************************************************0000-------084303062549511 --> 4 Sin Modificación
0032M008639  21% BOLIGRAFO PLUMA (DY000100U0000000000001***************************************************************************0000-------084303062563441 --> 4 Sin Modificación
0032M008640  10% BIFRUTAS TROPICAL PA00080U0000000000001***************************************************************************0000-------084101281690912 --> 4 Sin Modificación
0032M008641  21% HUCHA BOLA SURTIDA (00270U0000000000001***************************************************************************0000-------084360237769361 --> 4 Sin Modificación
0032M008642  10% PIPACHIC CHURRUCA XX00150U0000000000001***************************************************************************0000-------084121261504772 --> 4 Sin Modificación
0032M008645  21% TAZA LOVIT SURTIDA (00250U0000000000001***************************************************************************0000-------084360237781211 --> 4 Sin Modificación
0032M008646  10% SNACK  PATRULLA CANI00080U0000000000001***************************************************************************0000-------084222839411082 --> 4 Sin Modificación
0032B008647  21% FUNDA GAFAS BICI (BI00300U0000000000001                                                                           0000-------006709830966751 --> 99
0032M008651  10% OREO FINAS 48 GR    00100U0000000000001***************************************************************************0000-------076222106468972 --> 4 Sin Modificación
0032M008652  10% VELA CUMPLEAÑOS INTE00140U0000000000001***************************************************************************0000-------084308523441442 --> 4 Sin Modificación
0032B008654  21% FUNDA GAFAS PANDA (P00300U0000000000001                                                                           0000-------006709831030381 --> 99
0032M008657  10% M&M'S CACAHUETE SING00100U0000000000001***************************************************************************0000-------040111445     2 --> 4 Sin Modificación
0032M008658  10% SKITTLES FRUIT 38 GR00110U0000000000001***************************************************************************0000-------040099004601872 --> 4 Sin Modificación
0032M008660  10% TARRINA CACAHUETE RE00200U0000000000001***************************************************************************0000-------084126690326292 --> 4 Sin Modificación
0032M008661  10% TARRINA TOSTON SABOR00300U0000000000001***************************************************************************0000-------084126692715232 --> 4 Sin Modificación
0032M008662  10% TARRINA COCKTAIL MIX00200U0000000000001***************************************************************************0000-------084126690618652 --> 4 Sin Modificación
0032M008663  10% TARRINA PISTACHO TOS00350U0000000000001***************************************************************************0000-------084126690507532 --> 4 Sin Modificación
0032M008664  10% TARRINA PIPA MONDAD 00200U0000000000001***************************************************************************0000-------084126690416142 --> 4 Sin Modificación
0032M008665  10% TARRINA PIPA USA SAL00200U0000000000001***************************************************************************0000-------084126690416072 --> 4 Sin Modificación
0032M008667  10% HUEVO KINDER MAXI 1000670U0000000000001***************************************************************************0000-------040084002307262 --> 4 Sin Modificación
0032M008683  21% PULSERA CHARM AMIGA 00300U0000000000001***************************************************************************0000-------084354493127971 --> 4 Sin Modificación
0032M008684  21% PULSERA CHARM AMIGA 00300U0000000000001***************************************************************************0000-------084354493128031 --> 4 Sin Modificación
0032M008685  10% CHICLE 5 MANZANA    00150U0000000000001***************************************************************************0000-------042306993     2 --> 4 Sin Modificación
0032B008688  21% MINIBLOCKS SW BB8 LO00800U0000000000001                                                                           0000-------069405507240771 --> 99
0032M008698  21% PELUCHE BARRIGA ELEF00250U0000000000001***************************************************************************0000-------084360237781521 --> 4 Sin Modificación
0032M008699  21% COJIN + RELLENO LOVI01495U0000000000001***************************************************************************0000-------084354493029581 --> 4 Sin Modificación
0032B008702  21% BOLI BORRABLE 3COLOR00150U0000000000001                                                                           0000-------084263077325501 --> 99
0032B008704  21% BOLI BORRABLE 3COLOR00150U0000000000001                                                                           0000-------084263077325431 --> 99
0032M008712  21% PORTAMINAS CAMPUS LO00150U0000000000001***************************************************************************0000-------084263074290301 --> 4 Sin Modificación
0032M008713  21% LAPIZ COLORES RAINBO00150U0000000000001***************************************************************************0000-------084360237782201 --> 4 Sin Modificación
0032M008714  10% AZULITOS PITUFO ENV.00020U0000000000001***************************************************************************0000-------084234670103752 --> 4 Sin Modificación
0032M008719  21% COCTELERA (BA22) LOV01200U0000000000001***************************************************************************0000-------006126150548371 --> 4 Sin Modificación
0032M008733  21% SET MOJITO (BA63) LO01200U0000000000001***************************************************************************0000-------006126150762111 --> 4 Sin Modificación
0032M008734  21% SET 4PCS CHUPITO CAL00800U0000000000001***************************************************************************0000-------006126150524371 --> 4 Sin Modificación
0032M008735  10% BARRITA VAINILLA COO00180U0000000000001***************************************************************************0000-------084246440010012 --> 4 Sin Modificación
0032M008736  10% BARRITA BANANA 46GR 00180U0000000000001***************************************************************************0000-------084246444214582 --> 4 Sin Modificación
0032M008737  10% BARRITA COCO 46GR LO00180U0000000000001***************************************************************************0000-------084246444209562 --> 4 Sin Modificación
0032M008738  10% BARRITA FUSION BAR F00160U0000000000001***************************************************************************0000-------084246440036612 --> 4 Sin Modificación
0032M008739  10% BARRITA FUSION BAR C00160U0000000000001***************************************************************************0000-------084246440036852 --> 4 Sin Modificación
0032M008740  10% BARRITA CHOCOLATE 4400180U0000000000001***************************************************************************0000-------084246444110532 --> 4 Sin Modificación
0032M008741  10% BARRITA YOGUR 44GR L00180U0000000000001***************************************************************************0000-------084246444115582 --> 4 Sin Modificación
0032M008742  10% PAN DE GAMBAS 50 GR.00140U0000000000001***************************************************************************0000-------084117781633162 --> 4 Sin Modificación
0032M008746  21% ESTRELLA LED PLAST. 00700U0000000000001***************************************************************************0000-------040298113640221 --> 4 Sin Modificación
0032B008776  21% HUCHA CARAMELOS SKY 01000U0000000000001                                                                           0000-------084350352186561 --> 99
0032M008782  21% COJIN + RELLENO LOVI01495U0000000000001***************************************************************************0000-------084354493030471 --> 4 Sin Modificación
0032M008783  10% TUBO MENTOLIN LIMON 00075U0000000000001***************************************************************************0000-------084107409057562 --> 4 Sin Modificación
0032M008784  21% SET UÑAS HALLOWEEN  00100U0000000000001***************************************************************************0000-------084360237753661 --> 4 Sin Modificación
0032M008791  21% DIADEMAS DISFRAZ HAL00150U0000000000001***************************************************************************0000-------084360237782991 --> 4 Sin Modificación
0032M008792  21% JUEGO AGUA LADY BUG 00150U0000000000001***************************************************************************0000-------084354779005081 --> 4 Sin Modificación
0032M008793  21% JARRA CERVEZA MUSCUL00800U0000000000001***************************************************************************0000-------040298113702831 --> 4 Sin Modificación
0032M008794  21% SET BASQUET WC (59/100800U0000000000001***************************************************************************0000-------040298113590591 --> 4 Sin Modificación
0032M008796  10% CHICLE JUMBO 80 CM (00250U0000000000001***************************************************************************0000-------050228962510882 --> 4 Sin Modificación
0032M008797  21% MAGIC CUBE (033/205)00200U0000000000001***************************************************************************0000-------050228963320461 --> 4 Sin Modificación
0032B008806  10% HAPPY BOX PRINCESAS 00135U0000000000001                                                                           0000-------084231385323802 --> 99
0032M008807  10% HAPPY BOX PRINCESAS 00135U0000000000001***************************************************************************0000-------084231385264332 --> 4 Sin Modificación
0032M008814  21% CAJA LUZ GRANDE LOVI01500U0000000000001***************************************************************************0000-------084353751334591 --> 4 Sin Modificación
0032M008822  10% HAPPY BOX RELLENO CE00100U0000000000001***************************************************************************0000-------084360237727612 --> 4 Sin Modificación
0032M008823  10% HAPPY BOX PRINCESAS 00135U0000000000001***************************************************************************0000-------084231385168472 --> 4 Sin Modificación
0032M008824  10% BEBIDA M&M'S 350 ML 00300U0000000000001***************************************************************************0000-------050604029008222 --> 4 Sin Modificación
0032M008825  10% BEBIDA MARS 350 ML  00300U0000000000001***************************************************************************0000-------050601220344012 --> 4 Sin Modificación
0032M008826  10% BEBIDA SNICKERS 350 00300U0000000000001***************************************************************************0000-------050601220368492 --> 4 Sin Modificación
0032B008829  21% CUBO BEBIDA COLD DRI00800U0000000000001                                                                           0000-------040298113488861 --> 99
0032M008830  21% PAPEL HIG. GAME OVER00250U0000000000001***************************************************************************0000-------040298113086061 --> 4 Sin Modificación
0032M008837  21% CELO FLAMENCO LOVIT 00150U0000000000001***************************************************************************0000-------040298113695081 --> 4 Sin Modificación
0032M008840  21% SURTIDO OJOS GRANDES00395U0000000000001***************************************************************************0000-------084360237768201 --> 4 Sin Modificación
0032M008841  21% CAJA LUZ GRANDE LOVI01500U0000000000001***************************************************************************0000-------050600815013721 --> 4 Sin Modificación
0032M008842  10% BEBIDA H. POTTER 35500350U0000000000001***************************************************************************0000-------000339190004582 --> 4 Sin Modificación
0032M008858  21% ESTUCHES FRUTAS SURT00050U0000000000001***************************************************************************0000-------084360237783291 --> 4 Sin Modificación
0032M008894  21% PIÑATA PERFIL LADYBU00550U0000000000001***************************************************************************0000-------084231385347421 --> 4 Sin Modificación
0032M008895  21% PIÑATA PERFIL PRINCE00550U0000000000001***************************************************************************0000-------084231385233711 --> 4 Sin Modificación
0032M008896  21% PIÑATA PERFIL VENGAD00550U0000000000001***************************************************************************0000-------084231385246751 --> 4 Sin Modificación
0032M008897  21% GUIRNALDA FELIZ CUMP00350U0000000000001***************************************************************************0000-------084231385317581 --> 4 Sin Modificación
0032M008898  21% GUIRNALDA FELIZ CUMP00350U0000000000001***************************************************************************0000-------084231385325571 --> 4 Sin Modificación
0032M008899  21% GUIRNALDA FELIZ CUMP00350U0000000000001***************************************************************************0000-------084231385347281 --> 4 Sin Modificación
0032M008900  21% GUIRNALDA FELIZ CUMP00350U0000000000001***************************************************************************0000-------084231385291131 --> 4 Sin Modificación
0032M008901  21% GUIRNALDA FELIZ CUMP00350U0000000000001***************************************************************************0000-------084231385236161 --> 4 Sin Modificación
0032M008902  21% GUIRNALDA FELIZ CUMP00350U0000000000001***************************************************************************0000-------084231385337381 --> 4 Sin Modificación
0032M008903  21% GUIRNALDA FELIZ CUMP00350U0000000000001***************************************************************************0000-------084231385221691 --> 4 Sin Modificación
0032M008908  10% KASKYS BARBACOA 45 G00045U0000000000001***************************************************************************0000-------084221148512002 --> 4 Sin Modificación
0032M008909  10% BEBIDA TWIX 350 ML  00300U0000000000001***************************************************************************0000-------050604029021302 --> 4 Sin Modificación
0032M008910  10% DORITOS COOL CREAM C00150U0000000000001***************************************************************************0000-------084101990090362 --> 4 Sin Modificación
0032M008920  21% ESPEJO EMOJI (MIRR1900250U0000000000001***************************************************************************0000-------050550717126231 --> 4 Sin Modificación
0032M008922  21% MINI LIMAS CAJA EMOJ00100U0000000000001***************************************************************************0000-------050550717190281 --> 4 Sin Modificación
0032M008924  21% CACTUS LED (LED15) L00700U0000000000001***************************************************************************0000-------050550717233391 --> 4 Sin Modificación
0032M008925  21% PELUCHE ICONOS WHATS00700U0000000000001***************************************************************************0000-------050505652658141 --> 4 Sin Modificación
0032M008926  21% CACTUS LED (LED15) L00700U0000000000001***************************************************************************0000-------040298113640081 --> 4 Sin Modificación
0032M008936  10% KETCHUP Y MOSTAZA   00140U0000000000001***************************************************************************0000-------069394955200112 --> 4 Sin Modificación
0032M008937  10% SPRAY DINOSAURIO T-R00195U0000000000001***************************************************************************0000-------069394955203322 --> 4 Sin Modificación
0032M008946  21% GLOBO FOIL DORADO Nº00795U0000000000001***************************************************************************0000-------080539046602091 --> 4 Sin Modificación
0032M008947  21% GLOBO FOIL DORADO Nº00795U0000000000001***************************************************************************0000-------080539046602161 --> 4 Sin Modificación
0032M008948  21% GLOBO FOIL DORADO Nº00795U0000000000001***************************************************************************0000-------080539046602231 --> 4 Sin Modificación
0032M008949  21% GLOBO FOIL DORADO Nº00795U0000000000001***************************************************************************0000-------080539046602301 --> 4 Sin Modificación
0032M008950  21% GLOBO FOIL DORADO Nº00795U0000000000001***************************************************************************0000-------080539046602471 --> 4 Sin Modificación
0032M008951  21% GLOBO FOIL DORADO Nº00795U0000000000001***************************************************************************0000-------080539046602541 --> 4 Sin Modificación
0032M008952  21% GLOBO FOIL DORADO Nº00795U0000000000001***************************************************************************0000-------080539046602611 --> 4 Sin Modificación
0032M008953  21% GLOBO FOIL DORADO Nº00795U0000000000001***************************************************************************0000-------080539046602781 --> 4 Sin Modificación
0032M008954  21% GLOBO FOIL DORADO Nº00795U0000000000001***************************************************************************0000-------080539046602851 --> 4 Sin Modificación
0032M008955  21% GLOBO FOIL DORADO Nº00795U0000000000001***************************************************************************0000-------080539046602921 --> 4 Sin Modificación
0032M008956  21% GLOBO FOIL PLATA Nº 00795U0000000000001***************************************************************************0000-------080539046609021 --> 4 Sin Modificación
0032M008957  21% GLOBO FOIL PLATA Nº 00795U0000000000001***************************************************************************0000-------080539046609191 --> 4 Sin Modificación
0032M008958  21% GLOBO FOIL PLATA Nº 00795U0000000000001***************************************************************************0000-------080539046609261 --> 4 Sin Modificación
0032M008959  21% GLOBO FOIL PLATA Nº 00795U0000000000001***************************************************************************0000-------080539046609331 --> 4 Sin Modificación
0032M008960  21% GLOBO FOIL PLATA Nº 00795U0000000000001***************************************************************************0000-------080539046609401 --> 4 Sin Modificación
0032M008961  21% GLOBO FOIL PLATA Nº 00795U0000000000001***************************************************************************0000-------080539046609571 --> 4 Sin Modificación
0032M008962  21% GLOBO FOIL PLATA Nº 00795U0000000000001***************************************************************************0000-------080539046609641 --> 4 Sin Modificación
0032M008963  21% GLOBO FOIL PLATA Nº 00795U0000000000001***************************************************************************0000-------080539046609711 --> 4 Sin Modificación
0032M008964  21% GLOBO FOIL PLATA Nº 00795U0000000000001***************************************************************************0000-------080539046609881 --> 4 Sin Modificación
0032M008965  21% GLOBO FOIL PLATA Nº 00795U0000000000001***************************************************************************0000-------080539046609951 --> 4 Sin Modificación
0032M008967  21% PULSERA HELIO SURTID00200U0000000000001***************************************************************************0000-------084353751163081 --> 4 Sin Modificación
0032M008968  21% PULSERA HELIO SURTID00200U0000000000001***************************************************************************0000-------084353751162921 --> 4 Sin Modificación
0032M008969  21% PULSERA HELIO SURTID00200U0000000000001***************************************************************************0000-------084353751162851 --> 4 Sin Modificación
0032M008970  21% PULSERA HELIO SURTID00200U0000000000001***************************************************************************0000-------084353751163151 --> 4 Sin Modificación
0032M008993  10% CANTIMPLORA MULTICOL00260U0000000000001***************************************************************************0000-------084360237772162 --> 4 Sin Modificación
0032M008994  10% CANTIMPLORA MULTICOL00260U0000000000001***************************************************************************0000-------084360237772232 --> 4 Sin Modificación
0032M008995  10% CANTIMPLORA MULTICOL00260U0000000000001***************************************************************************0000-------084360237772302 --> 4 Sin Modificación
0032B009000  21% FUNDA SERENDIPITY LO01495U0000000000001                                                                           0000-------084354493111651 --> 99
0032M009008  21% GLOBOS CON PALITO SU00175U0000000000001***************************************************************************0000-------000266352311381 --> 4 Sin Modificación
0032M009011  10% NERD RAINBOW BOX 14200250U0000000000001***************************************************************************0000-------000792005583382 --> 4 Sin Modificación
0032M009013  10% ORBIT LAMINA HIERBAB00080U0000000000001***************************************************************************0000-------040099606     2 --> 4 Sin Modificación
0032M009014  10% ORBIT LAMINA FRESA  00080U0000000000001***************************************************************************0000-------042113263     2 --> 4 Sin Modificación
0032M009019  21% CRAZYSLIME BARRIL CO00200U0000000000001***************************************************************************0000-------040298113265491 --> 4 Sin Modificación
0032M009020  21% BOTELLA LED PLUMAS (00600U0000000000001***************************************************************************0000-------040298113448401 --> 4 Sin Modificación
0032M009022  21% BOCINA METAL BICI (600300U0000000000001***************************************************************************0000-------040298113682111 --> 4 Sin Modificación
0032M009024  21% SERVILLETA EMOJI COR00100U0000000000001***************************************************************************0000-------040298113732151 --> 4 Sin Modificación
0032M009026  10% KIKOS DON BLANDITO 100020U0000000000001***************************************************************************0000-------084360006212732 --> 4 Sin Modificación
0032M009033  10% LANCHA RELLENA CENTR00320U0000000000001***************************************************************************0000-------084360237756182 --> 4 Sin Modificación
0032M009034  10% LANCHA RELLENA CENTR00320U0000000000001***************************************************************************0000-------084360237756252 --> 4 Sin Modificación
0032M009035  10% LANCHA RELLENA CENTR00320U0000000000001***************************************************************************0000-------084360237756322 --> 4 Sin Modificación
0032M009036  10% LANCHA RELLENA CENTR00320U0000000000001***************************************************************************0000-------084360237756492 --> 4 Sin Modificación
0032M009037  10% MOTO CLASICA RELLENA00210U0000000000001***************************************************************************0000-------084360237767902 --> 4 Sin Modificación
0032M009038  10% MOTO CLASICA RELLENA00210U0000000000001***************************************************************************0000-------084360237768062 --> 4 Sin Modificación
0032M009039  10% TARRINA ALMENDRA FRI00700U0000000000001***************************************************************************0000-------084126690126142 --> 4 Sin Modificación
0032M009040  10% TARRINA ANACARDO FRI00450U0000000000001***************************************************************************0000-------084126692401852 --> 4 Sin Modificación
0032M009041  10% TARRINA AVELLANA TOS00550U0000000000001***************************************************************************0000-------084126690202062 --> 4 Sin Modificación
0032M009042  10% TARRINA COCKTAIL PRE00450U0000000000001***************************************************************************0000-------084126690617042 --> 4 Sin Modificación
0032M009043  10% TARRINA COCKTAIL FRU00450U0000000000001***************************************************************************0000-------084126690618102 --> 4 Sin Modificación
0032M009044  10% TARRINA DATIL S/HUES00250U0000000000001***************************************************************************0000-------084126691602302 --> 4 Sin Modificación
0032M009045  10% TARRINA OREJONES DE 00300U0000000000001***************************************************************************0000-------084126691800612 --> 4 Sin Modificación
0032M009046  10% TARRINA PASAS SULTAN00250U0000000000001***************************************************************************0000-------084126692305822 --> 4 Sin Modificación
0032M009047  10% TARRINA PISTACHO USA00450U0000000000001***************************************************************************0000-------084126690505482 --> 4 Sin Modificación
0032M009048  10% TARRINA MAIZ GIGANTE00100U0000000000001***************************************************************************0000-------084126691008302 --> 4 Sin Modificación
0032M009049  10% TARRINA MAIZ GIGANTE00100U0000000000001***************************************************************************0000-------084126691008472 --> 4 Sin Modificación
0032M009050  10% TARRINA MACADAMIA TO00450U0000000000001***************************************************************************0000-------084126693303292 --> 4 Sin Modificación
0032M009051  10% TARRINA CACAHUETE CO00150U0000000000001***************************************************************************0000-------084126690326432 --> 4 Sin Modificación
0032M009053  10% MONSTER ULTRA WHITE 00200U0000000000001***************************************************************************0000-------050603375013162 --> 4 Sin Modificación
0032M009054  10% MAXI BURGUER 50G    00100U0000000000001***************************************************************************0000-------040030841340252 --> 4 Sin Modificación
0032M009057  10% HERSHEYS COOKIES & C00190U0000000000001***************************************************************************0000-------000340002394502 --> 4 Sin Modificación
0032M009061  21% POSAVASOS SET4 SUMME00500U0000000000001***************************************************************************0000-------084354209505981 --> 4 Sin Modificación
0032M009065  10% TUBO LACASITOS WHITE00070U0000000000001***************************************************************************0000-------084107409076822 --> 4 Sin Modificación
0032M009072  21% SOPORTE BEBIDAS FLAM00150U0000000000001***************************************************************************0000-------050550717220041 --> 4 Sin Modificación
0032M009073  21% SOPORTE BEBIDAS DONU00150U0000000000001***************************************************************************0000-------050550717220281 --> 4 Sin Modificación
0032M009074  21% SOPORTE BEBIDAS SAND00150U0000000000001***************************************************************************0000-------050550717220351 --> 4 Sin Modificación
0032M009075  21% SOPORTE BEBIDAS UNIC00150U0000000000001***************************************************************************0000-------050550717220421 --> 4 Sin Modificación
0032M009083  10% VENTILADOR REDONDO P00160U0000000000001***************************************************************************0000-------084354779006522 --> 4 Sin Modificación
0032M009084  21% VENTILADOR REDONDO P00160U0000000000001***************************************************************************0000-------084354779006451 --> 4 Sin Modificación
0032M009085  10% HALLS MIEL Y LIMON 200120U0000000000001***************************************************************************0000-------084198945     2 --> 4 Sin Modificación
0032M009089  21% BABOSAS H. POTTER 5600290U0000000000001***************************************************************************0000-------080324550249201 --> 4 Sin Modificación
0032M009091  21% BOLA CRISTAL NAVIDAD00150U0000000000001***************************************************************************0000-------084360237783501 --> 4 Sin Modificación
0032B009092  21% BOLA CRISTAL NAVIDAD00150U0000000000001                                                                           0000-------084360237783671 --> 99
0032B009093  21% FUNDA COJIN MAMA DEF01495U0000000000001                                                                           0000-------084354493030301 --> 99
0032B009094  21% FUNDA COJIN MAMA DEF01495U0000000000001                                                                           0000-------084354493136951 --> 99
0032B009095  21% FUNDA COJIN MAMA DEF01495U0000000000001                                                                           0000-------084354493054781 --> 99
0032M009102  21% MALETIN SIN VENTANA 00320U0000000000001***************************************************************************0000-------084360237783981 --> 4 Sin Modificación
0032M009103  21% HUCHA LATA CHICO LLE00250U0000000000001***************************************************************************0000-------084360237784041 --> 4 Sin Modificación
0032M009104  21% HUCHA LATA CHICA LLE00250U0000000000001***************************************************************************0000-------084360237784111 --> 4 Sin Modificación
0032M009105  21% BAUL HUCHA LATA CHIC00310U0000000000001***************************************************************************0000-------084360237784281 --> 4 Sin Modificación
0032M009106  21% BAUL HUCHA LATA CHIC00310U0000000000001***************************************************************************0000-------084360237784351 --> 4 Sin Modificación
0032M009107  10% CHICLE NUCLEAR      00030U0000000000001***************************************************************************0000-------084105252005022 --> 4 Sin Modificación
0032M009108  10% CINTA MULTICOLOR UNI00030U0000000000001***************************************************************************0000-------084105251590462 --> 4 Sin Modificación
0032M009109  10% CHICLE PELOTA PADEL 00080U0000000000001***************************************************************************0000-------018410525224832 --> 4 Sin Modificación
0032M009111  21% BABOSAS H. POTTER 5600290U0000000000001***************************************************************************0000-------080324550261391 --> 4 Sin Modificación
0032M009124  21% JUEGO 3ENRAYA CHUPIT00700U0000000000001***************************************************************************0000-------040298112117081 --> 4 Sin Modificación
0032M009125  21% RULETA CHUPITOS LOVI01200U0000000000001***************************************************************************0000-------006070005500011 --> 4 Sin Modificación
0032M009133  21% ESTROPAJO GHOST LOVI00150U0000000000001***************************************************************************0000-------050601114316481 --> 4 Sin Modificación
0032M009148  21% PACK 6 VELAS CITRONE00100U0000000000001***************************************************************************0000-------080068819956661 --> 4 Sin Modificación
0032B009156  10% HAPPY BOX RELLENO CE00100U0000000000001                                                                           0000-------084231385367532 --> 99
0032M009163  21% DIADEMA FLORES LOVIT00200U0000000000001***************************************************************************0000-------084800402009051 --> 4 Sin Modificación
0032M009164  21% DIADEMA FLORES LOVIT00100U0000000000001***************************************************************************0000-------084800402001031 --> 4 Sin Modificación
0032M009165  21% DIADEMA FLORES LOVIT00200U0000000000001***************************************************************************0000-------084800402011001 --> 4 Sin Modificación
0032M009172  10% TUBO MENTOLIN EUCALI00075U0000000000001***************************************************************************0000-------084107409036462 --> 4 Sin Modificación
0032M009208  10% HUEVO KINDER JOY    00170U0000000000001***************************************************************************0000-------080974482     2 --> 4 Sin Modificación
0032M009209  10% PIRULETAS ACIDAS    00020U0000000000001***************************************************************************0000-------084104425131672 --> 4 Sin Modificación
0032M009210  10% CAJA VIOLETAS 100 GR00280U0000000000001***************************************************************************0000-------084104423040862 --> 4 Sin Modificación
0032M009211  21% G. HELIO PEPPA PIG  00420U0000000000001***************************************************************************0000-------000266352295481 --> 4 Sin Modificación
0032M009213  21% G. FORMAS CABEZA UNI00520U0000000000001***************************************************************************0000-------000130510026711 --> 4 Sin Modificación
0032M009214  21% BOLSA DE ASA SUPERGR00005U0000000000001***************************************************************************0000-------084360237784591 --> 4 Sin Modificación
0032M009215  21% BOLSAS DE ASAS      00002U0000000000001***************************************************************************0000-------084360237784421 --> 4 Sin Modificación
0032M009216  10% MAXFINOS SUPER WINGS00080U0000000000001***************************************************************************0000-------084222839411152 --> 4 Sin Modificación
0032M009220  21% UNICORNIO DESESTRESA00150U0000000000001***************************************************************************0000-------084360237784661 --> 4 Sin Modificación
0032M009221  21% BOLI UNICORNIO      00150U0000000000001***************************************************************************0000-------084360237784731 --> 4 Sin Modificación
0032B009222  21% SPINNER FINGER      00100U0000000000001                                                                           0000-------040298113864821 --> 99
0032M009223  10% CHICLE PELOTA PADEL 00080U0000000000001***************************************************************************0000-------084198556     2 --> 4 Sin Modificación
0032M009224  10% CHICLE NUCLEAR      00030U0000000000001***************************************************************************0000-------084105252004962 --> 4 Sin Modificación
0032M009225  10% CINTA MULTICOLOR UNI00030U0000000000001***************************************************************************0000-------084105251590392 --> 4 Sin Modificación
0032M009226  10% CHOCO&TOYS HELLO KIT00150U0000000000001***************************************************************************0000-------084365494868692 --> 4 Sin Modificación
0032B009227  21% BOLI PLUS SOFT ROSA 00060U0000000000001                                                                           0000-------084263073201911 --> 99
0032B009229  21% BOLI PLUS SOFT NARAN00060U0000000000001                                                                           0000-------084263073201771 --> 99
0032B009230  21% BOLI PLUS SOFT VIOLE00060U0000000000001                                                                           0000-------084263073201841 --> 99
0032M009232  10% TP 16 HELADOS TUTTI 00670U0000000000001***************************************************************************0000-------084360237784802 --> 4 Sin Modificación
0032M009233  10% TP 17 ROJA          00670U0000000000001***************************************************************************0000-------084360237784972 --> 4 Sin Modificación
0032M009234  10% TP 18 ESTRELLAS COLO00670U0000000000001***************************************************************************0000-------084360237785032 --> 4 Sin Modificación
0032M009235  10% TP 19 FLOR          00670U0000000000001***************************************************************************0000-------084360237785102 --> 4 Sin Modificación
0032M009236  10% TP 20 ROSA          00670U0000000000001***************************************************************************0000-------084360237785272 --> 4 Sin Modificación
0032M009237  10% TP 21 MARIPOSAS     00785U0000000000001***************************************************************************0000-------084360237785342 --> 4 Sin Modificación
0032M009238  10% TP 22 TRICORAZON    00785U0000000000001***************************************************************************0000-------084360237785412 --> 4 Sin Modificación
0032M009239  10% TP 23 ESTRELLA      00670U0000000000001***************************************************************************0000-------084360237785582 --> 4 Sin Modificación
0032M009240  10% TP 24 LILA          00670U0000000000001***************************************************************************0000-------084360237785652 --> 4 Sin Modificación
0032M009241  10% TP 25 FRESA Y NATA  00785U0000000000001***************************************************************************0000-------084360237785722 --> 4 Sin Modificación
0032M009242  21% MALETIN SIN VENTANA 00400U0000000000001***************************************************************************0000-------084360237769291 --> 4 Sin Modificación
0032M009243  10% MALETIN SIN VENTANA 00320U0000000000001***************************************************************************0000-------084360237765232 --> 4 Sin Modificación
0032M009244  10% MALETIN SIN VENTANA 00320U0000000000001***************************************************************************0000-------084360237765302 --> 4 Sin Modificación
0032M009245  10% HUCHA LATA LOVIT LLE00250U0000000000001***************************************************************************0000-------084360237766222 --> 4 Sin Modificación
0032M009246  10% HUCHA LATA LOVIT LLE00250U0000000000001***************************************************************************0000-------084360237766392 --> 4 Sin Modificación
0032M009247  21% TAZA HALLOWEEN LOVIT00500U0000000000001***************************************************************************0000-------084360237785891 --> 4 Sin Modificación
0032M009248  10% BROCHETA NUBE MY LIT00120U0000000000001***************************************************************************0000-------084350352163242 --> 4 Sin Modificación
0032M009249  21% HUCHA CERDITO SURTID00100U0000000000001***************************************************************************0000-------084360237785961 --> 4 Sin Modificación
0032M009264  10% PALOMITA KETCHUP & M00045U0000000000001***************************************************************************0000-------084118595505612 --> 4 Sin Modificación
0032M009265  10% SNACK PALOMETAS YOKA00070U0000000000001***************************************************************************0000-------084221144217002 --> 4 Sin Modificación
0032B009266  21% FUNDA GAFAS BICI (BI00300U0000000000001                                                                           0000-------006709830895611 --> 99
0032M009268  10% GUBLINS XTREME 36 GR00045U0000000000001***************************************************************************0000-------084131640060612 --> 4 Sin Modificación
0032M009269  10% MISTERCORN JAPON 97 00130U0000000000001***************************************************************************0000-------084131640117822 --> 4 Sin Modificación
0032M009271  10% TRIDENT BOTE 50,4G F00250U0000000000001***************************************************************************0000-------076222106428372 --> 4 Sin Modificación
0032M009272  10% TRIDENT BOTE 50,7G M00250U0000000000001***************************************************************************0000-------076222104413932 --> 4 Sin Modificación
0032M009274  10% ORBIT BOTE HIERBABUE00300U0000000000001***************************************************************************0000-------040099004842752 --> 4 Sin Modificación
0032M009275  10% ORBIT BOTE FRESA (GR00300U0000000000001***************************************************************************0000-------040099004843982 --> 4 Sin Modificación
0032M009276  10% ORBIT BOTE MENTA (GR00300U0000000000001***************************************************************************0000-------040099004840392 --> 4 Sin Modificación
0032M009277  10% CHUPETE CARAMELO ANI00080U0000000000001***************************************************************************0000-------084262120089242 --> 4 Sin Modificación
0032M009278  21% COJIN + RELLENO LOVI01495U0000000000001***************************************************************************0000-------084354493100381 --> 4 Sin Modificación
0032M009279  21% COJIN + RELLENO LOVI01495U0000000000001***************************************************************************0000-------084354493038631 --> 4 Sin Modificación
0032M009280  21% COJIN + RELLENO LOVI01495U0000000000001***************************************************************************0000-------084354493043651 --> 4 Sin Modificación
0032B009282  21% CUBO DESESTRESANTE L00300U0000000000001                                                                           0000-------040298113582361 --> 99
0032M009284  10% GUBLINS BARBACOA 12000140U0000000000001***************************************************************************0000-------084131640018442 --> 4 Sin Modificación
0032M009285  10% PAPADELTA JAMON 65 G00140U0000000000001***************************************************************************0000-------084131640024832 --> 4 Sin Modificación
0032M009286  10% MOVIL CARS          00250U0000000000001***************************************************************************0000-------084354779007512 --> 4 Sin Modificación
0032M009287  10% TE ARIZONA 500 ML TE00210U0000000000001***************************************************************************0000-------006130087307582 --> 4 Sin Modificación
0032M009288  10% TE COWBOY 500 ML MAN00210U0000000000001***************************************************************************0000-------006130087390582 --> 4 Sin Modificación
0032M009289  10% CHOCO&TOYS PATRULLA 00150U0000000000001***************************************************************************0000-------080307690405512 --> 4 Sin Modificación
0032M009290  21% COCHE 4X4 LLENO CENT00320U0000000000001***************************************************************************0000-------084360237786191 --> 4 Sin Modificación
0032M009291  21% CABEZAS PATRULLA CAN00200U0000000000001***************************************************************************0000-------084350352211061 --> 4 Sin Modificación
0032M009292  21% DISPENSADOR CARAM. P00320U0000000000001***************************************************************************0000-------084350352233081 --> 4 Sin Modificación
0032M009311  21% TARRO COLORES  (834000200U0000000000001***************************************************************************0000-------050255728791011 --> 4 Sin Modificación
0032M009318  21% MUÑECA MONSTER GIRL 00150U0000000000001***************************************************************************0000-------040298113674501 --> 4 Sin Modificación
0032M009322  21% HUCHA UNICORNIO (78/00800U0000000000001***************************************************************************0000-------040298113784181 --> 4 Sin Modificación
0032M009323  21% GUIRNALDA FELIZ CUMP00350U0000000000001***************************************************************************0000-------084231385377741 --> 4 Sin Modificación
0032M009330  10% PINCHO PATRULLA CANI00120U0000000000001***************************************************************************0000-------084350352175982 --> 4 Sin Modificación
0032M009331  21% SPINNER FINGER      00100U0000000000001***************************************************************************0000-------084301732534461 --> 4 Sin Modificación
0032M009333  21% TAZA CAMPING SURTIDA00300U0000000000001***************************************************************************0000-------084360237786331 --> 4 Sin Modificación
0032M009335  10% HAPPY BOX PRINCESAS 00135U0000000000001***************************************************************************0000-------084231385264332 --> 4 Sin Modificación
0032M009336  10% HAPPY BOX PATRULLA L00135U0000000000001***************************************************************************0000-------084231385323802 --> 4 Sin Modificación
0032M009337  10% TG 11 PURPURINA 3 PI01695U0000000000001***************************************************************************0000-------084360237786402 --> 4 Sin Modificación
0032M009338  10% TG 12 ASIMETRICA    01575U0000000000001***************************************************************************0000-------084360237786572 --> 4 Sin Modificación
0032M009339  10% TG 13 FRESAS        01575U0000000000001***************************************************************************0000-------084360237786642 --> 4 Sin Modificación
0032M009340  10% TG 14 BATIDO        01395U0000000000001***************************************************************************0000-------084360237786712 --> 4 Sin Modificación
0032M009341  10% TG 15 DELFINES      01575U0000000000001***************************************************************************0000-------084360237786882 --> 4 Sin Modificación
0032M009342  10% TG 16 LABIOS        01575U0000000000001***************************************************************************0000-------084360237786952 --> 4 Sin Modificación
0032M009343  10% TG 17 CORAZON 2 PISO01695U0000000000001***************************************************************************0000-------084360237787012 --> 4 Sin Modificación
0032M009345  21% VENTILADOR MANUAL CA00160U0000000000001***************************************************************************0000-------084354779005391 --> 4 Sin Modificación
0032M009346  21% VENTILADOR MANUAL PJ00160U0000000000001***************************************************************************0000-------084354779006381 --> 4 Sin Modificación
0032M009350  10% RUFFLES JAMON 170 GR00170U0000000000001***************************************************************************0000-------056013630071772 --> 4 Sin Modificación
0032M009351  21% GUARDATODO PVC LOVIT00400U0000000000001***************************************************************************0000-------084354493140741 --> 4 Sin Modificación
0032M009352  21% GUARDATODO PVC LOVIT00400U0000000000001***************************************************************************0000-------084354493140811 --> 4 Sin Modificación
0032M009353  21% GUARDATODO PVC LOVIT00400U0000000000001***************************************************************************0000-------084354493141041 --> 4 Sin Modificación
0032M009358  10% PATATAS PARIS 120 GR00130U0000000000001***************************************************************************0000-------084105731001752 --> 4 Sin Modificación
0032M009359  21% PEONZA GYRO SPINNER 00100U0000000000001***************************************************************************0000-------040298113864821 --> 4 Sin Modificación
0032M009361  21% PEONZA GYRO SPINNER 00100U0000000000001***************************************************************************0000-------040298113867721 --> 4 Sin Modificación
0032M009365  21% JUEGO GOLF WC LOVIT 00500U0000000000001***************************************************************************0000-------087165690301511 --> 4 Sin Modificación
0032M009366  21% JUEGO MESA BASKET LO00800U0000000000001***************************************************************************0000-------087165690313011 --> 4 Sin Modificación
0032M009368  21% GLOBO FOIL DORADO Nº00795U0000000000001***************************************************************************0000-------000266352825291 --> 4 Sin Modificación
0032M009369  21% VASO TERMO VACIO    00250U0000000000001***************************************************************************0000-------084360237787321 --> 4 Sin Modificación
0032M009370  10% RUFFLES JAMON 170 GR00170U0000000000001***************************************************************************0000-------084101991417052 --> 4 Sin Modificación
0032M009371  21% GLOBO FORMAS FROZEN 00520U0000000000001***************************************************************************0000-------000130510043301 --> 4 Sin Modificación
0032M009372  21% VASO TERMO NAVIDEÑO 00300U0000000000001***************************************************************************0000-------084360237787491 --> 4 Sin Modificación
0032M009375  21% SURTIDO BEANIE BOOS 01495U0000000000001***************************************************************************0000-------000084213714951 --> 4 Sin Modificación
0032M009376  21% SURTIDO BEANIE BOOS 01495U0000000000001***************************************************************************0000-------000084213715011 --> 4 Sin Modificación
0032M009377  21% CALCETINES COLGAR PE00150U0000000000001***************************************************************************0000-------084360237788241 --> 4 Sin Modificación
0032B009378  21% MALETIN PAPEL NAVIDA00400U0000000000001                                                                           0000-------084360237788171 --> 99
0032M009381  10% SKITTLES SOUR 45 G (00100U0000000000001***************************************************************************0000-------050001593145412 --> 4 Sin Modificación
0032M009382  10% SKITTLES FRUIT 45 G 00100U0000000000001***************************************************************************0000-------050001593037742 --> 4 Sin Modificación
0032M009383  10% TIC TAC T1 FRESA MIX00110U0000000000001***************************************************************************0000-------080756422     2 --> 4 Sin Modificación
0032M009384  10% TIC TAC T1 MENTA    00110U0000000000001***************************************************************************0000-------040084633     2 --> 4 Sin Modificación
0032M009385  10% TIC TAC T1 FRESA MIX00110U0000000000001***************************************************************************0000-------080800019     2 --> 4 Sin Modificación
0032M009386  10% TIC TAC T1 CHERRY PA00110U0000000000001***************************************************************************0000-------080756422     2 --> 4 Sin Modificación
0032M009387  10% TIC TAC T1 MENTA INT00110U0000000000001***************************************************************************0000-------080310624     2 --> 4 Sin Modificación
0032M009398  21% TIJERA ESCOLAR LOVIT00100U0000000000001***************************************************************************0000-------084301731811071 --> 4 Sin Modificación
0032M009400  21% GUARDATODO VIAJE PVC00200U0000000000001***************************************************************************0000-------084301732583971 --> 4 Sin Modificación
0032M009402  10% OJOS CHOCOLATE 12 GR00040U0000000000001***************************************************************************0000-------084139075963092 --> 4 Sin Modificación
0032B009411  10% BIFRUTAS 33CL TROPIC00100U0000000000001                                                                           0000-------084101282714972 --> 99
0032M009412  10% CHICLE FINI BURGER  00015U0000000000001***************************************************************************0000-------084105252103032 --> 4 Sin Modificación
0032M009413  10% CHICLE BOTELLA COLA 00015U0000000000001***************************************************************************0000-------084105252002982 --> 4 Sin Modificación
0032M009414  10% BIFRUTAS TROPICAL PA00080U0000000000001***************************************************************************0000-------084101282781062 --> 4 Sin Modificación
0032M009415  21% MOVIL IPHONE        00150U0000000000001***************************************************************************0000-------084360237788311 --> 4 Sin Modificación
0032M009416  21% SPINNER FINGER      00100U0000000000001***************************************************************************0000-------084301732534531 --> 4 Sin Modificación
0032M009417  21% LABIAL COCACOLA     00200U0000000000001***************************************************************************0000-------000500512756291 --> 4 Sin Modificación
0032M009418  21% LABIAL SPRITE       00200U0000000000001***************************************************************************0000-------000500512756361 --> 4 Sin Modificación
0032M009419  21% LABIAL COCACOLA VAIN00200U0000000000001***************************************************************************0000-------000500512756121 --> 4 Sin Modificación
0032M009420  10% RED MONEDAS CHOCO HA00150U0000000000001***************************************************************************0000-------080019435458722 --> 4 Sin Modificación
0032M009421  10% HAPPY BOX RELLENO CE00100U0000000000001***************************************************************************0000-------084360237727612 --> 4 Sin Modificación
0032M009422  10% HAPPY BOX PATRULLA L00135U0000000000001***************************************************************************0000-------084231385367532 --> 4 Sin Modificación
0032M009423  21% JUEGO AGUA LADY BUG 00150U0000000000001***************************************************************************0000-------084354779015811 --> 4 Sin Modificación
0032M009424  21% MUÑECA MONSTER GIRL 00150U0000000000001***************************************************************************0000-------084360317600641 --> 4 Sin Modificación
0032M009425  21% CORONA REYES MAGOS  00150U0000000000001***************************************************************************0000-------084360237788551 --> 4 Sin Modificación
0032M009426  10% CHOC & TOYS MINNIOS 00150U0000000000001***************************************************************************0000-------084354779008122 --> 4 Sin Modificación
0032M009427  10%  ESQUELETOS HALLOWEE00150U0000000000001***************************************************************************0000-------080064232413812 --> 4 Sin Modificación
0032M009428  10% RED CALABAZAS HALLOW00150U0000000000001***************************************************************************0000-------080064232213452 --> 4 Sin Modificación
0032M009429  10% BOLSITO FIELTRO CASA00350U0000000000001***************************************************************************0000-------084360237789162 --> 4 Sin Modificación
0032M009430  10% BOLSITO FIELTRO OSO 00200U0000000000001***************************************************************************0000-------084360237788862 --> 4 Sin Modificación
0032M009435  10% DIPPER XL FRAMBUESA 00020U0000000000001***************************************************************************0000-------084131783201392 --> 4 Sin Modificación
0032M009436  21% MAGIC CUBE (033/205)00200U0000000000001***************************************************************************0000-------050228963320531 --> 4 Sin Modificación
0032M009438  10% BIFRUTAS TROPICAL PA00080U0000000000001***************************************************************************0000-------084101281686812 --> 4 Sin Modificación
0032M009439  10% PIRULETA  CHOC. HALL00120U0000000000001***************************************************************************0000-------084216995346832 --> 4 Sin Modificación
0032M009440  21% PIRUL. CALABAZA Y FA00150U0000000000001***************************************************************************0000-------084216992237161 --> 4 Sin Modificación
0032M009441  10% PIRUL. CALABAZA Y CA00150U0000000000001***************************************************************************0000-------084216995364892 --> 4 Sin Modificación
0032M009442  10% CHICLE BOTELLA COLA 00015U0000000000001***************************************************************************0000-------084105252002812 --> 4 Sin Modificación
0032M009443  10% CHICLE FINI BURGER  00015U0000000000001***************************************************************************0000-------084105252102972 --> 4 Sin Modificación
0032M009444  10% PIRULETA  CHOC. HALL00120U0000000000001***************************************************************************0000-------084216992222142 --> 4 Sin Modificación
0032M009445  10% PINCHO EMOTI        00120U0000000000001***************************************************************************0000-------084365476417652 --> 4 Sin Modificación
0032M009446  10% PIRUL. CALABAZA Y CA00150U0000000000001***************************************************************************0000-------084216992220542 --> 4 Sin Modificación
0032M009447  21% G. H. PRINCESS PORTR00420U0000000000001***************************************************************************0000-------000266352294701 --> 4 Sin Modificación
0032M009448  21% COJIN + RELLENO LOVI01495U0000000000001***************************************************************************0000-------084354493144631 --> 4 Sin Modificación
0032M009449  21% COJIN + RELLENO LOVI01495U0000000000001***************************************************************************0000-------084354493100141 --> 4 Sin Modificación
0032M009450  21% COJIN + RELLENO LOVI01495U0000000000001***************************************************************************0000-------084354493100451 --> 4 Sin Modificación
0032M009451  21% COJIN + RELLENO LOVI01495U0000000000001***************************************************************************0000-------084354493061471 --> 4 Sin Modificación
0032M009452  21% COJIN + RELLENO LOVI01495U0000000000001***************************************************************************0000-------084354493144871 --> 4 Sin Modificación
0032M009454  21% GLOBO FOIL ROSA Nº 000795U0000000000001***************************************************************************0000-------000266352827271 --> 4 Sin Modificación
0032M009455  21% GLOBO FOIL ROSA Nº 100795U0000000000001***************************************************************************0000-------000266352827581 --> 4 Sin Modificación
0032M009456  21% GLOBO FOIL ROSA Nº 200795U0000000000001***************************************************************************0000-------000266352827891 --> 4 Sin Modificación
0032M009457  21% GLOBO FOIL ROSA Nº 300795U0000000000001***************************************************************************0000-------000266352828191 --> 4 Sin Modificación
0032M009458  21% GLOBO FOIL ROSA Nº 400795U0000000000001***************************************************************************0000-------000266352828401 --> 4 Sin Modificación
0032M009459  21% GLOBO FOIL ROSA Nº 500795U0000000000001***************************************************************************0000-------000266352828711 --> 4 Sin Modificación
0032M009460  21% GLOBO FOIL ROSA Nº 600795U0000000000001***************************************************************************0000-------000266352829011 --> 4 Sin Modificación
0032M009461  21% GLOBO FOIL ROSA Nº 700795U0000000000001***************************************************************************0000-------000266352829321 --> 4 Sin Modificación
0032M009462  21% GLOBO FOIL ROSA Nº 800795U0000000000001***************************************************************************0000-------000266352829631 --> 4 Sin Modificación
0032M009463  21% GLOBO FOIL ROSA Nº 900795U0000000000001***************************************************************************0000-------000266352829941 --> 4 Sin Modificación
0032M009464  10% PUSH POP CARAMELO   00120U0000000000001***************************************************************************0000-------050110530033252 --> 4 Sin Modificación
0032M009465  10% PINCHO MINIONS      00120U0000000000001***************************************************************************0000-------084353197069162 --> 4 Sin Modificación
0032M009472  21% SPRAY LADYBUG       00180U0000000000001***************************************************************************0000-------084353197069541 --> 4 Sin Modificación
0032M009491  10% BRAIN LICKER 80G    00125U0000000000001***************************************************************************0000-------084370017990842 --> 4 Sin Modificación
0032B009494  21% ENVASE CUADRADO LOVI00150U0000000000001                                                                           0000-------084360237789301 --> 99
0032M009497  10% MOOSKYS 8GR COMPOSIC00020U0000000000001***************************************************************************0000-------084105730211972 --> 4 Sin Modificación
0032M009499  10% XXL SPRAY CANDY 105 00200U0000000000001***************************************************************************0000-------069317223031072 --> 4 Sin Modificación
0032M009500  10% LICKEDY LIPS 80G    00125U0000000000001***************************************************************************0000-------084370017992132 --> 4 Sin Modificación
0032M009503  10% BIG FIRE SPRAY EXTIN00150U0000000000001***************************************************************************0000-------069317223030082 --> 4 Sin Modificación
0032M009504  21% BOLA SALTARINA CON L00150U0000000000001***************************************************************************0000-------084360317627541 --> 4 Sin Modificación
0032M009505  10% BROCHETA HALLOWEEN N00130U0000000000001***************************************************************************0000-------084350352244422 --> 4 Sin Modificación
0032M009506  10% TRIDENT SENSES SANDI00150U0000000000001***************************************************************************0000-------084199133     2 --> 4 Sin Modificación
0032M009507  10% TRIDENT SENSES HIERB00150U0000000000001***************************************************************************0000-------084199126     2 --> 4 Sin Modificación
0032M009509  21% BLOOD SHOT          00150U0000000000001***************************************************************************0000-------084365476419701 --> 4 Sin Modificación
0032M009510  21% LINTERNA CON CARAMEL00150U0000000000001***************************************************************************0000-------084365476414441 --> 4 Sin Modificación
0032M009511  21% G. HELIO PATRULLA CA00420U0000000000001***************************************************************************0000-------000130510043921 --> 4 Sin Modificación
0032M009512  21% G. HELIO CUMPLEAÑOS 00420U0000000000001***************************************************************************0000-------000266353018001 --> 4 Sin Modificación
0032M009513  10% DIPPER XL FRAMBUESA 00020U0000000000001***************************************************************************0000-------084131783201462 --> 4 Sin Modificación
0032M009515  10% CHOC & TOYS MINNIOS 00150U0000000000001***************************************************************************0000-------084365494839672 --> 4 Sin Modificación
0032M009516  10% CHOC & TOYS YO-KAI W00150U0000000000001***************************************************************************0000-------084354779008122 --> 4 Sin Modificación
0032M009518  21% GARRA DRAGON (TY597)00300U0000000000001***************************************************************************0000-------050550717204201 --> 4 Sin Modificación
0032M009519  10% CHICLE BELROS BOTE F00150U0000000000001***************************************************************************0000-------084360237788932 --> 4 Sin Modificación
0032M009520  10% CHICLE BELROS BOTE M00150U0000000000001***************************************************************************0000-------084360237789092 --> 4 Sin Modificación
0032M009521  10% MISTERCORN AFRICA 9700130U0000000000001***************************************************************************0000-------084131640075252 --> 4 Sin Modificación
0032M009524  21% COJIN + RELLENO LOVI01495U0000000000001***************************************************************************0000-------084354493100071 --> 4 Sin Modificación
0032M009526  21% JUEGO 3ENRAYA CHUPIT00700U0000000000001***************************************************************************0000-------006070005400021 --> 4 Sin Modificación
0032M009529  10% RECAMBIO RULETA BEAN00450U0000000000001***************************************************************************0000-------000715679987582 --> 4 Sin Modificación
0032M009530  10% MEDALLON REYES 60 GR00175U0000000000001***************************************************************************0000-------084139076907002 --> 4 Sin Modificación
0032M009531  10% MEDALLON PAPA NOEL 600175U0000000000001***************************************************************************0000-------084139076906012 --> 4 Sin Modificación
0032M009533  10% PIRULETA NAVIDAD SUR00150U0000000000001***************************************************************************0000-------084216992222072 --> 4 Sin Modificación
0032M009534  10% PIRULETA PAPA NOEL Y00150U0000000000001***************************************************************************0000-------084216992237232 --> 4 Sin Modificación
0032M009535  10% PIRULETA NAVIDAD 50 00250U0000000000001***************************************************************************0000-------084216992234572 --> 4 Sin Modificación
0032M009536  10% BOTA COLGAR NAV. CHO00050U0000000000001***************************************************************************0000-------040030062324022 --> 4 Sin Modificación
0032M009537  10% TRINEO COLGAR NAV. C00050U0000000000001***************************************************************************0000-------040030062574052 --> 4 Sin Modificación
0032M009538  10% ELFO CARTON CHOCO 1200050U0000000000001***************************************************************************0000-------040030062394012 --> 4 Sin Modificación
0032M009539  10% PAPA NOEL CARTON CHO00050U0000000000001***************************************************************************0000-------040030062544042 --> 4 Sin Modificación
0032B009553  21% EXCAVADORA VERDE ON 00250U0000000000001                                                                           0000-------084360237783431 --> 99
0032M009554  10% CALABAZA TAPA NAR./N00300U0000000000001***************************************************************************0000-------084360237743142 --> 4 Sin Modificación
0032M009555  21% CALDERO HALLOWEEN (V00195U0000000000001***************************************************************************0000-------084360237783431 --> 4 Sin Modificación
0032B009556  10% YO-YO CANDIES LOVIT 00120U0000000000001                                                                           0000-------048950605115062 --> 99
0032M009557  21% CAJA LUZ GRANDE LOVI01500U0000000000001***************************************************************************0000-------035618678201961 --> 4 Sin Modificación
0032M009558  21% PELUCHE HIPO 2018   00400U0000000000001***************************************************************************0000-------084360237789921 --> 4 Sin Modificación
0032M009559  21% PELUCHE CONEJO 2018 00400U0000000000001***************************************************************************0000-------084360237790051 --> 4 Sin Modificación
0032M009560  21% PELUCHE LEON 2018   00400U0000000000001***************************************************************************0000-------084360237790121 --> 4 Sin Modificación
0032M009561  21% PELUCHE ELEFANTE 20100400U0000000000001***************************************************************************0000-------084360237790291 --> 4 Sin Modificación
0032M009562  21% PELUCHE UNICORNIO 2000400U0000000000001***************************************************************************0000-------084360237790361 --> 4 Sin Modificación
0032M009563  10% HAPPY BOX PRINCESAS 00135U0000000000001***************************************************************************0000-------084231385325022 --> 4 Sin Modificación
0032M009564  10% TRIDENT SENSES SANDI00150U0000000000001***************************************************************************0000-------084199188     2 --> 4 Sin Modificación
0032M009567  21% CICATRIZ HUESO (203400100U0000000000001***************************************************************************0000-------084340770203401 --> 4 Sin Modificación
0032M009568  21% CICATRIZ BICHOS (20300100U0000000000001***************************************************************************0000-------084340770203951 --> 4 Sin Modificación
0032M009569  21% CICATRIZ TORNILLO (200100U0000000000001***************************************************************************0000-------084340770203571 --> 4 Sin Modificación
0032M009570  21% CICATRIZ CRUZ SATURA00100U0000000000001***************************************************************************0000-------084340770203711 --> 4 Sin Modificación
0032M009571  21% DIENTES TERROR (220600100U0000000000001***************************************************************************0000-------084340770220611 --> 4 Sin Modificación
0032M009572  21% DIENTES VAMPIRO (21900100U0000000000001***************************************************************************0000-------084340770219031 --> 4 Sin Modificación
0032M009573  21% SANGRE ZOMBIE SPRAY 00100U0000000000001***************************************************************************0000-------084340771559741 --> 4 Sin Modificación
0032M009574  21% SANGRE TUBO (15344) 00100U0000000000001***************************************************************************0000-------084340771534441 --> 4 Sin Modificación
0032M009576  21% SET MAQUILLAJE SURT.00100U0000000000001***************************************************************************0000-------084340771539561 --> 4 Sin Modificación
0032M009589  21% MUELLE MAGICO (59/1900250U0000000000001***************************************************************************0000-------040298113827981 --> 4 Sin Modificación
0032M009590  21% GUARDATODO PVC LOVIT00400U0000000000001***************************************************************************0000-------084354493141111 --> 4 Sin Modificación
0032M009591  21% GUARDATODO PVC LOVIT00400U0000000000001***************************************************************************0000-------084354493140981 --> 4 Sin Modificación
0032M009592  21% GUARDATODO PVC LOVIT00400U0000000000001***************************************************************************0000-------084354493059801 --> 4 Sin Modificación
0032M009593  21% COJIN + RELLENO LOVI01495U0000000000001***************************************************************************0000-------084354493049691 --> 4 Sin Modificación
0032M009594  21% COJIN + RELLENO LOVI01495U0000000000001***************************************************************************0000-------084354493054781 --> 4 Sin Modificación
0032M009595  21% COJIN + RELLENO LOVI01495U0000000000001***************************************************************************0000-------006126150710701 --> 4 Sin Modificación
0032M009596  21% COJIN + RELLENO LOVI01495U0000000000001***************************************************************************0000-------084354493111651 --> 4 Sin Modificación
0032M009597  21% COJIN + RELLENO LOVI01495U0000000000001***************************************************************************0000-------084354493030301 --> 4 Sin Modificación
0032M009598  21% COJIN + RELLENO LOVI01495U0000000000001***************************************************************************0000-------084354493136951 --> 4 Sin Modificación
0032M009602  21% TAZA SAN VALENTIN (V00300U0000000000001***************************************************************************0000-------084360237790671 --> 4 Sin Modificación
0032M009603  21% GLOBOS CON PALITO SU00175U0000000000001***************************************************************************0000-------000523292406741 --> 4 Sin Modificación
0032M009604  21% GLOBOS CON PALITO SU00175U0000000000001***************************************************************************0000-------000523292401791 --> 4 Sin Modificación
0032M009605  21% GLOBOS CON PALITO SU00175U0000000000001***************************************************************************0000-------000523298104261 --> 4 Sin Modificación
0032M009606  21% GLOBOS CON PALITO SU00175U0000000000001***************************************************************************0000-------000523290192491 --> 4 Sin Modificación
0032M009607  21% GLOBOS CON PALITO SU00175U0000000000001***************************************************************************0000-------000523290202451 --> 4 Sin Modificación
0032M009608  21% GLOBOS CON PALITO SU00175U0000000000001***************************************************************************0000-------000523292204231 --> 4 Sin Modificación
0032M009609  21% GLOBOS CON PALITO SU00175U0000000000001***************************************************************************0000-------000523292407281 --> 4 Sin Modificación
0032M009610  21% GLOBOS CON PALITO SU00175U0000000000001***************************************************************************0000-------000523292402161 --> 4 Sin Modificación
0032M009611  21% GLOBOS CON PALITO SU00175U0000000000001***************************************************************************0000-------000523292407801 --> 4 Sin Modificación
0032M009614  21% GLOBOS PALITO HALLOW00175U0000000000001***************************************************************************0000-------000266353154251 --> 4 Sin Modificación
0032M009615  21% GLOBOS PALITO HALLOW00175U0000000000001***************************************************************************0000-------000266353151661 --> 4 Sin Modificación
0032M009616  21% GLOBOS PALITO HALLOW00175U0000000000001***************************************************************************0000-------000266352512731 --> 4 Sin Modificación
0032M009617  21% GLOBOS PALITO HALLOW00175U0000000000001***************************************************************************0000-------000266350719491 --> 4 Sin Modificación
0032M009618  21% GLOBO F. FRANKENSTEI00515U0000000000001***************************************************************************0000-------000266353591081 --> 4 Sin Modificación
0032M009619  21% GLOBO F. GATO CALABA00515U0000000000001***************************************************************************0000-------000266353137111 --> 4 Sin Modificación
0032M009620  21% GLOBO F. MURCIELAGO 00515U0000000000001***************************************************************************0000-------000266352720941 --> 4 Sin Modificación
0032M009621  21% GLOBO H. ESQUELETO R00420U0000000000001***************************************************************************0000-------000266352536351 --> 4 Sin Modificación
0032M009622  21% BOLSA ZOMLINGS6 1 UN00050U0000000000001***************************************************************************0000-------084316180059961 --> 4 Sin Modificación
0032M009623  10% BOTELLA CHAMPAGNE CH00090U0000000000001***************************************************************************0000-------080019435045032 --> 4 Sin Modificación
0032M009624  10% LAPICES CHOCO 30 GRS00090U0000000000001***************************************************************************0000-------084360124103082 --> 4 Sin Modificación
0032M009626  10% BOLSA GRAND.CONO LLE00200U0000000000001***************************************************************************0000-------084360237786022 --> 4 Sin Modificación
0032M009627  21% G. FORMAS CABEZA UNI00520U0000000000001***************************************************************************0000-------000130510063101 --> 4 Sin Modificación
0032M009628  10% KINDER DELICE T.1   00090U0000000000001***************************************************************************0000-------080005002670352 --> 4 Sin Modificación
0032M009629  10% KINDER CHOCOLATE MAX00110U0000000000001***************************************************************************0000-------040084002240222 --> 4 Sin Modificación
0032M009630  21% GLOBO HINCH. DINO LO00250U0000000000001***************************************************************************0000-------040298113654321 --> 4 Sin Modificación
0032M009633  21% LIBRO COLOREAR FASHI00400U0000000000001***************************************************************************0000-------040298113683961 --> 4 Sin Modificación
0032M009640  21% GOMA BORRAR PIXEL LO00060U0000000000001***************************************************************************0000-------040298113696211 --> 4 Sin Modificación
0032M009641  10% BOTA COPO NIEVE LLEN00350U0000000000001***************************************************************************0000-------084360237787182 --> 4 Sin Modificación
0032M009642  10% BOTA OSO LLENA CENTR00350U0000000000001***************************************************************************0000-------084360237787252 --> 4 Sin Modificación
0032M009643  10% BOLSITO FIELTRO CANI00200U0000000000001***************************************************************************0000-------084360237788622 --> 4 Sin Modificación
0032M009644  10% BOLSITO FIELTRO BUHO00200U0000000000001***************************************************************************0000-------084360237788792 --> 4 Sin Modificación
0032M009645  21% MALETIN PAPEL NAVIDA00350U0000000000001***************************************************************************0000-------084360237788001 --> 4 Sin Modificación
0032M009646  10% HUEVO CHOC. SMILEY 200110U0000000000001***************************************************************************0000-------080661498     2 --> 4 Sin Modificación
0032M009647  10% MIX 5 ATTRACTION 11500130U0000000000001***************************************************************************0000-------084131640112322 --> 4 Sin Modificación
0032M009648  10% JUEGO CHOCO. MONOPOL00700U0000000000001***************************************************************************0000-------087183475127292 --> 4 Sin Modificación
0032M009649  21% LLAVERO CALAVERA COL00100U0000000000001***************************************************************************0000-------040298112952961 --> 4 Sin Modificación
0032M009651  21% TARRO CALAVERA (78/700250U0000000000001***************************************************************************0000-------040298113783881 --> 4 Sin Modificación
0032M009652  21% BOLSITO ASA LATA LLE00310U0000000000001***************************************************************************0000-------084360237790431 --> 4 Sin Modificación
0032M009653  21% BOLSITO ASA LATA LLE00310U0000000000001***************************************************************************0000-------084360237790501 --> 4 Sin Modificación
0032M009654  21% CUBO LATA SAN VALENT00150U0000000000001***************************************************************************0000-------084360237790981 --> 4 Sin Modificación
0032M009655  10% NERDS STRAWBERRY GRA00195U0000000000001***************************************************************************0000-------020100040000032 --> 4 Sin Modificación
0032M009656  10% NERDS LEMONADE APPLE00195U0000000000001***************************************************************************0000-------020100037000032 --> 4 Sin Modificación
0032M009657  10% NERDS SURF TURF TROP00195U0000000000001***************************************************************************0000-------020100041000002 --> 4 Sin Modificación
0032M009659  10% TUBO LACASITOS GOLD 00070U0000000000001***************************************************************************0000-------084107409099382 --> 4 Sin Modificación
0032M009660  10% CALAVERA CHOCOLATE 100050U0000000000001***************************************************************************0000-------040030060916102 --> 4 Sin Modificación
0032M009661  10% FANTASMA CHOCOLATE 100050U0000000000001***************************************************************************0000-------040030060913132 --> 4 Sin Modificación
0032M009662  10% RECAMBIO RULETA BEAN00450U0000000000001***************************************************************************0000-------020100111762582 --> 4 Sin Modificación
0032M009663  10% PIRUL. CALABAZA Y CA00150U0000000000001***************************************************************************0000-------084216992232042 --> 4 Sin Modificación
0032M009667  10% BOLSA CONO PEQ. LICE00110U0000000000001***************************************************************************0000-------084231385345132 --> 4 Sin Modificación
0032M009668  10% BOLSA CONO PEQ. LICE00110U0000000000001***************************************************************************0000-------084231385334172 --> 4 Sin Modificación
0032M009673  10% RED BULL SUGAR FREE 00195U0000000000001***************************************************************************0000-------090162800     2 --> 4 Sin Modificación
0032M009678  10% BOTELLA CHOCO BENJAM00400U0000000000001***************************************************************************0000-------084139071031012 --> 4 Sin Modificación
0032M009679  10% MEDALLON CHOCO CAGA 00175U0000000000001***************************************************************************0000-------084139076908092 --> 4 Sin Modificación
0032M009680  10% BROCHETA NUBE NAVIDA00120U0000000000001***************************************************************************0000-------084350352244662 --> 4 Sin Modificación
0032M009681  10% YOYO LADY BUG       00150U0000000000001***************************************************************************0000-------084354779016112 --> 4 Sin Modificación
0032M009684  21% CAJA METAL RETRO LOV00200U0000000000001***************************************************************************0000-------040298113778791 --> 4 Sin Modificación
0032M009690  21% TENAZAS ANIMALES BEL00250U0000000000001***************************************************************************0000-------084360237791041 --> 4 Sin Modificación
0032M009694  21% VELA SET6 PIÑA LOVIT00450U0000000000001***************************************************************************0000-------050550717260261 --> 4 Sin Modificación
0032M009695  21% LAPIZ CACTUS LOVIT (00100U0000000000001***************************************************************************0000-------050550717248001 --> 4 Sin Modificación
0032M009697  21% BOTELLA LED CACTUS L00600U0000000000001***************************************************************************0000-------050550717258691 --> 4 Sin Modificación
0032M009698  10% PINCHO PAPA NOEL    00120U0000000000001***************************************************************************0000-------084365476421512 --> 4 Sin Modificación
0032M009699  21% G.H. FROZEN CORAZON 00420U0000000000001***************************************************************************0000-------000130510029091 --> 4 Sin Modificación
0032M009700  21% CAJA LENTILLAS GATO 00350U0000000000001***************************************************************************0000-------050550717155251 --> 4 Sin Modificación
0032M009702  10% INSECTO CREEPY JELLY00020U0000000000001***************************************************************************0000-------084131782683492 --> 4 Sin Modificación
0032M009709  21% VELA MAGICA DESEOS (00100U0000000000001***************************************************************************0000-------084318550058341 --> 4 Sin Modificación
0032M009710  21% VELA ESTRELLA NAVIDA00100U0000000000001***************************************************************************0000-------084318550057971 --> 4 Sin Modificación
0032M009711  21% VELA VILLANCICO (58000100U0000000000001***************************************************************************0000-------084318550057801 --> 4 Sin Modificación
0032M009712  21% VELA REYES MAGOS (5800100U0000000000001***************************************************************************0000-------084318550058101 --> 4 Sin Modificación
0032M009713  21% VELA 365 DIAS (582) 00100U0000000000001***************************************************************************0000-------084318550058271 --> 4 Sin Modificación
0032M009714  21% VELA NAVIDAD BESOS (00100U0000000000001***************************************************************************0000-------084318550058031 --> 4 Sin Modificación
0032M009715  21% VELA CAJA 2018 TAN B00100U0000000000001***************************************************************************0000-------084318550060221 --> 4 Sin Modificación
0032M009716  10% MINIBOLLYCAO CLASICO00130U0000000000001***************************************************************************0000-------084100221122782 --> 4 Sin Modificación
0032M009717  21% VELA CAJA FELIZ 201800100U0000000000001***************************************************************************0000-------084318550060391 --> 4 Sin Modificación
0032M009721  21% BOLSA GRANDE SANTA (00100U0000000000001***************************************************************************0000-------050550717159211 --> 4 Sin Modificación
0032M009722  21% BOLSA GRANDE ELFO (G00100U0000000000001***************************************************************************0000-------050550717230491 --> 4 Sin Modificación
0032M009723  21% BOLSA PEQUEÑA SANTA 00100U0000000000001***************************************************************************0000-------050550717159381 --> 4 Sin Modificación
0032M009724  21% BOLSA PEQUEÑA ELFO (00100U0000000000001***************************************************************************0000-------050550717230561 --> 4 Sin Modificación
0032M009725  21% VELAS SANTA (CAND21)00100U0000000000001***************************************************************************0000-------050550717153961 --> 4 Sin Modificación
0032M009727  21% TARRO (XJAR47) NAVID00250U0000000000001***************************************************************************0000-------050550717231551 --> 4 Sin Modificación
0032M009728  21% TARRO LED (960064) L00100U0000000000001***************************************************************************0000-------040298113607101 --> 4 Sin Modificación
0032M009729  21% GANCHO PELO SANTA (900100U0000000000001***************************************************************************0000-------040298113243851 --> 4 Sin Modificación
0032M009734  21% ARBOL NAVIDAD (9500900300U0000000000001***************************************************************************0000-------040298113848391 --> 4 Sin Modificación
0032M009738  21% ESTRELLA LED MADERA 01000U0000000000001***************************************************************************0000-------084240014124711 --> 4 Sin Modificación
0032M009740  21% BOTELLA LED ESTRELLA00300U0000000000001***************************************************************************0000-------084240014110921 --> 4 Sin Modificación
0032M009743  21% BATIDOR LECHE LOVIT 00400U0000000000001***************************************************************************0000-------040298112834531 --> 4 Sin Modificación
0032M009744  21% PELUCHE CACA NAVIDEÑ00700U0000000000001***************************************************************************0000-------050505652975011 --> 4 Sin Modificación
0032M009745  21% LLAVERO POMPON ELFO 00100U0000000000001***************************************************************************0000-------050505652880421 --> 4 Sin Modificación
0032M009749  21% TARJETA NAVIDEÑA DIS00100U0000000000001***************************************************************************0000-------084365652226011 --> 4 Sin Modificación
0032M009750  21% TARJETA NAVID.STARWA00100U0000000000001***************************************************************************0000-------084365652222051 --> 4 Sin Modificación
0032M009751  21% TARJETA NAV.REYES MA00100U0000000000001***************************************************************************0000-------084365652222361 --> 4 Sin Modificación
0032M009752  21% TARJETA NAVIDEÑA SAN00100U0000000000001***************************************************************************0000-------084365652225401 --> 4 Sin Modificación
0032M009753  21% BOLIGRAFO 4 TINTAS C00200U0000000000001***************************************************************************0000-------084263072908211 --> 4 Sin Modificación
0032M009757  10% BIFRUTAS 33 CL MEDIT00100U0000000000001***************************************************************************0000-------084101281685062 --> 4 Sin Modificación
0032M009760  21% RASTAFARI SOLAR LOVI00400U0000000000001***************************************************************************0000-------040298113527771 --> 4 Sin Modificación
0032M009761  21% GATO SOLAR (57/9723)00400U0000000000001***************************************************************************0000-------040298113658071 --> 4 Sin Modificación
0032M009764  21% PELOTA RED DESESTRES00100U0000000000001***************************************************************************0000-------040298113836581 --> 4 Sin Modificación
0032M009770  21% DIADEMA UNICORNIO LO00120U0000000000001***************************************************************************0000-------084360237791111 --> 4 Sin Modificación
0032M009776  21% COJIN LENT. HAPPY LO01000U0000000000001***************************************************************************0000-------040298113842281 --> 4 Sin Modificación
0032M009780  21% COJIN LENT. LOVE LOV01000U0000000000001***************************************************************************0000-------040298113842421 --> 4 Sin Modificación
0032M009781  21% COJIN LENT. PLATAROS01000U0000000000001***************************************************************************0000-------040298113842801 --> 4 Sin Modificación
0032M009782  21% PELUCHE CORAZON SURT00500U0000000000001***************************************************************************0000-------084360237791281 --> 4 Sin Modificación
0032M009788  21% BOLI ORO PLUMA LOVIT00150U0000000000001***************************************************************************0000-------084360237791661 --> 4 Sin Modificación
0032M009790  21% BOLI FLAMINGO       00150U0000000000001***************************************************************************0000-------084360237791591 --> 4 Sin Modificación
0032M009794  10% PALOMITA KETCHUP 25 00095U0000000000001***************************************************************************0000-------084360237790742 --> 4 Sin Modificación
0032M009799  21% TAZA CALAVERA BRITAN00600U0000000000001***************************************************************************0000-------050550717109191 --> 4 Sin Modificación
0032M009800  21% TAZA FORMA TIBURON L00600U0000000000001***************************************************************************0000-------050550717198511 --> 4 Sin Modificación
0032M009804  21% TERMO CAMUFLAJE LOVI00400U0000000000001***************************************************************************0000-------050550717221891 --> 4 Sin Modificación
0032M009805  21% TARRO LED COLORES LO00350U0000000000001***************************************************************************0000-------050550717171301 --> 4 Sin Modificación
0032M009807  21% AZUCARERO AMARGUES L00350U0000000000001***************************************************************************0000-------084354209623001 --> 4 Sin Modificación
0032M009814  21% BOTE CRIST. PODERES 00400U0000000000001***************************************************************************0000-------084354209188191 --> 4 Sin Modificación
0032M009820  21% PANEL LETRAS NEGRO L00800U0000000000001***************************************************************************0000-------084354209724461 --> 4 Sin Modificación
0032M009822  21% TIJERA ESCOLAR LOVIT00100U0000000000001***************************************************************************0000-------084240014662691 --> 4 Sin Modificación
0032M009823  21% MONEDERO POMPON LOVI00100U0000000000001***************************************************************************0000-------084240014639541 --> 4 Sin Modificación
0032M009826  21% TARRO METAL LOVIT (S00250U0000000000001***************************************************************************0000-------084240014568021 --> 4 Sin Modificación
0032M009829  21% No pedir CESTO GR. A01200U0000000000001***************************************************************************0000-------084240014526201 --> 4 Sin Modificación
0032M009831  21% COJIN RED.GEOMETRICO00800U0000000000001***************************************************************************0000-------084240013605811 --> 4 Sin Modificación
0032M009833  21% COJIN PERRO COMIC LO01000U0000000000001***************************************************************************0000-------084240014639301 --> 4 Sin Modificación
0032M009840  21% PLATO BAMBU NEGRO LO00150U0000000000001***************************************************************************0000-------084240013792001 --> 4 Sin Modificación
0032M009841  21% VASO TERMO NEGRO LOV00500U0000000000001***************************************************************************0000-------084240013792171 --> 4 Sin Modificación
0032M009846  21% NECESER CUADRADOS LO00300U0000000000001***************************************************************************0000-------084240014475961 --> 4 Sin Modificación
0032M009849  21% PORTAVELAS HOME (PV-00300U0000000000001***************************************************************************0000-------084240013638411 --> 4 Sin Modificación
0032M009853  21% VELA PERFUME TARRO L00400U0000000000001***************************************************************************0000-------084240014270171 --> 4 Sin Modificación
0032M009889  10% SMOOTHIE ROJO VERDUR00250U0000000000001***************************************************************************0000-------084101286510842 --> 4 Sin Modificación
0032M009892  10% SMOOTHIE VERDE VERDU00250U0000000000001***************************************************************************0000-------084101286511142 --> 4 Sin Modificación
0032M009894  10% SMOOTHIE NARANJA VER00250U0000000000001***************************************************************************0000-------084101286511902 --> 4 Sin Modificación
0032M009944  10% GALLETA CHOC. SIMPSO00130U0000000000001***************************************************************************0000-------084126741044652 --> 4 Sin Modificación
0032M009946  10% GALLETA CHOC. WINGS 00130U0000000000001***************************************************************************0000-------084126741048232 --> 4 Sin Modificación
0032M009964  21% LAMP. NEON CACTUS LO01650U0000000000001***************************************************************************0000-------084353751343331 --> 4 Sin Modificación
0032M009966  21% BOTELLA LED POSIT.LI00600U0000000000001***************************************************************************0000-------084353751323461 --> 4 Sin Modificación
0032M009978  10% MILKA CON OREO 37G  00100U0000000000001***************************************************************************0000-------076222107186932 --> 4 Sin Modificación
0032M009994  21% TARRO NEGRO TIZA (7800250U0000000000001***************************************************************************0000-------040298113676651 --> 4 Sin Modificación
0032M010001  21% G.FOR. HAPPY BIRTHDA00795U0000000000001***************************************************************************0000-------000266353514471 --> 4 Sin Modificación
0032M010002  10% ROSARIO GOMA (CATALU00270U0000000000001***************************************************************************0000-------084218530401112 --> 4 Sin Modificación
0032M010004  10% SNACK FLORES GORJUUS00070U0000000000001***************************************************************************0000-------084221145538072 --> 4 Sin Modificación
0032M010005  21% BABOSAS H. POTTER 5600290U0000000000001***************************************************************************0000-------000715700070271 --> 4 Sin Modificación
0032M010006  21% VOLCAN DINO (11/201300230U0000000000001***************************************************************************0000-------040298113390511 --> 4 Sin Modificación
0032M010012  10% BOLSA MASMELO BBQ 5000350U0000000000001***************************************************************************0000-------084370074918142 --> 4 Sin Modificación
0032M010013  21% VELA Nº 0 ROJA CON P00085U0000000000001***************************************************************************0000-------084121299651911 --> 4 Sin Modificación
0032M010014  21% VELA Nº 1 ROJA CON P00085U0000000000001***************************************************************************0000-------084121299652211 --> 4 Sin Modificación
0032M010015  21% VELA Nº 2 ROJA CON P00085U0000000000001***************************************************************************0000-------084121299652381 --> 4 Sin Modificación
0032M010016  21% VELA Nº 3 ROJA CON P00085U0000000000001***************************************************************************0000-------084121299652451 --> 4 Sin Modificación
0032M010017  21% VELA Nº 4 ROJA CON P00085U0000000000001***************************************************************************0000-------084121299652521 --> 4 Sin Modificación
0032M010018  21% VELA Nº 5 ROJA CON P00085U0000000000001***************************************************************************0000-------084121299652691 --> 4 Sin Modificación
0032M010019  21% VELA Nº 6 ROJA CON P00085U0000000000001***************************************************************************0000-------084121299652761 --> 4 Sin Modificación
0032M010020  21% VELA Nº 7 ROJA CON P00085U0000000000001***************************************************************************0000-------084121299652831 --> 4 Sin Modificación
0032M010021  21% VELA Nº 8 ROJA CON P00085U0000000000001***************************************************************************0000-------084121299654291 --> 4 Sin Modificación
0032M010022  21% VELA Nº 9 ROJA CON P00085U0000000000001***************************************************************************0000-------084121299654121 --> 4 Sin Modificación
0032M010026  21% MINI TAPE Y CELO (3800150U0000000000001***************************************************************************0000-------050505653123101 --> 4 Sin Modificación
0032M010028  21% HUCHA LORO LLENA CEN00310U0000000000001***************************************************************************0000-------084360237792651 --> 4 Sin Modificación
0032M010029  21% CAMIONETA GRANDE LLE00420U0000000000001***************************************************************************0000-------084360237789611 --> 4 Sin Modificación
0032M010030  21% DEPORTIVO GRANDE LLE00420U0000000000001***************************************************************************0000-------084360237789541 --> 4 Sin Modificación
0032M010031  10% SNACK PAINTBALL PINT00040U0000000000001***************************************************************************0000-------084221143525092 --> 4 Sin Modificación
0032M010038  21% AZUCARERO DULCE (27700350U0000000000001***************************************************************************0000-------084354209874641 --> 4 Sin Modificación
0032M010051  10% CLIX FRESA          00005U0000000000001***************************************************************************0000-------084208863170302 --> 4 Sin Modificación
0032M010063  10% JUICY DROP POP 26 GR00250U0000000000001***************************************************************************0000-------050110530135912 --> 4 Sin Modificación
0032M010064  10% BUBBALOO STICK FRESA00070U0000000000001***************************************************************************0000-------076222108209522 --> 4 Sin Modificación
0032M010065  10% BUBBALOO STICK COLA 00070U0000000000001***************************************************************************0000-------076222108209452 --> 4 Sin Modificación
0032M010066  10% MEGA OSO XXL        01500U0000000000001***************************************************************************0000-------084105252403002 --> 4 Sin Modificación
0032M010083  21% GOMAS SKATE (383034)00060U0000000000001***************************************************************************0000-------050255729930361 --> 4 Sin Modificación
0032M010102  21% TAZA XXL MAMAHEROINA00600U0000000000001***************************************************************************0000-------084354209652951 --> 4 Sin Modificación
0032M010125  10% ROSA GOMINOLA       00125U0000000000001***************************************************************************0000-------084365741200352 --> 4 Sin Modificación
0032M010126  21% CAJA CON SIRENA MAGI00250U0000000000001***************************************************************************0000-------084360237820291 --> 4 Sin Modificación
0032M010127  21% CAJA HUEVO MAGICO DI00300U0000000000001***************************************************************************0000-------084360237820361 --> 4 Sin Modificación
0032M010131  21% BOLIGRAFO PLUMA (DY000100U0000000000001***************************************************************************0000-------084360237820121 --> 4 Sin Modificación
0032M010146  21% BOLI 6 COLORES ADULT00150U0000000000001***************************************************************************0000-------084360237818621 --> 4 Sin Modificación
0032M010156  10% SOMBRILLAS 10G TOPOS00040U0000000000001***************************************************************************0000-------084139071013122 --> 4 Sin Modificación
0032M010158  21% TRUMP SOLAR (FF95) L00400U0000000000001***************************************************************************0000-------050550717288911 --> 4 Sin Modificación
0032M010161  10% TG 19 CORCHO FLOR   01720U0000000000001***************************************************************************0000-------084360237820432 --> 4 Sin Modificación
0032M010162  10% TG 20 CUADRADA FLOR 01395U0000000000001***************************************************************************0000-------084360237820502 --> 4 Sin Modificación
0032M010163  21% COJIN + RELLENO LOVI01495U0000000000001***************************************************************************0000-------084354493209761 --> 4 Sin Modificación
0032M010164  21% COJIN + RELLENO LOVI01495U0000000000001***************************************************************************0000-------006126150710701 --> 4 Sin Modificación
0032M010165  21% COJIN + RELLENO LOVI01495U0000000000001***************************************************************************0000-------084354493136951 --> 4 Sin Modificación
0032M010172  21% ESPEJO OJO (1211346)00600U0000000000001***************************************************************************0000-------084353751357741 --> 4 Sin Modificación
0032M010180  10% MAQUINA DISPENSADORA01190U0000000000001***************************************************************************0000-------084360237820672 --> 4 Sin Modificación
0032M010181  10% MAQUINA DISPENSADORA01190U0000000000001***************************************************************************0000-------084360237820742 --> 4 Sin Modificación
0032M010182  10% SUPER CHUPA CHUPS   01200U0000000000001***************************************************************************0000-------084100319483012 --> 4 Sin Modificación
0032M010189  21% BOBINA HILO VERDE 1000015U0000000000001***************************************************************************0000-------080563643606271 --> 4 Sin Modificación
0032M010190  21% PELOTA RED DESESTRES00100U0000000000001***************************************************************************0000-------084360237797771 --> 4 Sin Modificación
0032M010198  21% LLAVERO BUDA SURT. (00300U0000000000001***************************************************************************0000-------050505653069201 --> 4 Sin Modificación
0032M010199  21% HUCHA POPCORN (7720300400U0000000000001***************************************************************************0000-------050505653410371 --> 4 Sin Modificación
0032M010207  21% CAJA COMPARTIMENTOS 00350U0000000000001***************************************************************************0000-------084350617972551 --> 4 Sin Modificación
0032M010209  21% CAJA COMPARTIMENTOS 00350U0000000000001***************************************************************************0000-------084350617973781 --> 4 Sin Modificación
0032M010211  21% CAJA COMPARTIMENTOS 00350U0000000000001***************************************************************************0000-------084350617973921 --> 4 Sin Modificación
0032M010222  21% COJIN + RELLENO LOVI01495U0000000000001***************************************************************************0000-------084354493200061 --> 4 Sin Modificación
0032M010224  10% HAPPY BOX PJ MASKS L00135U0000000000001***************************************************************************0000-------084231385375522 --> 4 Sin Modificación
0032M010225  21% LLAVERO CACA UNICORN00250U0000000000001***************************************************************************0000-------040298114036081 --> 4 Sin Modificación
0032M010226  21% FLOWRINGZ ESPIRAL (600350U0000000000001***************************************************************************0000-------050372412648801 --> 4 Sin Modificación
0032M010229  21% COJIN + RELLENO LOVI01495U0000000000001***************************************************************************0000-------084354493193071 --> 4 Sin Modificación
0032M010241  21% No pedir BAND.BAMBU 00800U0000000000001***************************************************************************0000-------084240015088151 --> 4 Sin Modificación
0032M010242  21% No pedir BAND.BAMBU 00700U0000000000001***************************************************************************0000-------084240025088211 --> 4 Sin Modificación
0032M010243  21% No pedir BAND.BAMBU 00600U0000000000001***************************************************************************0000-------084240025088381 --> 4 Sin Modificación
0032M010247  10% LOLIPOP PINTALENGUAS00030U0000000000001***************************************************************************0000-------084114021821712 --> 4 Sin Modificación
0032M010248  10% VENTILADOR REDONDO P00160U0000000000001***************************************************************************0000-------084354779022812 --> 4 Sin Modificación
0032M010249  21% VENTILADOR REDONDO P00160U0000000000001***************************************************************************0000-------084354779022981 --> 4 Sin Modificación
0032M010250  21% TUBO LATA RELLENO CE00370U0000000000001***************************************************************************0000-------084360237813981 --> 4 Sin Modificación
0032M010251  21% TUBO LATA RELLENO CE00370U0000000000001***************************************************************************0000-------084360237814041 --> 4 Sin Modificación
0032M010252  21% TUBO LATA RELLENO CE00370U0000000000001***************************************************************************0000-------084360237814111 --> 4 Sin Modificación
0032M010253  21% TUBO LATA RELLENO CE00370U0000000000001***************************************************************************0000-------084360237814281 --> 4 Sin Modificación
0032M010254  21% MALETIN SIN VENTANA 00320U0000000000001***************************************************************************0000-------084360237821351 --> 4 Sin Modificación
0032M010255  21% MALETIN SIN VENTANA 00320U0000000000001***************************************************************************0000-------084360237821421 --> 4 Sin Modificación
0032M010256  21% MALETIN SIN VENTANA 00320U0000000000001***************************************************************************0000-------084360237821591 --> 4 Sin Modificación
0032M010257  21% MALETIN SIN VENTANA 00320U0000000000001***************************************************************************0000-------084360237821661 --> 4 Sin Modificación
0032M010258  21% LAMP. NEON CACTUS LO01650U0000000000001***************************************************************************0000-------084353751343021 --> 4 Sin Modificación
0032M010267  21% MALETIN PAPEL NAVIDA00350U0000000000001***************************************************************************0000-------084360237821801 --> 4 Sin Modificación
0032M010268  21% MALETIN PAPEL NAVIDA00350U0000000000001***************************************************************************0000-------084360237821971 --> 4 Sin Modificación
0032M010269  21% MALETIN PAPEL NAVIDA00350U0000000000001***************************************************************************0000-------084360237822031 --> 4 Sin Modificación
0032M010271  21% SALPIMENTERO FANTASM00350U0000000000001***************************************************************************0000-------050550717199121 --> 4 Sin Modificación
0032M010304  21% G. HELIO "ES UN NIÑO00420U0000000000001***************************************************************************0000-------000266353364131 --> 4 Sin Modificación
0032M010305  21% G. HELIO "ES UNA NIÑ00420U0000000000001***************************************************************************0000-------000266353363901 --> 4 Sin Modificación
0032M010307  21% CAJA REGALO FRASES B00300U0000000000001***************************************************************************0000-------084360237822271 --> 4 Sin Modificación
0032M010308  21% CAJA REGALO NAVIDAD 00300U0000000000001***************************************************************************0000-------084360237822341 --> 4 Sin Modificación
0032M010309  10% TUBO LACASITOS PATRU00200U0000000000001***************************************************************************0000-------084107409092422 --> 4 Sin Modificación
0032M010310  10% TUBO LACASITOS MINIO00200U0000000000001***************************************************************************0000-------084107409115972 --> 4 Sin Modificación
0032M010317  21% TARRO VELA GRACIAS (00500U0000000000001***************************************************************************0000-------035618641201141 --> 4 Sin Modificación
0032M010321  21% MINIPONY CON PEINE (00150U0000000000001***************************************************************************0000-------000505652414051 --> 4 Sin Modificación
0032M010335  10% CHICLE SUPER HIPER A00020U0000000000001***************************************************************************0000-------078610085078532 --> 4 Sin Modificación
0032M010337  21% GLOBO H. ESTRELLA RO00420U0000000000001***************************************************************************0000-------000266351280491 --> 4 Sin Modificación
0032M010338  21% GLOBO H. ESTRELLA AZ00420U0000000000001***************************************************************************0000-------000266352247891 --> 4 Sin Modificación
0032M010339  10% NUTELLA B-READY     00150U0000000000001***************************************************************************0000-------080005002648502 --> 4 Sin Modificación
0032M010345  10% CAJA GOMAS SURTIDA 200785U0000000000001***************************************************************************0000-------084360237822722 --> 4 Sin Modificación
0032M010346  10% CAJA GOMAS SURTIDA 200785U0000000000001***************************************************************************0000-------084360237822892 --> 4 Sin Modificación
0032M010357  21% COJIN + RELLENO LOVI01495U0000000000001***************************************************************************0000-------084354493200371 --> 4 Sin Modificación
0032M010358  21% COJIN + RELLENO LOVI01495U0000000000001***************************************************************************0000-------084354493199941 --> 4 Sin Modificación
0032M010370  10% GUBLINS MIX 25 GR   00050U0000000000001***************************************************************************0000-------084131640121852 --> 4 Sin Modificación
0032M010371  10% NACHOS SALSA MEXICAN00150U0000000000001***************************************************************************0000-------084117786004392 --> 4 Sin Modificación
0032M010372  10% NACHOS SALSA QUESO 900150U0000000000001***************************************************************************0000-------084117786003472 --> 4 Sin Modificación
0032M010373  21% SURTIDO BEANIE BOOS 00595U0000000000001***************************************************************************0000-------000084213685251 --> 4 Sin Modificación
0032M010374  21% SURTIDO BEANIE BOOS 00595U0000000000001***************************************************************************0000-------000084213600311 --> 4 Sin Modificación
0032M010375  21% SURTIDO BEANIE BOOS 00595U0000000000001***************************************************************************0000-------000084213600621 --> 4 Sin Modificación
0032M010376  21% SURTIDO BEANIE BOOS 00595U0000000000001***************************************************************************0000-------000084213600861 --> 4 Sin Modificación
0032M010377  21% SURTIDO BEANIE BOOS 00595U0000000000001***************************************************************************0000-------000084213601161 --> 4 Sin Modificación
0032M010378  21% SURTIDO BEANIE BOOS 00595U0000000000001***************************************************************************0000-------000084213610901 --> 4 Sin Modificación
0032M010379  21% SURTIDO BEANIE BOOS 00595U0000000000001***************************************************************************0000-------000084213612501 --> 4 Sin Modificación
0032M010380  21% SURTIDO BEANIE BOOS 00595U0000000000001***************************************************************************0000-------000084213615191 --> 4 Sin Modificación
0032M010381  21% SURTIDO BEANIE BOOS 00595U0000000000001***************************************************************************0000-------000084213615881 --> 4 Sin Modificación
0032M010382  21% SURTIDO BEANIE BOOS 00595U0000000000001***************************************************************************0000-------000084213615951 --> 4 Sin Modificación
0032M010383  21% SURTIDO BEANIE BOOS 00595U0000000000001***************************************************************************0000-------000084213616491 --> 4 Sin Modificación
0032M010384  21% SURTIDO BEANIE BOOS 00595U0000000000001***************************************************************************0000-------000084213617791 --> 4 Sin Modificación
0032M010385  21% SURTIDO BEANIE BOOS 00595U0000000000001***************************************************************************0000-------000084213617861 --> 4 Sin Modificación
0032M010386  21% SURTIDO BEANIE BOOS 00595U0000000000001***************************************************************************0000-------000084213617931 --> 4 Sin Modificación
0032M010387  21% SURTIDO BEANIE BOOS 00595U0000000000001***************************************************************************0000-------000084213618091 --> 4 Sin Modificación
0032M010389  21% SURTIDO BEANIE BOOS 00595U0000000000001***************************************************************************0000-------000084213618301 --> 4 Sin Modificación
0032M010390  21% SURTIDO BEANIE BOOS 00595U0000000000001***************************************************************************0000-------000084213618471 --> 4 Sin Modificación
0032M010391  21% SURTIDO BEANIE BOOS 00595U0000000000001***************************************************************************0000-------000084213618611 --> 4 Sin Modificación
0032M010392  21% SURTIDO BEANIE BOOS 00595U0000000000001***************************************************************************0000-------000084213618921 --> 4 Sin Modificación
0032M010393  21% SURTIDO BEANIE BOOS 00595U0000000000001***************************************************************************0000-------000084213619221 --> 4 Sin Modificación
0032M010394  21% SURTIDO BEANIE BOOS 00595U0000000000001***************************************************************************0000-------000084213684191 --> 4 Sin Modificación
0032M010395  21% SURTIDO BEANIE BOOS 00595U0000000000001***************************************************************************0000-------000084213684261 --> 4 Sin Modificación
0032M010396  21% SURTIDO BEANIE BOOS 00595U0000000000001***************************************************************************0000-------000084213684331 --> 4 Sin Modificación
0032M010397  21% SURTIDO BEANIE BOOS 00595U0000000000001***************************************************************************0000-------000084213684571 --> 4 Sin Modificación
0032M010398  21% SURTIDO BEANIE BOOS 00595U0000000000001***************************************************************************0000-------000084213684641 --> 4 Sin Modificación
0032M010399  21% SURTIDO BEANIE BOOS 00595U0000000000001***************************************************************************0000-------000084213684711 --> 4 Sin Modificación
0032M010400  21% SURTIDO BEANIE BOOS 00595U0000000000001***************************************************************************0000-------000084213684881 --> 4 Sin Modificación
0032M010401  21% SURTIDO BEANIE BOOS 00595U0000000000001***************************************************************************0000-------000084213684951 --> 4 Sin Modificación
0032M010402  21% SURTIDO BEANIE BOOS 00595U0000000000001***************************************************************************0000-------000084213685011 --> 4 Sin Modificación
0032M010403  21% SURTIDO BEANIE BOOS 00595U0000000000001***************************************************************************0000-------000084213685181 --> 4 Sin Modificación
0032M010404  21% SURTIDO BEANIE BOOS 00595U0000000000001***************************************************************************0000-------000084213685251 --> 4 Sin Modificación
0032M010405  21% SURTIDO BEANIE BOOS 00595U0000000000001***************************************************************************0000-------000084213686481 --> 4 Sin Modificación
0032M010406  21% SURTIDO BEANIE BOOS 00595U0000000000001***************************************************************************0000-------000084213686551 --> 4 Sin Modificación
0032M010407  10% BIFRUTAS 33CL TROPIC00100U0000000000001***************************************************************************0000-------084101288911692 --> 4 Sin Modificación
0032M010408  10% PINTALABIOS LADYBUG 00110U0000000000001***************************************************************************0000-------084354779018332 --> 4 Sin Modificación
0032B010409  21% G.H. FROZEN CORAZON 00420U0000000000001                                                                           0000-------000266352293641 --> 99
0032M010410  21% G.H. FROZEN CORAZON 00420U0000000000001***************************************************************************0000-------000026635284211 --> 4 Sin Modificación
0032M010411  21% GLOBO FORMAS PEPPA P00520U0000000000001***************************************************************************0000-------000266352293641 --> 4 Sin Modificación
0032M010412  21% SURTIDO BEANIE BOOS 00595U0000000000001***************************************************************************0000-------000084213687091 --> 4 Sin Modificación
0032M010413  21% MINIPONY CON PEINE (00150U0000000000001***************************************************************************0000-------050505652414051 --> 4 Sin Modificación
0032M010415  21% PELUCHE MONSTRUO GAL01200U0000000000001***************************************************************************0000-------050505652076921 --> 4 Sin Modificación
0032M010416  10% MOTO HARLEY LLENA CE00210U0000000000001***************************************************************************0000-------084360237789782 --> 4 Sin Modificación
0032M010417  10% MOTO HARLEY LLENA CE00210U0000000000001***************************************************************************0000-------084360237789852 --> 4 Sin Modificación
0032M010418  10% WC CARAMELO CON PICA00140U0000000000001***************************************************************************0000-------050602212481502 --> 4 Sin Modificación
0032M010421  21% JUEGO XXL DOMINO (3101000U0000000000001***************************************************************************0000-------050505652553101 --> 4 Sin Modificación
0032M010422  21% JUEGO XXL 3ENRAYA (301300U0000000000001***************************************************************************0000-------050505652553411 --> 4 Sin Modificación
0032M010423  21% JUEGO XXL DARDOS (3101300U0000000000001***************************************************************************0000-------050505652553891 --> 4 Sin Modificación
0032M010424  21% JUEGO XXL LATAS (31901000U0000000000001***************************************************************************0000-------050505652554401 --> 4 Sin Modificación
0032M010425  21% EMOJI CACA CARAMELOS00230U0000000000001***************************************************************************0000-------087147862849371 --> 4 Sin Modificación
0032M010427  21% TARRO ENJOY (DS6000900250U0000000000001***************************************************************************0000-------087192024728131 --> 4 Sin Modificación
0032M010432  21% SURT. BOLAS ARBOL (A00200U0000000000001***************************************************************************0000-------087192027602001 --> 4 Sin Modificación
0032M010435  21% VELA HALLOWEEN (ACC900125U0000000000001***************************************************************************0000-------087192024153601 --> 4 Sin Modificación
0032M010444  10% DR. PEPPER LATA 33CL00120U0000000000001***************************************************************************0000-------050101021000152 --> 4 Sin Modificación
0032M010448  10% HAPPY BOX MINNIE LLE00135U0000000000001***************************************************************************0000-------084231385334312 --> 4 Sin Modificación
0032M010449  21% JUEGO HELADO BOLA SA00150U0000000000001***************************************************************************0000-------084370117698001 --> 4 Sin Modificación
0032M010450  10% CHICLE HALLS EUCALIP00080U0000000000001***************************************************************************0000-------076222108390532 --> 4 Sin Modificación
0032M010451  10% CHICLE HALLS HIERBAB00080U0000000000001***************************************************************************0000-------076222108390462 --> 4 Sin Modificación
0032M010457  21% TAZAS NAVIDEÑAS VACI00350U0000000000001***************************************************************************0000-------084360237822101 --> 4 Sin Modificación
0032M010463  21% CAJA LED LETRAS (XX801000U0000000000001***************************************************************************0000-------087192028015211 --> 4 Sin Modificación
0032M010464  21% G.H. FROZEN CORAZON 00420U0000000000001***************************************************************************0000-------000266352984211 --> 4 Sin Modificación
0032M010469  21% GLOBO FORMAS SHIMER&00520U0000000000001***************************************************************************0000-------000266353394211 --> 4 Sin Modificación
0032M010470  21% AZUCARERO TRANS. MOM00350U0000000000001***************************************************************************0000-------084354209387941 --> 4 Sin Modificación
0032M010472  21% BOTELLA PEQ NAVIDAD 00200U0000000000001***************************************************************************0000-------087192026309161 --> 4 Sin Modificación
0032M010474  10% BOTA RENO LLENA CENT00350U0000000000001***************************************************************************0000-------084360237823022 --> 4 Sin Modificación
0032M010475  10% BOTA MUÑECO NIEVE LL00350U0000000000001***************************************************************************0000-------084360237823192 --> 4 Sin Modificación
0032M010476  10% BOTA OSO LLENA CENTR00350U0000000000001***************************************************************************0000-------084360237823332 --> 4 Sin Modificación
0032M010478  21% GLOBO HELIO BALON   00420U0000000000001***************************************************************************0000-------000484192600661 --> 4 Sin Modificación
0032M010481  21% CUBO LATA SURTIDO (V00150U0000000000001***************************************************************************0000-------084360237791801 --> 4 Sin Modificación
0032M010482  21% CUBO LATA SURTIDO (V00150U0000000000001***************************************************************************0000-------084360237791971 --> 4 Sin Modificación
0032M010483  21% No pedir BAND. NAV P00350U0000000000001***************************************************************************0000-------087192026174671 --> 4 Sin Modificación
0032M010484  21% No pedir BAND. NAV G00500U0000000000001***************************************************************************0000-------087192026174501 --> 4 Sin Modificación
0032M010485  21% TARRO CRISTAL LOVIT 00200U0000000000001***************************************************************************0000-------084360237814661 --> 4 Sin Modificación
0032M010486  21% TARRO COLORES  (834000200U0000000000001***************************************************************************0000-------084360237814591 --> 4 Sin Modificación
0032M010487  10% CINTA MULTICOLOR UNI00030U0000000000001***************************************************************************0000-------084131783359972 --> 4 Sin Modificación
0032M010492  21% VELA CAJA PATATAS (600450U0000000000001***************************************************************************0000-------084318550067321 --> 4 Sin Modificación
0032M010493  21% VELA CAJA SIRENA (6700450U0000000000001***************************************************************************0000-------084318550067631 --> 4 Sin Modificación
0032M010494  21% VELA CAJA CACTUS (6700450U0000000000001***************************************************************************0000-------084318550067011 --> 4 Sin Modificación
0032M010495  21% VELA CAJA UNICORNIO 00450U0000000000001***************************************************************************0000-------084318550067181 --> 4 Sin Modificación
0032M010496  21% VELA CAJA POPCORN (600450U0000000000001***************************************************************************0000-------084318550067701 --> 4 Sin Modificación
0032M010497  10% HAPPY BOX PJ MASKS L00135U0000000000001***************************************************************************0000-------084231385246512 --> 4 Sin Modificación
0032M010498  21% TAZA REYES MAGOS (VA00300U0000000000001***************************************************************************0000-------084360237823401 --> 4 Sin Modificación
0032M010501  10% BOTELLA COLA TUTTI F01290P0000000000001***************************************************************************0000-------084131782823762 --> 4 Sin Modificación
0032M010503  10% SPRAY POP CARAMELO 200150U0000000000001***************************************************************************0000-------069317223052792 --> 4 Sin Modificación
0032B010507  04% ALBUM GRANDE HOJAS (01200U0000000000001                                                                           0000-------084354209887513 --> 99
0032B010508  04% ALBUM PEQ. HOJAS (2601000U0000000000001                                                                           0000-------084354209887683 --> 99
0032M010536  21% BOLSITO ASA LATA LLE00310U0000000000001***************************************************************************0000-------084360237795481 --> 4 Sin Modificación
0032M010537  21% BOLSITO ASA LATA LLE00310U0000000000001***************************************************************************0000-------084360237795311 --> 4 Sin Modificación
0032M010538  10% CINTA MULTICOLOR UNI00030U0000000000001***************************************************************************0000-------084131783362842 --> 4 Sin Modificación
0032M010541  10% SNACK PJ MASK 26 GRS00070U0000000000001***************************************************************************0000-------084221145338092 --> 4 Sin Modificación
0032M010542  10% ORBIT BOTE BUBBLEMIN00300U0000000000001***************************************************************************0000-------040099004962472 --> 4 Sin Modificación
0032M010543  10% DORITOS COLLISIONS 100150U0000000000001***************************************************************************0000-------084101990174202 --> 4 Sin Modificación
0032M010544  21% CAMION REMOLQUE LLEN00250U0000000000001***************************************************************************0000-------084360237815271 --> 4 Sin Modificación
0032M010545  21% SURTIDO BEANIE BOOS 00595U0000000000001***************************************************************************0000-------000084213687161 --> 4 Sin Modificación
0032M010546  21% SURTIDO BEANIE BOOS 00595U0000000000001***************************************************************************0000-------000084213600311 --> 4 Sin Modificación
0032M010547  21% SURTIDO BEANIE BOOS 00595U0000000000001***************************************************************************0000-------000084213688531 --> 4 Sin Modificación
0032M010548  21% SURTIDO BEANIE BOOS 00595U0000000000001***************************************************************************0000-------000084213688841 --> 4 Sin Modificación
0032M010549  21% SURTIDO BEANIE BOOS 00595U0000000000001***************************************************************************0000-------000084213688911 --> 4 Sin Modificación
0032M010550  21% SURTIDO BEANIE BOOS 00595U0000000000001***************************************************************************0000-------000084213689381 --> 4 Sin Modificación
0032M010551  21% SURTIDO BEANIE BOOS 00595U0000000000001***************************************************************************0000-------000084213689521 --> 4 Sin Modificación
0032M010552  21% SURTIDO BEANIE BOOS 00595U0000000000001***************************************************************************0000-------000084213689691 --> 4 Sin Modificación
0032M010553  21% SURTIDO BEANIE BOOS 00595U0000000000001***************************************************************************0000-------000084213689761 --> 4 Sin Modificación
0032M010554  21% SURTIDO BEANIE BOOS 00595U0000000000001***************************************************************************0000-------000084213689831 --> 4 Sin Modificación
0032M010555  21% SURTIDO BEANIE BOOS 01495U0000000000001***************************************************************************0000-------000084213690101 --> 4 Sin Modificación
0032M010556  21% SURTIDO BEANIE BOOS 01495U0000000000001***************************************************************************0000-------000084213690271 --> 4 Sin Modificación
0032M010557  21% SURTIDO BEANIE BOOS 01495U0000000000001***************************************************************************0000-------000084213690411 --> 4 Sin Modificación
0032M010558  21% SURTIDO BEANIE BOOS 01495U0000000000001***************************************************************************0000-------000084213698981 --> 4 Sin Modificación
0032M010559  21% SURTIDO BEANIE BOOS 01495U0000000000001***************************************************************************0000-------000084213701221 --> 4 Sin Modificación
0032M010560  21% SURTIDO BEANIE BOOS 01495U0000000000001***************************************************************************0000-------000084213703821 --> 4 Sin Modificación
0032M010561  21% SURTIDO BEANIE BOOS 01495U0000000000001***************************************************************************0000-------000084213704121 --> 4 Sin Modificación
0032M010562  21% SURTIDO BEANIE BOOS 01495U0000000000001***************************************************************************0000-------000084213704291 --> 4 Sin Modificación
0032M010563  21% SURTIDO BEANIE BOOS 01495U0000000000001***************************************************************************0000-------000084213704671 --> 4 Sin Modificación
0032M010564  21% SURTIDO BEANIE BOOS 01495U0000000000001***************************************************************************0000-------000084213705281 --> 4 Sin Modificación
0032M010565  21% SURTIDO BEANIE BOOS 01495U0000000000001***************************************************************************0000-------000084213705421 --> 4 Sin Modificación
0032M010566  21% SURTIDO BEANIE BOOS 01495U0000000000001***************************************************************************0000-------000084213706101 --> 4 Sin Modificación
0032M010567  21% SURTIDO BEANIE BOOS 01495U0000000000001***************************************************************************0000-------000084213706341 --> 4 Sin Modificación
0032M010568  21% SURTIDO BEANIE BOOS 01495U0000000000001***************************************************************************0000-------000084213706721 --> 4 Sin Modificación
0032M010569  21% SURTIDO BEANIE BOOS 01495U0000000000001***************************************************************************0000-------000084213707401 --> 4 Sin Modificación
0032M010570  21% SURTIDO BEANIE BOOS 01495U0000000000001***************************************************************************0000-------000084213707571 --> 4 Sin Modificación
0032M010571  21% SURTIDO BEANIE BOOS 01495U0000000000001***************************************************************************0000-------000084213707641 --> 4 Sin Modificación
0032M010572  21% SURTIDO BEANIE BOOS 01495U0000000000001***************************************************************************0000-------000084213708631 --> 4 Sin Modificación
0032M010573  21% SURTIDO BEANIE BOOS 01495U0000000000001***************************************************************************0000-------000084213708871 --> 4 Sin Modificación
0032M010574  21% SURTIDO BEANIE BOOS 01495U0000000000001***************************************************************************0000-------000084213714261 --> 4 Sin Modificación
0032M010575  21% SURTIDO BEANIE BOOS 01495U0000000000001***************************************************************************0000-------000084213714331 --> 4 Sin Modificación
0032M010576  21% SURTIDO BEANIE BOOS 01495U0000000000001***************************************************************************0000-------000084213714401 --> 4 Sin Modificación
0032M010577  21% SURTIDO BEANIE BOOS 01495U0000000000001***************************************************************************0000-------000084213714571 --> 4 Sin Modificación
0032M010578  21% SURTIDO BEANIE BOOS 01495U0000000000001***************************************************************************0000-------000084213714641 --> 4 Sin Modificación
0032M010579  21% SURTIDO BEANIE BOOS 01495U0000000000001***************************************************************************0000-------000084213714951 --> 4 Sin Modificación
0032M010580  21% SURTIDO BEANIE BOOS 01495U0000000000001***************************************************************************0000-------000084213715011 --> 4 Sin Modificación
0032M010581  21% SURTIDO BEANIE BOOS 01495U0000000000001***************************************************************************0000-------000084213715701 --> 4 Sin Modificación
0032M010582  21% SURTIDO BEANIE BOOS 01495U0000000000001***************************************************************************0000-------000084213715871 --> 4 Sin Modificación
0032M010583  21% SURTIDO BEANIE BOOS 01495U0000000000001***************************************************************************0000-------000084213726071 --> 4 Sin Modificación
0032M010584  21% SURTIDO BEANIE BOOS 01495U0000000000001***************************************************************************0000-------000084213716241 --> 4 Sin Modificación
0032M010585  21% SURTIDO BEANIE BOOS 01495U0000000000001***************************************************************************0000-------000084213716311 --> 4 Sin Modificación
0032M010586  21% SURTIDO BEANIE BOOS 01495U0000000000001***************************************************************************0000-------000084213725771 --> 4 Sin Modificación
0032M010587  21% SURTIDO BEANIE BOOS 01495U0000000000001***************************************************************************0000-------000084213725841 --> 4 Sin Modificación
0032M010588  21% SURTIDO BEANIE BOOS 01495U0000000000001***************************************************************************0000-------000084213725911 --> 4 Sin Modificación
0032M010589  21% SURTIDO BEANIE BOOS 01495U0000000000001***************************************************************************0000-------000084213726071 --> 4 Sin Modificación
0032M010590  21% SURTIDO BEANIE BOOS 01495U0000000000001***************************************************************************0000-------000084213726141 --> 4 Sin Modificación
0032M010591  21% SURTIDO BEANIE BOOS 01495U0000000000001***************************************************************************0000-------000084213726211 --> 4 Sin Modificación
0032M010592  21% SURTIDO BEANIE BOOS 01495U0000000000001***************************************************************************0000-------000084213726381 --> 4 Sin Modificación
0032M010593  21% SURTIDO BEANIE BOOS 01495U0000000000001***************************************************************************0000-------000084213726451 --> 4 Sin Modificación
0032M010594  21% SURTIDO BEANIE BOOS 01495U0000000000001***************************************************************************0000-------000084213726691 --> 4 Sin Modificación
0032M010595  21% SURTIDO BEANIE BOOS 01495U0000000000001***************************************************************************0000-------000084213726761 --> 4 Sin Modificación
0032M010596  21% SURTIDO BEANIE BOOS 01495U0000000000001***************************************************************************0000-------000084213726831 --> 4 Sin Modificación
0032M010597  21% SURTIDO BEANIE BOOS 00595U0000000000001***************************************************************************0000-------000084213689901 --> 4 Sin Modificación
0032M010598  21% SURTIDO BEANIE BOOS 00595U0000000000001***************************************************************************0000-------000084213694161 --> 4 Sin Modificación
0032M010599  21% SURTIDO BEANIE BOOS 00595U0000000000001***************************************************************************0000-------000084213717231 --> 4 Sin Modificación
0032M010600  21% SURTIDO BEANIE BOOS 00595U0000000000001***************************************************************************0000-------000084213717301 --> 4 Sin Modificación
0032M010601  21% SURTIDO BEANIE BOOS 00595U0000000000001***************************************************************************0000-------000084213717611 --> 4 Sin Modificación
0032M010602  21% SURTIDO BEANIE BOOS 00595U0000000000001***************************************************************************0000-------000084213718911 --> 4 Sin Modificación
0032M010603  21% SURTIDO BEANIE BOOS 00595U0000000000001***************************************************************************0000-------000084213719071 --> 4 Sin Modificación
0032M010604  21% SURTIDO BEANIE BOOS 00595U0000000000001***************************************************************************0000-------000084213719831 --> 4 Sin Modificación
0032M010605  21% SURTIDO BEANIE BOOS 00595U0000000000001***************************************************************************0000-------000084213720031 --> 4 Sin Modificación
0032M010606  21% SURTIDO BEANIE BOOS 00595U0000000000001***************************************************************************0000-------000084213720101 --> 4 Sin Modificación
0032M010607  21% SURTIDO BEANIE BOOS 00595U0000000000001***************************************************************************0000-------000084213720721 --> 4 Sin Modificación
0032M010608  21% SURTIDO BEANIE BOOS 00595U0000000000001***************************************************************************0000-------000084213722011 --> 4 Sin Modificación
0032M010609  21% SURTIDO BEANIE BOOS 00595U0000000000001***************************************************************************0000-------000084213722181 --> 4 Sin Modificación
0032M010610  21% SURTIDO BEANIE BOOS 00595U0000000000001***************************************************************************0000-------000084213722251 --> 4 Sin Modificación
0032M010611  21% SURTIDO BEANIE BOOS 00595U0000000000001***************************************************************************0000-------000084213722631 --> 4 Sin Modificación
0032M010612  21% SURTIDO BEANIE BOOS 00595U0000000000001***************************************************************************0000-------000084213724231 --> 4 Sin Modificación
0032M010613  21% SURTIDO BEANIE BOOS 00595U0000000000001***************************************************************************0000-------000084213724301 --> 4 Sin Modificación
0032M010614  21% SURTIDO BEANIE BOOS 00595U0000000000001***************************************************************************0000-------084235991448321 --> 4 Sin Modificación
0032M010615  21% SURTIDO BEANIE BOOS 00595U0000000000001***************************************************************************0000-------084360237777421 --> 4 Sin Modificación
0032M010616  21% SURTIDO BEANIE BOOS 01495U0000000000001***************************************************************************0000-------000084213641901 --> 4 Sin Modificación
0032M010617  21% SURTIDO BEANIE BOOS 01495U0000000000001***************************************************************************0000-------000084213642061 --> 4 Sin Modificación
0032M010618  21% SURTIDO BEANIE BOOS 01495U0000000000001***************************************************************************0000-------000084213642131 --> 4 Sin Modificación
0032M010619  21% SURTIDO BEANIE BOOS 01495U0000000000001***************************************************************************0000-------000084213642201 --> 4 Sin Modificación
0032M010620  21% SURTIDO BEANIE BOOS 01495U0000000000001***************************************************************************0000-------000084213682351 --> 4 Sin Modificación
0032M010621  21% SURTIDO BEANIE BOOS 01495U0000000000001***************************************************************************0000-------000084213682591 --> 4 Sin Modificación
0032M010622  21% SURTIDO BEANIE BOOS 01495U0000000000001***************************************************************************0000-------000084213682661 --> 4 Sin Modificación
0032M010623  21% BURN LATA 500 ML    00190U0000000000001***************************************************************************0000-------054490001317681 --> 4 Sin Modificación
0032M010624  10% MEGATUBO CONGUITO 8001450U0000000000001***************************************************************************0000-------084107409127612 --> 4 Sin Modificación
0032M010625  10% HAPPY BOX MINNIE LLE00135U0000000000001***************************************************************************0000-------084231385264262 --> 4 Sin Modificación
0032M010626  10% HAPPY BOX PATRULLA C00135U0000000000001***************************************************************************0000-------084231385334312 --> 4 Sin Modificación
0032M010627  10% HAPPY BOX PJ MASKS L00135U0000000000001***************************************************************************0000-------084231385375522 --> 4 Sin Modificación
0032M010628  10% HAPPY BOX VENGADORES00135U0000000000001***************************************************************************0000-------084231385246512 --> 4 Sin Modificación
0032M010629  10% NERD ROPE (BARRA 26 00195U0000000000001***************************************************************************0000-------000072000866572 --> 4 Sin Modificación
0032M010638  10% ORBIT WHITE MENTA GR00080U0000000000001***************************************************************************0000-------042070733     2 --> 4 Sin Modificación
0032M010639  10% NOCILLA STICKS 2 CRE00050U0000000000001***************************************************************************0000-------084100144590842 --> 4 Sin Modificación
0032M010640  10% PEONZA PJ MASKS     00150U0000000000001***************************************************************************0000-------084354779024102 --> 4 Sin Modificación
0032M010641  10% SOMBRILLA CHOCO HALL00080U0000000000001***************************************************************************0000-------084216992221532 --> 4 Sin Modificación
0032M010643  21% BOLSA SUPER ZINGS 3 00070U0000000000001***************************************************************************0000-------084316180071051 --> 4 Sin Modificación
0032M010644  21% CAJA JET SUPER ZINGS00250U0000000000001***************************************************************************0000-------084316180071671 --> 4 Sin Modificación
0032M010645  10% KASKYS QUESO 40 GR  00045U0000000000001***************************************************************************0000-------084221142710082 --> 4 Sin Modificación
0032M010646  21% G.FOR. HAPPY BIRTHDA00795U0000000000001***************************************************************************0000-------000266353082361 --> 4 Sin Modificación
0032M010647  10% NERD ROPE (BARRA 26 00195U0000000000001***************************************************************************0000-------000792001730672 --> 4 Sin Modificación
0032M010648  10% RED FIGURAS CHOCO HA00150U0000000000001***************************************************************************0000-------087249005160352 --> 4 Sin Modificación
0032M010649  10% MIX HALLOWEEN BALLS 00350U0000000000001***************************************************************************0000-------040086130077022 --> 4 Sin Modificación
0032M010650  10% PIPAS PINK SAL 44 GR00060U0000000000001***************************************************************************0000-------084131640136322 --> 4 Sin Modificación
0032M010651  10% MIX HALLOWEEN FIGURA00350U0000000000001***************************************************************************0000-------040086130077192 --> 4 Sin Modificación
0032M010654  10% PIRULETA CHOC. DRACU00150U0000000000001***************************************************************************0000-------084360237823882 --> 4 Sin Modificación
0032M010655  10% PIRULETA CHOC. DRACU00150U0000000000001***************************************************************************0000-------084360237823952 --> 4 Sin Modificación
0032M010656  10% CANTIMPLORA MULTICOL00260U0000000000001***************************************************************************0000-------084360237791352 --> 4 Sin Modificación
0032M010657  10% CANTIMPLORA MULTICOL00260U0000000000001***************************************************************************0000-------084360237791422 --> 4 Sin Modificación
0032M010658  10% CANTIMPLORA MULTICOL00260U0000000000001***************************************************************************0000-------084360237824012 --> 4 Sin Modificación
0032M010659  21% COJIN + RELLENO LOVI01495U0000000000001***************************************************************************0000-------084354493200131 --> 4 Sin Modificación
0032M010665  10% MEGA EMOJI CACA XXL 01500U0000000000001***************************************************************************0000-------050602212487612 --> 4 Sin Modificación
0032M010666  10% SMARTIES TUBO 130 GR00395U0000000000001***************************************************************************0000-------076130362715542 --> 4 Sin Modificación
0032M010667  10% ANIMALES OCEAN JELLY00020U0000000000001***************************************************************************0000-------084131782739612 --> 4 Sin Modificación
0032M010668  10% PATATAS SABOR HUEVO 00150U0000000000001***************************************************************************0000-------084105731017382 --> 4 Sin Modificación
0032M010669  10% NERD ROPE (BARRA 26 00195U0000000000001***************************************************************************0000-------000792000866572 --> 4 Sin Modificación
0032M010670  21% G. HELIO VENGADORES 00420U0000000000001***************************************************************************0000-------000266353465591 --> 4 Sin Modificación
0032M010671  21% VELA FELIZ CUMPLEAÑO00250U0000000000001***************************************************************************0000-------084350617678761 --> 4 Sin Modificación
0032M010672  21% SURTIDO PELUCHES 23 00500U0000000000001***************************************************************************0000-------084360237824181 --> 4 Sin Modificación
0032M010673  21% COJIN + RELLENO LOVI01495U0000000000001***************************************************************************0000-------084354493199871 --> 4 Sin Modificación
0032M010674  10% HUEVO MUNDIAL FUTBOL00030U0000000000001***************************************************************************0000-------052007010033852 --> 4 Sin Modificación
0032M010675  21% SURTIDO PELUCHES 23 00500U0000000000001***************************************************************************0000-------084360237824251 --> 4 Sin Modificación
0032M010676  21% SURTIDO PELUCHES 23 00500U0000000000001***************************************************************************0000-------084360237824321 --> 4 Sin Modificación
0032M010677  21% SURTIDO PELUCHES 23 00500U0000000000001***************************************************************************0000-------084360237824491 --> 4 Sin Modificación
0032M010678  21% SURTIDO PELUCHES 23 00500U0000000000001***************************************************************************0000-------084360237824561 --> 4 Sin Modificación
0032M010679  21% SURTIDO PELUCHES 23 00500U0000000000001***************************************************************************0000-------084360237824631 --> 4 Sin Modificación
0032M010680  21% PELUCHE SQUISHIMI (400600U0000000000001***************************************************************************0000-------050505653620701 --> 4 Sin Modificación
0032M010682  10% WC CARAMELO CON PICA00140U0000000000001***************************************************************************0000-------050602212481362 --> 4 Sin Modificación
0032B010683  21% CALDERO HALLOWEEN 2000195U0000000000001                                                                           0000-------084360237816401 --> 99
0032M010684  21% CALDERO HALLOWEEN 2000195U0000000000001***************************************************************************0000-------084360237815101 --> 4 Sin Modificación
0032M010685  21% CALDERO HALLOWEEN 2000195U0000000000001***************************************************************************0000-------084360237815031 --> 4 Sin Modificación
0032M010686  21% G.FOR. HAPPY BIRTHDA00795U0000000000001***************************************************************************0000-------000266352447701 --> 4 Sin Modificación
0032M010689  21% CAJA REGALO SAN VALE00300U0000000000001***************************************************************************0000-------084360237824871 --> 4 Sin Modificación
0032M010691  21% BOLSITOS PELUCHE SUR00400U0000000000001***************************************************************************0000-------084360237824941 --> 4 Sin Modificación
0032M010692  21% BOLSITOS PELUCHE SUR00400U0000000000001***************************************************************************0000-------084360237825001 --> 4 Sin Modificación
0032M010693  10% PIRULETA TORNADO TEN00160U0000000000001***************************************************************************0000-------042603321914322 --> 4 Sin Modificación
0032M010694  10% DINO STICK CARAMELOS00250U0000000000001***************************************************************************0000-------042603321960002 --> 4 Sin Modificación
0032M010695  10% CHUPETE DENTADURA HA00120U0000000000001***************************************************************************0000-------042603321953002 --> 4 Sin Modificación
0032M010697  21% LLAVERO CACA UNICORN00250U0000000000001***************************************************************************0000-------040298113825381 --> 4 Sin Modificación
0032M010698  10% CALAVERA SKULL SUCKE00120U0000000000001***************************************************************************0000-------048950605509872 --> 4 Sin Modificación
0032M010699  10% ZOOMBIE POPS        00120U0000000000001***************************************************************************0000-------048950605179042 --> 4 Sin Modificación
0032M010700  10% SNAKE JELLY         00100U0000000000001***************************************************************************0000-------084131783188772 --> 4 Sin Modificación
0032M010704  21% VENTILADOR MANUAL PJ00160U0000000000001***************************************************************************0000-------084354779024031 --> 4 Sin Modificación
0032M010705  21% LOL SUPRISE GLAM GLI01795U0000000000001***************************************************************************0000-------080563790639951 --> 4 Sin Modificación
0032M010706  10% CAJA PIZZA HALLOWEEN00500U0000000000001***************************************************************************0000-------087136002874202 --> 4 Sin Modificación
0032M010707  10% PIRULETA CALAVERA 1000040U0000000000001***************************************************************************0000-------084100319643702 --> 4 Sin Modificación
0032M010708  10% ARAÑA CHOCOLATE 12,500050U0000000000001***************************************************************************0000-------040030060912142 --> 4 Sin Modificación
0032M010709  10% BRUJA CHOCOLATE 12,500050U0000000000001***************************************************************************0000-------040030060914122 --> 4 Sin Modificación
0032M010720  21% GUARDATODO PVC LOVIT00400U0000000000001***************************************************************************0000-------084354493210581 --> 4 Sin Modificación
0032M010721  21% GUARDATODO PVC LOVIT00400U0000000000001***************************************************************************0000-------084354493210721 --> 4 Sin Modificación
0032M010722  21% GUARDATODO PVC LOVIT00400U0000000000001***************************************************************************0000-------084354493210651 --> 4 Sin Modificación
0032M010723  21% GUARDATODO PVC LOVIT00400U0000000000001***************************************************************************0000-------084354493210891 --> 4 Sin Modificación
0032M010724  21% MUÑECOS SOLARES HALL00150U0000000000001***************************************************************************0000-------050550717144741 --> 4 Sin Modificación
0032M010725  10% CALAVERA PLASTICO RO00350U0000000000001***************************************************************************0000-------084360237816402 --> 4 Sin Modificación
0032M010726  10% PAYASO HALLOWEEN LLE00400U0000000000001***************************************************************************0000-------084360237824702 --> 4 Sin Modificación
0032M010727  21% MALETIN SIN VENTANA 00320U0000000000001***************************************************************************0000-------084360237821351 --> 4 Sin Modificación
0032M010728  21% MALETIN SIN VENTANA 00320U0000000000001***************************************************************************0000-------084360237821591 --> 4 Sin Modificación
0032M010729  21% MALETIN SIN VENTANA 00320U0000000000001***************************************************************************0000-------084360237821661 --> 4 Sin Modificación
0032M010738  21% REGLAS ANIMALES 15 C00100U0000000000001***************************************************************************0000-------084301732545421 --> 4 Sin Modificación
0032M010741  21% GUARDATODO CACTUS PV00200U0000000000001***************************************************************************0000-------084301732625161 --> 4 Sin Modificación
0032M010753  21% LAPIDA ESQUELETO (9800600U0000000000001***************************************************************************0000-------040298113239201 --> 4 Sin Modificación
0032M010754  21% TARRO CALAVERA (78/700250U0000000000001***************************************************************************0000-------040298113676581 --> 4 Sin Modificación
0032M010755  21% PULSERA CALAVERA (9800120U0000000000001***************************************************************************0000-------040298113376511 --> 4 Sin Modificación
0032M010756  21% LLAV.CALAVERA METAL 00200U0000000000001***************************************************************************0000-------040298114016591 --> 4 Sin Modificación
0032M010759  21% MASCARA ESQUELETO CO00200U0000000000001***************************************************************************0000-------050255720584831 --> 4 Sin Modificación
0032M010760  21% HUCHA CEREBRO (4680100400U0000000000001***************************************************************************0000-------050255729996011 --> 4 Sin Modificación
0032M010761  10% PARAGUAS CHOCO NAVID00080U0000000000001***************************************************************************0000-------084216992221462 --> 4 Sin Modificación
0032M010762  10% BIFRUTAS 33 CL MEDIT00100U0000000000001***************************************************************************0000-------084101281684452 --> 4 Sin Modificación
0032M010763  21% ANIMALOCOS SURTIDOS 00050U0000000000001***************************************************************************0000-------084365741201721 --> 4 Sin Modificación
0032M010765  10% PINCHO LADYBUG MARSH00120U0000000000001***************************************************************************0000-------084353197071592 --> 4 Sin Modificación
0032M010766  10% LIGHT CAR PEONZA    00150U0000000000001***************************************************************************0000-------084370117697942 --> 4 Sin Modificación
0032M010767  10% MUÑECA POP GIRL     00150U0000000000001***************************************************************************0000-------084370117691692 --> 4 Sin Modificación
0032M010779  10% BOLSA SCARY PARTY HA00300U0000000000001***************************************************************************0000-------084105252221912 --> 4 Sin Modificación
0032M010781  10% HUEVO CHOC.PATRULLA 00110U0000000000001***************************************************************************0000-------087147862531482 --> 4 Sin Modificación
0032M010782  10% HUEVO CHOC. PJMASK 200110U0000000000001***************************************************************************0000-------087147862853092 --> 4 Sin Modificación
0032M010783  10% HUEVO CHOC. LOL 20G 00110U0000000000001***************************************************************************0000-------080578819     2 --> 4 Sin Modificación
0032M010785  10% PINCHO REYES MAGOS 300120U0000000000001***************************************************************************0000-------084350352290722 --> 4 Sin Modificación
0032M010786  21% G. FORMAS PRINCESS E00520U0000000000001***************************************************************************0000-------000130510043471 --> 4 Sin Modificación
0032M010791  10% PIR. CHOC.RENO/GALLE00150U0000000000001***************************************************************************0000-------084360237748882 --> 4 Sin Modificación
0032M010792  10% PIR. CHOC.RENO/GALLE00150U0000000000001***************************************************************************0000-------084360237764622 --> 4 Sin Modificación
0032M010793  10% PIR. CHOC.RENO/GALLE00150U0000000000001***************************************************************************0000-------084360237825172 --> 4 Sin Modificación
0032M010794  10% LATA CHOCO LICENCIA 00250U0000000000001***************************************************************************0000-------040489122391452 --> 4 Sin Modificación
0032M010801  10% REYES BELEN CHOCO 7500450U0000000000001***************************************************************************0000-------040139009653682 --> 4 Sin Modificación
0032M010802  10% PATATAS NAPOLI 120 G00130U0000000000001***************************************************************************0000-------084105731008232 --> 4 Sin Modificación
0032M010803  10% PATATAS JALISCO 120 00130U0000000000001***************************************************************************0000-------084105731002982 --> 4 Sin Modificación
0032B010804  10% GALLETAS XMAS 400 GR00560U0000000000001                                                                           0000-------054002651568662 --> 99
0032M010805  21% CAMIONETA BELROS LLE00320U0000000000001***************************************************************************0000-------084360237820981 --> 4 Sin Modificación
0032M010806  10% CANDY STICK RELLENO 00040U0000000000001***************************************************************************0000-------084360222165632 --> 4 Sin Modificación
0032B010808  21% No Pedir CESTA BAMBU00650U0000000000001                                                                           0000-------084354209706881 --> 99
0032B010809  21% No Pedir CESTA BAMBU01000U0000000000001                                                                           0000-------084000228460821 --> 99
0032M010810  21% PELUCHE UNICORNIO CO00500U0000000000001***************************************************************************0000-------084360237825241 --> 4 Sin Modificación
0032M010831  21% GLOBOS PALITO HALLOW00175U0000000000001***************************************************************************0000-------000266353815361 --> 4 Sin Modificación
0032M010832  21% GLOBOS PALITO HALLOW00175U0000000000001***************************************************************************0000-------000266352726981 --> 4 Sin Modificación
0032M010833  21% GLOBOS PALITO HALLOW00175U0000000000001***************************************************************************0000-------000266353702571 --> 4 Sin Modificación
0032M010840  21% COJIN + RELLENO LOVI01495U0000000000001***************************************************************************0000-------084354493239771 --> 4 Sin Modificación
0032M010841  21% COJIN + RELLENO LOVI01495U0000000000001***************************************************************************0000-------084354493224681 --> 4 Sin Modificación
0032M010843  10% PIRULETA CALAVERA 1000040U0000000000001***************************************************************************0000-------084199003     2 --> 4 Sin Modificación
0032M010852  10% BOLSITO TRINEO LLENO00350U0000000000001***************************************************************************0000-------084360237821732 --> 4 Sin Modificación
0032M010853  10% UVAS DE LA SUERTE 3000080U0000000000001***************************************************************************0000-------084105252281482 --> 4 Sin Modificación
0032M010858  21% MALETIN OVALADO LLEN00370U0000000000001***************************************************************************0000-------084360237821041 --> 4 Sin Modificación
0032M010859  21% MALETIN OVALADO LLEN00370U0000000000001***************************************************************************0000-------084360237821111 --> 4 Sin Modificación
0032M010860  21% MALETIN OVALADO LLEN00370U0000000000001***************************************************************************0000-------084360237821281 --> 4 Sin Modificación
0032M010864  10% TRONCO NAVIDAD (TIO)00120U0000000000001***************************************************************************0000-------084218530403712 --> 4 Sin Modificación
0032M010877  21% LLAVERO CACA UNICORN00250U0000000000001***************************************************************************0000-------050550717307401 --> 4 Sin Modificación
0032M010878  10% BOTA CORAZON ROSA LL00350U0000000000001***************************************************************************0000-------084360237823262 --> 4 Sin Modificación
0032M010879  21% COJIN + RELLENO LOVI01495U0000000000001***************************************************************************0000-------084354493239911 --> 4 Sin Modificación
0032M010880  21% COJIN + RELLENO LOVI01495U0000000000001***************************************************************************0000-------084354493239841 --> 4 Sin Modificación
0032M010881  21% COJIN + RELLENO LOVI01495U0000000000001***************************************************************************0000-------084354493240111 --> 4 Sin Modificación
0032M010883  21% TAZA FRUIT FICTION (00500U0000000000001***************************************************************************0000-------084344270007251 --> 4 Sin Modificación
0032M010884  10% BOCADITO JAMON Y TOM00150U0000000000001***************************************************************************0000-------084307771200142 --> 4 Sin Modificación
0032M010907  21% PELOTA HUEVO (12/09300100U0000000000001***************************************************************************0000-------040298113829411 --> 4 Sin Modificación
0032B010951  21% No Pedir CESTA BAMBU01000U0000000000001                                                                           0000-------084000228480621 --> 99
0032M011041  21% LLAV. POMPON UNICORN00250U0000000000001***************************************************************************0000-------084360237829751 --> 4 Sin Modificación
0032M011052  21% MARIONETA DEDO UNICO00100U0000000000001***************************************************************************0000-------040298113831081 --> 4 Sin Modificación
0032M011077  21% HUCHA CERDITO PROPIN00400U0000000000001***************************************************************************0000-------087144369217481 --> 4 Sin Modificación
0032B011078  21% HUCHA CERDITO MILLON00400U0000000000001                                                                           0000-------087144369217621 --> 99
0032M011083  10% RED MONEDAS XMAS CHO00150U0000000000001***************************************************************************0000-------080019435444312 --> 4 Sin Modificación
0032B011103  21% No Pedir CESTA BAMBU01000U0000000000001                                                                           0000-------084354209706571 --> 99
0032M011105  21% CONCHA ESTRUJABLE (T00250U0000000000001***************************************************************************0000-------050550717358991 --> 4 Sin Modificación
0032M011114  21% HUEVO (MAGICO) ARAÑA00250U0000000000001***************************************************************************0000-------035618632101681 --> 4 Sin Modificación
0032M011115  10% ELFO CARTON CHOCO 1200050U0000000000001***************************************************************************0000-------040030060239012 --> 4 Sin Modificación
0032M011116  10% OSO CARTON CHOCO 12,00050U0000000000001***************************************************************************0000-------040030060219072 --> 4 Sin Modificación
0032M011149  21% TERMO PEREZOSO (287900700U0000000000001***************************************************************************0000-------084355511009301 --> 4 Sin Modificación
0032M011208  21% ANIMALOCOS SURTIDOS 00050U0000000000001***************************************************************************0000-------084365741201581 --> 4 Sin Modificación
0032M011210  10% LATA CHOCO LICENCIA 00250U0000000000001***************************************************************************0000-------040489121771022 --> 4 Sin Modificación
0032M011259  10% BLASONES H. POTTER C00850U0000000000001***************************************************************************0000-------000715700089492 --> 4 Sin Modificación
0032M011260  10% CRIATURAS H. POTTER 00480U0000000000001***************************************************************************0000-------000715700089252 --> 4 Sin Modificación
0032B011261  10% VARITA H. POTTER CHO00950U0000000000001                                                                           0000-------000715700089872 --> 99
0032B011262  10% VARITA DUMBELDOR CHO00950U0000000000001                                                                           0000-------000715700089562 --> 99
0032M011277  21% DINOSAURIO LED XL (J00800U0000000000001***************************************************************************0000-------084240014505891 --> 4 Sin Modificación
0032B011282  21% ENSALAD. BAMBU TROPI00400U0000000000001                                                                           0000-------084240015317211 --> 99
0032B011283  21% BOL BAMBU TROPICAL (00200U0000000000001                                                                           0000-------084240015317141 --> 99
0032M011292  21% PELUCHE SQUISHIMI (400600U0000000000001***************************************************************************0000-------050505653808521 --> 4 Sin Modificación
0032M011293  10% FILIPINOS CHOCO NEGR00100U0000000000001***************************************************************************0000-------008410061     2 --> 4 Sin Modificación
0032B011294  21% CALENDARIOS SURTIDOS00300U0000000000001                                                                           0000-------084354972103971 --> 99
0032B011295  21% CALENDARIOS SURTIDOS00300U0000000000001                                                                           0000-------084354972104271 --> 99
0032B011296  21% CALENDARIOS SURTIDOS00300U0000000000001                                                                           0000-------084354972107311 --> 99
0032B011297  21% CALENDARIOS SURTIDOS00300U0000000000001                                                                           0000-------084354972107861 --> 99
0032B011298  21% CALENDARIOS SURTIDOS00300U0000000000001                                                                           0000-------084354972108231 --> 99
0032M011307  21% LAPIZ MADERA NAVIDAD00050U0000000000001***************************************************************************0000-------084360237846341 --> 4 Sin Modificación
0032M011326  21% TARJETA SOBRE GR. FE00150U0000000000001***************************************************************************0000-------084301732663611 --> 4 Sin Modificación
0032M011328  21% DINO ESTRUJABLE (TY600200U0000000000001***************************************************************************0000-------050550717360941 --> 4 Sin Modificación
0032M011329  21% BOLA SALTARINA UNICO00200U0000000000001***************************************************************************0000-------050550717281051 --> 4 Sin Modificación
0032M011331  21% PEINE KAWAII (BRU10)00300U0000000000001***************************************************************************0000-------050550717351721 --> 4 Sin Modificación
0032M011332  10% MALETIN PAPEL RRMM L00400U0000000000001***************************************************************************0000-------084360237822412 --> 4 Sin Modificación
0032M011333  21% ENVASE CUADRADO (VAC00150U0000000000001***************************************************************************0000-------084360237789301 --> 4 Sin Modificación
0032M011336  21% HUCHA CERDITO PROPIN00400U0000000000001***************************************************************************0000-------087144369217621 --> 4 Sin Modificación
0032M011341  10% VARITA DUMBELDOR CHO00950U0000000000001***************************************************************************0000-------000715700089872 --> 4 Sin Modificación
0032M011342  10% VARITA H. POTTER CHO00950U0000000000001***************************************************************************0000-------000715700089562 --> 4 Sin Modificación
0032M011343  10% FILIPINOS CHOCO NEGR00100U0000000000001***************************************************************************0000-------084100061     2 --> 4 Sin Modificación
0032M011383  21% COJIN + RELLENO LOVI01495U0000000000001***************************************************************************0000-------084354493038701 --> 4 Sin Modificación
0032M011384  10% PALITO SOBRE CORAZON00050U0000000000001***************************************************************************0000-------040298113432012 --> 4 Sin Modificación
0032M011386  21% BOLI LENTEJUELAS COR00150U0000000000001***************************************************************************0000-------040298114009971 --> 4 Sin Modificación
0032M011387  21% LLAVERO MADERA CORAZ00150U0000000000001***************************************************************************0000-------036649440912191 --> 4 Sin Modificación
0032M011388  21% BOTELLA MENSAJE GRAN00300U0000000000001***************************************************************************0000-------036649440956751 --> 4 Sin Modificación
0032M011390  10% BROCHETA NUBE LOVE (00135U0000000000001***************************************************************************0000-------084350352313962 --> 4 Sin Modificación
0032M011397  21% TARRO CORAZONES (KA200250U0000000000001***************************************************************************0000-------035618690245921 --> 4 Sin Modificación
0032M011399  21% LOL SUPRISE GLAM GLI01795U0000000000001***************************************************************************0000-------080563790483741 --> 4 Sin Modificación
0032M011400  10% HUEVO CHOC.PATRULLA 00110U0000000000001***************************************************************************0000-------080578604     2 --> 4 Sin Modificación
0032M011414  21% MARCO LOVE B/N 10x1500150U0000000000001***************************************************************************0000-------050505653082381 --> 4 Sin Modificación
0032M011415  21% MARCO CORAZON B/N 1000150U0000000000001***************************************************************************0000-------050505653082691 --> 4 Sin Modificación
0032M011417  21% GLOBO LOVE (737060) 00300U0000000000001***************************************************************************0000-------050505652962901 --> 4 Sin Modificación
0032M011418  21% GLOBO CORAZON PK20 (00150U0000000000001***************************************************************************0000-------050505652022081 --> 4 Sin Modificación
0032M011420  21% MARCO FOTOS 23x19 PI00500U0000000000001***************************************************************************0000-------084354209993371 --> 4 Sin Modificación
0032M011421  21% LAMP. NEON CORAZON (01200U0000000000001***************************************************************************0000-------040298114050081 --> 4 Sin Modificación
0032M011423  21% VELA TARRO SAN VALEN00200U0000000000001***************************************************************************0000-------035618669030671 --> 4 Sin Modificación
0032M011424  21% NECESER LOVE (SB112300300U0000000000001***************************************************************************0000-------036649440895991 --> 4 Sin Modificación
0032M011426  21% LIBRETA A6 LOVE (EC500250U0000000000001***************************************************************************0000-------036649440862601 --> 4 Sin Modificación
0032M011432  21% DINO ELASTICO (59/2100060U0000000000001***************************************************************************0000-------040298113577651 --> 4 Sin Modificación
0032M011437  21% BOTELLA LUZ TE QUIER00800U0000000000001***************************************************************************0000-------084312341632091 --> 4 Sin Modificación
0032M011438  21% BOTELLA LUZ LOVE (NQ00800U0000000000001***************************************************************************0000-------084312341631481 --> 4 Sin Modificación
0032M011439  21% BOTELLA LUZ TE QUIER00800U0000000000001***************************************************************************0000-------084312341631931 --> 4 Sin Modificación
0032M011440  21% SET TAZA LIBRETA BIC01200U0000000000001***************************************************************************0000-------084312341609941 --> 4 Sin Modificación
0032M011441  21% SET TAZA LIBRETA FRA01200U0000000000001***************************************************************************0000-------084312341569661 --> 4 Sin Modificación
0032M011453  10% LABIO CARAMELO 20G  00080U0000000000001***************************************************************************0000-------084218530100152 --> 4 Sin Modificación
0032M011461  10% PIRULETA CORAZON NUB00300U0000000000001***************************************************************************0000-------084350352314262 --> 4 Sin Modificación
0032M011463  10% PIRULETA CHOCO UNICO00150U0000000000001***************************************************************************0000-------084350352298812 --> 4 Sin Modificación
0032M011464  10% PIRULETA CHOCO GORJU00150U0000000000001***************************************************************************0000-------084350352224002 --> 4 Sin Modificación
0032M011468  21% BOLA CRISTAL NAVIDAD00150U0000000000001***************************************************************************0000-------084360237783671 --> 4 Sin Modificación
0032M011472  10% MALETIN PAPEL RRMM L00400U0000000000001***************************************************************************0000-------084360237822582 --> 4 Sin Modificación
0032M011473  10% MALETIN PAPEL RRMM L00400U0000000000001***************************************************************************0000-------084360237822652 --> 4 Sin Modificación
0032M011479  21% BOLSA SUPER ZINGS 3 00070U0000000000001***************************************************************************0000-------084316180078531 --> 4 Sin Modificación
0032M011480  21% PACK SUPERSLIDERS SU00200U0000000000001***************************************************************************0000-------084316180078841 --> 4 Sin Modificación
0032M011481  21% CAJA SUPERBOT SUPERZ00400U0000000000001***************************************************************************0000-------084316180079141 --> 4 Sin Modificación
0032M011491  21% POMPAS LIGHT STICK  00150U0000000000001***************************************************************************0000-------084360317589861 --> 4 Sin Modificación
0032M011492  21% MUSIC GUITAR        00200U0000000000001***************************************************************************0000-------084360317573301 --> 4 Sin Modificación
0032M011493  21% No Pedir CESTA BAMBU00650U0000000000001***************************************************************************0000-------084000228480621 --> 4 Sin Modificación
0032M011494  21% No Pedir CESTA BAMBU01000U0000000000001***************************************************************************0000-------084000228460821 --> 4 Sin Modificación
0032M011523  10% LATA HELLO KITTY 10000650U0000000000001***************************************************************************0000-------087147862452732 --> 4 Sin Modificación
0032M011533  10% PIRULETA OSO LOVE RO00150U0000000000001***************************************************************************0000-------054147303060072 --> 4 Sin Modificación
0032M011534  10% PIRULETA CORAZON LOV00150U0000000000001***************************************************************************0000-------054250010147362 --> 4 Sin Modificación
0032M011590  10% SOMBRILLA CHOCO NAVI00080U0000000000001***************************************************************************0000-------084139076844022 --> 4 Sin Modificación
0032M011591  10% CHOCOLATINA REYES 3X00180U0000000000001***************************************************************************0000-------084139078859082 --> 4 Sin Modificación
0032M011592  10% BOTE MASMELO CORAZON00350U0000000000001***************************************************************************0000-------001234567890122 --> 4 Sin Modificación
0032M011593  21% CONCHA ESTRUJABLE (T00250U0000000000001***************************************************************************0000-------050550717307331 --> 4 Sin Modificación
0032M011597  21% GLOBO HELIO LOL (38400420U0000000000001***************************************************************************0000-------000266353844521 --> 4 Sin Modificación
0032M011599  21% COJIN + RELLENO LOVI01495U0000000000001***************************************************************************0000-------084354493265581 --> 4 Sin Modificación
0032M011600  21% COJIN + RELLENO LOVI01495U0000000000001***************************************************************************0000-------084354493265271 --> 4 Sin Modificación
0032M011601  21% COJIN + RELLENO LOVI01495U0000000000001***************************************************************************0000-------084354493265341 --> 4 Sin Modificación
0032M011602  21% COJIN + RELLENO LOVI01495U0000000000001***************************************************************************0000-------084354493265411 --> 4 Sin Modificación
0032M011604  10% TP 6 SAN VALENTIN DI00895U0000000000001***************************************************************************0000-------084360237853962 --> 4 Sin Modificación
0032M011605  10% TP 7 SAN VALENTIN SI00895U0000000000001***************************************************************************0000-------084360237854022 --> 4 Sin Modificación
0032M011606  10% TP 8 SAN VALENTIN RO00895U0000000000001***************************************************************************0000-------084360237854192 --> 4 Sin Modificación
0032M011607  10% TG 4 SAN VALENTIN EN01575U0000000000001***************************************************************************0000-------084360237853582 --> 4 Sin Modificación
0032M011608  10% TG 5 SAN VALENTIN EN01575U0000000000001***************************************************************************0000-------084360237853652 --> 4 Sin Modificación
0032M011622  10% FRITOS BARBACOA 49GR00040U0000000000001***************************************************************************0000-------084101990103842 --> 4 Sin Modificación
0032M011623  10% FRITOS BARBACOA 49GR00040U0000000000001***************************************************************************0000-------084101990183112 --> 4 Sin Modificación
0032M011624  10% FRITOS BARBACOA 42GR00035U0000000000001***************************************************************************0000-------084101990125482 --> 4 Sin Modificación
0032M011625  10% BOCA BITS 21 GR     00040U0000000000001***************************************************************************0000-------084101990183042 --> 4 Sin Modificación
0032M011626  10% BOCA BITS 21 GR (pvp00035U0000000000001***************************************************************************0000-------084101990125552 --> 4 Sin Modificación
0032M011627  10% CHEETOS PELOTAZOS 3600040U0000000000001***************************************************************************0000-------084101990182432 --> 4 Sin Modificación
0032M011628  10% CHEETOS PELOTAZOS 3200035U0000000000001***************************************************************************0000-------084101990097772 --> 4 Sin Modificación
0032M011629  10% BUGGLES 3D'S 28GR   00040U0000000000001***************************************************************************0000-------084101990182292 --> 4 Sin Modificación
0032M011630  10% BUGGLES 3D'S 22GR (g00035U0000000000001***************************************************************************0000-------084101990125622 --> 4 Sin Modificación
0032M011631  10% CHEETOS STICKS 21 GR00040U0000000000001***************************************************************************0000-------084101990182502 --> 4 Sin Modificación
0032M011632  10% CHEETOS STICKS 18 GR00035U0000000000001***************************************************************************0000-------084101990135522 --> 4 Sin Modificación
0032M011633  10% BITS TWISTIES 48G   00040U0000000000001***************************************************************************0000-------084101990182672 --> 4 Sin Modificación
0032M011634  10% BITS TWISTIES 33G (g00035U0000000000001***************************************************************************0000-------084101990123332 --> 4 Sin Modificación
0032M011654  10% BOTE MASMELO CORAZON00350U0000000000001***************************************************************************0000-------090922007129382 --> 4 Sin Modificación
0032M011655  10% MONSTER RIPPER      00200U0000000000001***************************************************************************0000-------050601666904272 --> 4 Sin Modificación
0032M011657  21% COJIN + RELLENO LOVI01495U0000000000001***************************************************************************0000-------084354493275171 --> 4 Sin Modificación
0032M011658  21% GLOBO HELIO LOL (38400420U0000000000001***************************************************************************0000-------000111797912791 --> 4 Sin Modificación
0032M011659  10% TP 27 MULTICORAZON  00670U0000000000001***************************************************************************0000-------084360237855632 --> 4 Sin Modificación
0032M011660  10% TP 28 CHISPAHUEVOS  00670U0000000000001***************************************************************************0000-------084360237855702 --> 4 Sin Modificación
0032M011661  10% TP 29-2 FLOR CORAZON00670U0000000000001***************************************************************************0000-------084360237855872 --> 4 Sin Modificación
0032M011662  10% TP 30 CORAZON FRESAS00670U0000000000001***************************************************************************0000-------084360237855942 --> 4 Sin Modificación
0032M011663  10% TP 31 MULTICOLOR    00670U0000000000001***************************************************************************0000-------084360237856002 --> 4 Sin Modificación
0032M011664  10% TP 32 VERDE         00670U0000000000001***************************************************************************0000-------084360237856172 --> 4 Sin Modificación
0032M011665  10% TP 33 FLOR ROJA     00670U0000000000001***************************************************************************0000-------084360237856242 --> 4 Sin Modificación
0032M011666  10% TP 34 MORAS         00670U0000000000001***************************************************************************0000-------084360237856312 --> 4 Sin Modificación
0032M011683  21% PELUCHE SQUISHIMI (400600U0000000000001***************************************************************************0000-------050505653933641 --> 4 Sin Modificación
0032M011684  10% TG 3 SAN VALENTIN RO01575U0000000000001***************************************************************************0000-------084360237853412 --> 4 Sin Modificación
0032M011685  10% TP 3 SAN VALETIN COR00895U0000000000001***************************************************************************0000-------084360237853722 --> 4 Sin Modificación
0032M011686  10% TP 5 SAN VALENTIN CO00895U0000000000001***************************************************************************0000-------084360237853892 --> 4 Sin Modificación
0032M011695  10% CHICLE  BAZUCA      00295U0000000000001***************************************************************************0000-------000411160040942 --> 4 Sin Modificación
0032B050920  21% LIBRETA PEST. PEQ. L00200U0000000000001                                                                           0000-------084354209706881 --> 99
0032B0000666610% COMPLEMENTO TARTAS  00000P0000000000001                                                                           0000-------0             2 --> 99
0032B000170  04% F.SECOS/APERITIVOS  00000P0000000000001                                                                           0000-------0             3 --> 99
0032B0000030321% ACEITUNAS/ENCURTIDOS00000P0000000000001                                                                           0000-------0             1 --> 99
0032B000400  21% ACEITUNAS / ENCURTID00000U0000000000001                                                                           0000-------0             1 --> 99
