01000501001ALAS DE POLLO            0000349             3W000000000000000000000000 --> 4 Sin Modificación
01006165001AGUA 1.5 LTROS           0000050             3U000000000000000000000000 --> 4 Sin Modificación
01000339001HUESO JAMON O CODILLO JAM0000299             3W000000000000000000000000 --> 4 Sin Modificación
01009024001CHORIZO LONCH IBERICO    0001499             3W000000000000000000000000 --> 4 Sin Modificación
01000631001CARCASA POLLO            0000030             3W000000000000000000000000 --> 4 Sin Modificación
01009057001TACOS LOMO PATRICIO      0000499             3W000000000000000000000000 --> 4 Sin Modificación
01000531001TORTA PORFIAO ( QUESO POR0001499             4W000000000000000000000000 --> 4 Sin Modificación
01000691001CARNE PICADA DE POLLO    0000000             3W000000000000000000000000 --> 4 Sin Modificación
01000548001POLLO ENTERO TROCEADO    0000269             3W000000000000000000000000 --> 4 Sin Modificación
01000318001BUCHONES IBERICO ( ESTOMA0000299             3W000000000000000000000000 --> 4 Sin Modificación
01006303001PAN                      0000090             4U000000000000000000000000 --> 4 Sin Modificación
01008005001ALMEJAS BLANCA           0000399             3U000000000000000000000000 --> 4 Sin Modificación
01000381001RIÑONES CERDO CONGELADO  0000000             3U000000000000000000000000 --> 4 Sin Modificación
01000699001QUESO OVEJA CUÑA 1/4 EL  0001399             4W000000000000000000000000 --> 4 Sin Modificación
01008034001PALITOS DE MAR-VARITAS 250000110             3U000000000000000000000000 --> 4 Sin Modificación
01000761001QUESO PIMENTON FOMDISA (M0000699             4U000000000000000000000000 --> 4 Sin Modificación
01006907001BOLSA PEQUEÑA            0000008             2U000000000000000000000000 --> 4 Sin Modificación
01006953001PIMENTON DULCE ORO LA BAR0000095             3U000000000000000000000000 --> 4 Sin Modificación
01009126001CHORIZO LONCH BELLOTA IBE0001599             3W000000000000000000000000 --> 4 Sin Modificación
01000338001OREJAS DE CERDO          0000399             3W000000000000000000000000 --> 4 Sin Modificación
01006001001LONGANIZA FRESCA CERDO   0000539             3W000000000000000000000000 --> 4 Sin Modificación
01006906001BOLSA GRANDE             0000010             2U000000000000000000000000 --> 4 Sin Modificación
01006928001COLA CAO ENERGY P-3 GRAT 0000189             3U000000000000000000000000 --> 4 Sin Modificación
010063890010                        0000075             4U000000000000000000000000 --> 4 Sin Modificación
01006891001ACEITUNAS S/HUESO JARRY  0000225             3U000000000000000000000000 --> 4 Sin Modificación
01008243001LANGOSTINO CAST COCI 20/30001049             3U000000000000000000000000 --> 4 Sin Modificación
01031003001LONCHEADO JAMON GRAN RESE0001999             3W000000000000000000000000 --> 4 Sin Modificación
01009108001PRUEBA PATATERO DULCE    0000000             3W000000000000000000000000 --> 4 Sin Modificación
01000707001QUESO FRESCO VACA PATRICI0000399             4U000000000000000000000000 --> 4 Sin Modificación
01000708001QUESO FRESCO PATRICIO PER0000249             4U000000000000000000000000 --> 4 Sin Modificación
01009109001PRUEBA PATATERO PICANTE  0000000             3W000000000000000000000000 --> 4 Sin Modificación
01007028001PIMENTON DULCE B/1KG     0000699             3U000000000000000000000000 --> 4 Sin Modificación
01006148001CERVEZA AMSTEL LATA 33CL 0000049             2U000000000000000000000000 --> 4 Sin Modificación
01009071001CHORIZO PATATERO PICANTE 0000699             3W000000000000000000000000 --> 4 Sin Modificación
01000642001QUESO RALLADO EMMENTAL RE0000159             4U000000000000000000000000 --> 4 Sin Modificación
01009032001FIAMBRE YORK ELPOZO 11X110000499             3W000000000000000000000000 --> 4 Sin Modificación
01006257001DULCES VARIOS 1€         0000100             3U000000000000000000000000 --> 4 Sin Modificación
01000248001MOLLEJA VACUNO CONG      0000000             3W000000000000000000000000 --> 4 Sin Modificación
01006259001INFUSIONES 20 SOBRES     0000155             3U000000000000000000000000 --> 4 Sin Modificación
01000729001QUESO FRESCO 1KG. LA CHAC0000935             4U000000000000000000000000 --> 4 Sin Modificación
01006895001TOMATE TRITURADO LATA 1K 0000089             3U000000000000000000000000 --> 4 Sin Modificación
01006260001MANZANILLA               0000075             3U000000000000000000000000 --> 4 Sin Modificación
01008334001FILETE MERLUZA 4/6 ENVUEL0000599             3W000000000000000000000000 --> 4 Sin Modificación
01006942001JUDIA ANCHA ALSUR        0000110             3U000000000000000000000000 --> 4 Sin Modificación
01009029001SURTIDO IBERICO          0001200             3U000000000000000000000000 --> 4 Sin Modificación
01000775001QUESO UMAMI OVEJA 300G   0000299             4U000000000000000000000000 --> 4 Sin Modificación
01000776001QUESO AHUMADO OVEJA 250G 0000325             4U000000000000000000000000 --> 4 Sin Modificación
010063900010                        0000580             3U000000000000000000000000 --> 4 Sin Modificación
01006002001CHISTORRA  ROJA          0000499             3W000000000000000000000000 --> 4 Sin Modificación
01000100001CANAL CORDERO            0000999             3W000000000000000000000000 --> 4 Sin Modificación
01000101001CHULETA CORDERO          0001499             3W000000000000000000000000 --> 4 Sin Modificación
01006323001RULO DE CABRA AL ROMERO  0000299             4U000000000000000000000000 --> 4 Sin Modificación
01006943001JUDIAS FINA ALSUR FRASCO 0000110             3U000000000000000000000000 --> 4 Sin Modificación
010006160010                        0000799             4W000000000000000000000000 --> 4 Sin Modificación
01000217001SOLOMILLO TERNERA        0002999             3W000000000000000000000000 --> 4 Sin Modificación
01006391001LAVAVAJILLAS MANUAL MERCA0000562             2U000000000000000000000000 --> 4 Sin Modificación
010063920010                        0000456             2U000000000000000000000000 --> 4 Sin Modificación
01006994001ZUMO MELOCOTON-UVA BRICK 0000120             2U000000000000000000000000 --> 4 Sin Modificación
01006042001HUEVOS L RUBIO ESTUC     0000149             4U000000000000000000000000 --> 4 Sin Modificación
010006280010                        0001199             4W000000000000000000000000 --> 4 Sin Modificación
01009026001LONCHEADO LOMO CRUZADO AL0001599             3W000000000000000000000000 --> 4 Sin Modificación
01009110001CACHUELA POLLO 500 GRS   0000249             3U000000000000000000000000 --> 4 Sin Modificación
01006393001COCA COLA ZERO FRIA LATA 0000075             2U000000000000000000000000 --> 4 Sin Modificación
01000387001CINTA LOMO CON CABEZA    0000000             3W000000000000000000000000 --> 4 Sin Modificación
01006459001CHIQUILIN                0000100             3U000000000000000000000000 --> 4 Sin Modificación
01007029001PIMENTON AGRIDULCE B/1KG 0000699             3U000000000000000000000000 --> 4 Sin Modificación
01009023001SALCHICHON LONCH. IBERICO0001499             3W000000000000000000000000 --> 4 Sin Modificación
01008013001PIMIENTO PIQ R/ BACALAO 10000699             3U000000000000000000000000 --> 4 Sin Modificación
01006460001BOCADITOS SABORES        0000100             3U000000000000000000000000 --> 4 Sin Modificación
01008146001REJOS                    0000799             3W000000000000000000000000 --> 4 Sin Modificación
01031004001LONCHEADO JAMON G.RVA APR0000699             3W000000000000000000000000 --> 4 Sin Modificación
01006461001TOSTARICA-NAP-OCEANIC    0000100             3U000000000000000000000000 --> 4 Sin Modificación
01006995001COCA COLA ZERO FRIA 2L   0000169             2U000000000000000000000000 --> 4 Sin Modificación
01006462001GALLETAS CUETARA 1E      0000100             3U000000000000000000000000 --> 4 Sin Modificación
01006004001PINCHO CERDO             0000539             3W000000000000000000000000 --> 4 Sin Modificación
01007030001PIMENTON DULCE B/500G    0000350             3U000000000000000000000000 --> 4 Sin Modificación
01006005001CACHUELA IBERICA 500 GRS 0000249             3U000000000000000000000000 --> 4 Sin Modificación
01000432001CABECERO IBERICO (SIN BOL0000799             3W000000000000000000000000 --> 4 Sin Modificación
01009053001MORCON LONCH. CHORIZO IBE0001599             3W000000000000000000000000 --> 4 Sin Modificación
0100062500100000000                 0001450             4W000000000000000000000000 --> 4 Sin Modificación
01006016001BURGER MEAT TERNERA      0000695             3W000000000000000000000000 --> 4 Sin Modificación
01000514001POLLO ADOBADO O AL AJILLO0000349             3W000000000000000000000000 --> 4 Sin Modificación
01008031001LOMOS MERLUZA CON PIEL 800000999             3W000000000000000000000000 --> 4 Sin Modificación
01009165001SALCHICHON 1/2 IBERICO CU0001350             3W000000000000000000000000 --> 4 Sin Modificación
01006996001YOGURT SABOR MACED/FRES.P0000174             3U000000000000000000000000 --> 4 Sin Modificación
01006997001VINO TINTO LIMON S/A LA C0000189             2U000000000000000000000000 --> 4 Sin Modificación
01006452001SNACKS TRIO              0000115             3U000000000000000000000000 --> 4 Sin Modificación
01006998001CERVEZA SKOL LATA        0000035             2U000000000000000000000000 --> 4 Sin Modificación
01006969001CERVEZA SKOL S/A LATA    0000000             2U000000000000000000000000 --> 4 Sin Modificación
01006463001MANTECADO ESTUCHE        0000340             3U000000000000000000000000 --> 4 Sin Modificación
01006464001PERRUNILLA ESTUCHE       0000349             3U000000000000000000000000 --> 4 Sin Modificación
01006465001ROSCAS DE VIENTO ESTUCHE 0000340             3U000000000000000000000000 --> 4 Sin Modificación
01000604001QUESO PATRICIO PEREZ     0001299             4W000000000000000000000000 --> 4 Sin Modificación
01006136001VINO BOD.DAVILA 5LTROS   0000699             2U000000000000000000000000 --> 4 Sin Modificación
01006137001VINO BOD.DAVILA 1/5LTROS 0000220             2U000000000000000000000000 --> 4 Sin Modificación
01006066001TINTO DE VERANO          0000175             2U000000000000000000000000 --> 4 Sin Modificación
01006104001VINO BRIK BLANCO         0000109             2U000000000000000000000000 --> 4 Sin Modificación
010081300010                        0000149             3U000000000000000000000000 --> 4 Sin Modificación
01009157001MORCON LONCH SALCHICH IB 0001599             3W000000000000000000000000 --> 4 Sin Modificación
01006008001ALBONDIGAS CERDO         0000499             3W000000000000000000000000 --> 4 Sin Modificación
01006447001COLINES                  0000100             3U000000000000000000000000 --> 4 Sin Modificación
01006009001LOMO ADOBADO FRESCO      0000599             3W000000000000000000000000 --> 4 Sin Modificación
01006466001ACEITUNAS ROMERO         0000345             3U000000000000000000000000 --> 4 Sin Modificación
01006467001ALTRAMUCES JARRY BOTE    0000230             3U000000000000000000000000 --> 4 Sin Modificación
01006782001GALLETAS BOER  ASINEZ    0000100             3U000000000000000000000000 --> 4 Sin Modificación
01006482001ACEITE LA MONTERRUBIANA 10000469             3U000000000000000000000000 --> 4 Sin Modificación
01005001001CEBOLLA BOLSA 1KG        0000100             4U000000000000000000000000 --> 4 Sin Modificación
01009006001LOMO 1/2 CRUZADO AL AJILL0001250             3W000000000000000000000000 --> 4 Sin Modificación
01000353001RIÑONES CERDO            0000220             3W000000000000000000000000 --> 4 Sin Modificación
01007031001PIMENTON AGRIDULCE B/500G0000350             3U000000000000000000000000 --> 4 Sin Modificación
01000107001MORCILLA CORDERO         0000650             3W000000000000000000000000 --> 4 Sin Modificación
01000330001CARNE PICADA             0000499             3W000000000000000000000000 --> 4 Sin Modificación
010069080010                        0000125             2U000000000000000000000000 --> 4 Sin Modificación
010062400010                        0000945             2U000000000000000000000000 --> 4 Sin Modificación
01006241001VINO BODEGA TENA 2LTO    0000270             2U000000000000000000000000 --> 4 Sin Modificación
01006242001VINO BODEGA TENA 5LTO    0000649             2U000000000000000000000000 --> 4 Sin Modificación
01000102001PIERNA CORDERO           0000999             3W000000000000000000000000 --> 4 Sin Modificación
01000103001PALETILLA CORDERO        0000999             3W000000000000000000000000 --> 4 Sin Modificación
01000535001CONTRAMUSLOS POLLO       0000299             3W000000000000000000000000 --> 4 Sin Modificación
01006003001BURGER MEAT CERDO        0000539             3W000000000000000000000000 --> 4 Sin Modificación
01000104001PECHO Y CUELLO CORDERO   0000899             3W000000000000000000000000 --> 4 Sin Modificación
01006043001HUEVOS M RUBIO ESTUC     0000100             4U000000000000000000000000 --> 4 Sin Modificación
01008016001PIMIENTO PIQ R/ BACALAO 50000349             3U000000000000000000000000 --> 4 Sin Modificación
01000611001CHURRASCO POLLO          0000499             3W000000000000000000000000 --> 4 Sin Modificación
01009004001*LOMO CEBO IBE 50% RAZA I0002999             3W000000000000000000000000 --> 4 Sin Modificación
01060176001ROSCON DE REYES GRANDE   0000699             3U000000000000000000000000 --> 4 Sin Modificación
01009008001CHORIZO PATATERO         0000699             3W000000000000000000000000 --> 4 Sin Modificación
01009017001CALLOS TERNERA EN SALSA C0000699             3W000000000000000000000000 --> 4 Sin Modificación
01006909001BEB.REF. ENJOY TROPICAL S0000125             2U000000000000000000000000 --> 4 Sin Modificación
01000105001ASADURA CORDERO          0000350             3W000000000000000000000000 --> 4 Sin Modificación
010007100010                        0000899             4W000000000000000000000000 --> 4 Sin Modificación
01000106001CALLOS CORDERO           0000650             3W000000000000000000000000 --> 4 Sin Modificación
01009005001MORCILLA HIGADO          0000599             3W000000000000000000000000 --> 4 Sin Modificación
01000331001CARNE PICADA MIXTA       0000650             3W000000000000000000000000 --> 4 Sin Modificación
01006580001YOGURT BOMBON 0%         0000100             3U000000000000000000000000 --> 4 Sin Modificación
01009001001SALCHICHON IBER. CULAR EN0001299             3W000000000000000000000000 --> 4 Sin Modificación
01000308001LOMO CERDO FRESCO        0000449             3W000000000000000000000000 --> 4 Sin Modificación
01000108001CHORICILLO CORDERO       0000539             3W000000000000000000000000 --> 4 Sin Modificación
01008131001SARDINILLA PETINGA KG    0000299             3W000000000000000000000000 --> 4 Sin Modificación
01000012001PREPARAR JAMÓN           0001200             2U000000000000000000000000 --> 4 Sin Modificación
01000779001QUESO OVEJA ABUELA CARMEN0000799             4W000000000000000000000000 --> 4 Sin Modificación
01000109001CANAL CORDERO MENOR      0006500             3U000000000000000000000000 --> 4 Sin Modificación
01006508001MINIS CAMPOFRIO          0000125             3U000000000000000000000000 --> 4 Sin Modificación
01000343001PLUMA CERDO              0000699             3W000000000000000000000000 --> 4 Sin Modificación
01008086001SEPIA LIMPIA BOLSA (CHOCO0000899             3U000000000000000000000000 --> 4 Sin Modificación
01008088001FILETE LENGUADO (HALI)   0000399             3U000000000000000000000000 --> 4 Sin Modificación
01008090001BACALAO LOMO TACO        0000849             3W000000000000000000000000 --> 4 Sin Modificación
01008093001FILETE MERLUZA 6/8 ENVUEL0000699             3W000000000000000000000000 --> 4 Sin Modificación
01000750001QUESO OVEJA AÑEJO 2ª SANC0000799             4W000000000000000000000000 --> 4 Sin Modificación
01008097001GAMBA PELADA 10/30       0000799             3U000000000000000000000000 --> 4 Sin Modificación
01008098001MUSLITOS DE MAR KG       0000450             3U000000000000000000000000 --> 4 Sin Modificación
010081000010                        0001199             3U000000000000000000000000 --> 4 Sin Modificación
01009025001*LOMO CEBO IBE 50% RAZA I0003299             3W000000000000000000000000 --> 4 Sin Modificación
010081040010                        0000399             3U000000000000000000000000 --> 4 Sin Modificación
01031001001JAMON GRAN RESERVA       0000799             3W000000000000000000000000 --> 4 Sin Modificación
01041001001JAMON DE CEBO IBERICO 50%0001599             3W000000000000000000000000 --> 4 Sin Modificación
01008105001PALITO DE MERLUZA 500 G  0000230             3U000000000000000000000000 --> 4 Sin Modificación
01008106001BACALAO 80/100 PESCAFINA 0001199             3W000000000000000000000000 --> 4 Sin Modificación
01008108001SALMON SALAR RODAJA HG   0000699             3W000000000000000000000000 --> 4 Sin Modificación
01008118001FILETE BACALAO           0000699             3W000000000000000000000000 --> 4 Sin Modificación
01041002001JAMON DE CEBO DE CAMPO 500000000             3W000000000000000000000000 --> 4 Sin Modificación
01006071001CAFE PORTUGUES BARCO 500G0000369             3U000000000000000000000000 --> 4 Sin Modificación
01006065001PATATAS EL PUEBLO 350G GR0000239             3U000000000000000000000000 --> 4 Sin Modificación
01009139001CABEZADA LOMO CURADA PIME0001199             3W000000000000000000000000 --> 4 Sin Modificación
01006017001CHOPPED TERNERA (BEEF)MIN0000125             3U000000000000000000000000 --> 4 Sin Modificación
01041003001SECRETO BELLOTA IBERICO  0001999             3W000000000000000000000000 --> 4 Sin Modificación
01006018001CHOPPED PORK MINI  380 G 0000125             3U000000000000000000000000 --> 4 Sin Modificación
01007060001BOLSAS VACIOS CLIENTES   0000030             2U000000000000000000000000 --> 4 Sin Modificación
01006019001MORTAD. SICIL.MINI  380G 0000125             3U000000000000000000000000 --> 4 Sin Modificación
01006020001MORTAD. CLAS MINI        0000125             3U000000000000000000000000 --> 4 Sin Modificación
01006021001MORTAD. ACEIT MINI 380 G 0000125             3U000000000000000000000000 --> 4 Sin Modificación
01006022001RULO DE CABRA AL NATURAL 0000299             4U000000000000000000000000 --> 4 Sin Modificación
01006023001LECHE DESNATADA BRIK 1LT 0000069             4U000000000000000000000000 --> 4 Sin Modificación
01006024001PECHUGA DE PAVO S/G 400G 0000299             3U000000000000000000000000 --> 4 Sin Modificación
01006025001J. PAVO MINI 440G        0000215             3U000000000000000000000000 --> 4 Sin Modificación
01006027001CHOCOLATE NESTLE LECHE   0000099             3U000000000000000000000000 --> 4 Sin Modificación
01007032001PIMENTON PICANTE B/500G  0000350             3U000000000000000000000000 --> 4 Sin Modificación
01008101001GAMBA CAST COCI NIGERIA 70001199             3U000000000000000000000000 --> 4 Sin Modificación
01005005001MANZANA GRANDE GOLDEN NAC0000245             4W000000000000000000000000 --> 4 Sin Modificación
01008244001MEJILLON M/C 40/60 LEIRO 0000000             3W000000000000000000000000 --> 4 Sin Modificación
01009075001YORK MAXI 600G. ELPOZO   0000200             3U000000000000000000000000 --> 4 Sin Modificación
01006033001PIMENTON AGRIDULCE LATA 10000219             3U000000000000000000000000 --> 4 Sin Modificación
01006897001SARDINILLAS EN ACEITE DE 0000099             3U000000000000000000000000 --> 4 Sin Modificación
01008006001ALAS DE POLLOS CONGEL    0000269             3W000000000000000000000000 --> 4 Sin Modificación
01008320001BACALAO DESMIGADO 400-5000000449             3U000000000000000000000000 --> 4 Sin Modificación
01006034001SALSA KETCHUP ALTEZA 560G0000125             3U000000000000000000000000 --> 4 Sin Modificación
01006037001SALCHICHAS FRANKF        0000030             3U000000000000000000000000 --> 4 Sin Modificación
01006039001CAFE BARCO DESCAF.500G   0000425             3U000000000000000000000000 --> 4 Sin Modificación
01000013001PREPARAR PALETA          0000600             2U000000000000000000000000 --> 4 Sin Modificación
01006040001SIMON LIFE NARANJA 1.5LTS0000169             2U000000000000000000000000 --> 4 Sin Modificación
01006041001SIMON LIFE MANDARINA 1.5L0000169             2U000000000000000000000000 --> 4 Sin Modificación
01008017001BACALAO DORADO           0000299             3U000000000000000000000000 --> 4 Sin Modificación
010069290010                        0000095             2U000000000000000000000000 --> 4 Sin Modificación
01006080001LECHE PULEVA ENTERA/SEMI 0000125             4U000000000000000000000000 --> 4 Sin Modificación
01006181001CERVEZA AMSTEL SIN LATA  0000065             2U000000000000000000000000 --> 4 Sin Modificación
01006046001MACEDONIA VERDURA TARRO V0000110             3U000000000000000000000000 --> 4 Sin Modificación
01006047001JUDIAS VERDES JARRY      0000099             3U000000000000000000000000 --> 4 Sin Modificación
01006048001ENSALADA PIMIENTOS JARRY 0000250             3U000000000000000000000000 --> 4 Sin Modificación
01009166001CHORIZO 1/2 IBERICO CULAR0001350             3W000000000000000000000000 --> 4 Sin Modificación
01008039001ANILLAS DE CALAMAR       0000499             3U000000000000000000000000 --> 4 Sin Modificación
01006049001PIMIENTO PIQUILLO ENT.JAR0000215             3U000000000000000000000000 --> 4 Sin Modificación
01000661001QUESO OVEJA CUÑA BARRUECO0000799             4W000000000000000000000000 --> 4 Sin Modificación
01006050001SARDINILLAS JARRY PANDERE0000299             3U000000000000000000000000 --> 4 Sin Modificación
01006051001MEJILLONES JARRY PANDER G0000480             3U000000000000000000000000 --> 4 Sin Modificación
01006052001GUACANITO EXP            0000100             3U000000000000000000000000 --> 4 Sin Modificación
01000539001QUESO CABRA PIMEN VERA( Q0001599             4W000000000000000000000000 --> 4 Sin Modificación
01000573001CREMA AZUL PRESIDENT 125G0000169             4U000000000000000000000000 --> 4 Sin Modificación
01041005001JAMON DE CEBO IBERICO 50%0004999             3W000000000000000000000000 --> 4 Sin Modificación
01041006001JAMON DE BELLOTA IBERICO 0002999             3W000000000000000000000000 --> 4 Sin Modificación
01041007001JAMON DE BELLOTA IBERICO 0004999             3W000000000000000000000000 --> 4 Sin Modificación
01042001001PALETA DE CEBO IBERICA 500000999             3W000000000000000000000000 --> 4 Sin Modificación
01006363001MAXI BURGUER 4UD         0000129             3U000000000000000000000000 --> 4 Sin Modificación
01006053001MIGAS DE BONITO JARRY    0000279             3U000000000000000000000000 --> 4 Sin Modificación
01006054001ALCACHOFAS JARRY         0000199             3U000000000000000000000000 --> 4 Sin Modificación
01008371001SEPIA 5/7 PEQUEÑA GRANEL 0000799             3W000000000000000000000000 --> 4 Sin Modificación
01006055001PULPO GALLEGA JARRY GRAND0000395             3U000000000000000000000000 --> 4 Sin Modificación
01000657001TORTA LAS PELADAS        0001299             4W000000000000000000000000 --> 4 Sin Modificación
01006056001MELVA JARRY PANDERETA    0000349             3U000000000000000000000000 --> 4 Sin Modificación
01006057001CABALLAS DEL SUR JARRY   0000319             3U000000000000000000000000 --> 4 Sin Modificación
01006058001TOMATE NATURAL CASERO JAR0000175             3U000000000000000000000000 --> 4 Sin Modificación
01006059001COCA-COLA 2L             0000169             2U000000000000000000000000 --> 4 Sin Modificación
01006060001COCA-COLA LIGHT, S/C O ZE0000169             2U000000000000000000000000 --> 4 Sin Modificación
01006061001COCA COLA                0000169             2U000000000000000000000000 --> 4 Sin Modificación
01008361001BACALAO DESMIG. CONG. DES0000599             3U000000000000000000000000 --> 4 Sin Modificación
01006062001FANTA NARANJA 2L         0000159             2U000000000000000000000000 --> 4 Sin Modificación
01006063001FANTA LIMON 2L           0000159             2U000000000000000000000000 --> 4 Sin Modificación
01006064001COCA COLA ZERO    2 LT   0000169             2U000000000000000000000000 --> 4 Sin Modificación
01006067001PALMERAS DULCES SAN ANTON0000899             3W000000000000000000000000 --> 4 Sin Modificación
01006068001AGUA LOS RISCOS 0.5LTS   0000030             3U000000000000000000000000 --> 4 Sin Modificación
01006069001ALTRAMUCES 350G  JARRY   0000100             3U000000000000000000000000 --> 4 Sin Modificación
01006072001DON SIMON PACK 4UD   (NEC0000150             3U000000000000000000000000 --> 4 Sin Modificación
01006073001CHOPPED PORK 800G        0000200             3U000000000000000000000000 --> 4 Sin Modificación
01000309001COSTILLA CERDO           0000499             3W000000000000000000000000 --> 4 Sin Modificación
01006074001RULO DE CABRA AL PIMENTON0000299             4U000000000000000000000000 --> 4 Sin Modificación
01006075001MORTADELA C/ACEIT 800G   0000200             3U000000000000000000000000 --> 4 Sin Modificación
01000340001HUESO SALADO        (HUES0000299             3W000000000000000000000000 --> 4 Sin Modificación
01006076001MORTADELA SICILIANA 750-80000200             3U000000000000000000000000 --> 4 Sin Modificación
01006077001RULO DE CABRA A LAS FINAS0000299             4U000000000000000000000000 --> 4 Sin Modificación
01006078001PATE ARGAL HIGADO CERDO  0000099             3U000000000000000000000000 --> 4 Sin Modificación
01006079001SARDINILLAS JIRA         0000239             3U000000000000000000000000 --> 4 Sin Modificación
01006081001VINAGRE 1LTRO            0000089             3U000000000000000000000000 --> 4 Sin Modificación
01006082001AZUCAR BLANQUILLA 1K     0000099             3U000000000000000000000000 --> 4 Sin Modificación
01006083001SAL CHALUPA FINA 1KG     0000039             3U000000000000000000000000 --> 4 Sin Modificación
01006084001ALUBIAS COCIDAS TARRO    0000089             3U000000000000000000000000 --> 4 Sin Modificación
01006085001ARROZ REDONDO  1KG       0000125             4U000000000000000000000000 --> 4 Sin Modificación
01006086001ATUN RAZO CALVO 3LAT     0000179             3U000000000000000000000000 --> 4 Sin Modificación
01006087001ALUBIAS CARILLA 500G     0000149             4U000000000000000000000000 --> 4 Sin Modificación
01006088001CHAMPIÑON NAT ENTERO LATA0000119             3U000000000000000000000000 --> 4 Sin Modificación
01006089001CHAMPIÑON NAT LAMINADO LA0000099             3U000000000000000000000000 --> 4 Sin Modificación
01006090001PASTAS FIDEOS GALLO-1 5000000109             3U000000000000000000000000 --> 4 Sin Modificación
01006097001PULPO AJILLO JARRY GALLEG0000395             3U000000000000000000000000 --> 4 Sin Modificación
01006098001MAHONESA CALVE 430-450G  0000189             3U000000000000000000000000 --> 4 Sin Modificación
01000240001PATAS TERNERA CONGELADA  0000199             3W000000000000000000000000 --> 4 Sin Modificación
01006099001TOMATE FRITO APIS 800G   0000119             3U000000000000000000000000 --> 4 Sin Modificación
01006100001TOMATE NATURAL 1KG       0000085             3U000000000000000000000000 --> 4 Sin Modificación
01006101001ZARPAS VERDE             0000100             3U000000000000000000000000 --> 4 Sin Modificación
01006102001TOMATE TRITURADO  LATA 780000100             3U000000000000000000000000 --> 4 Sin Modificación
010061030010                        0000090             2U000000000000000000000000 --> 4 Sin Modificación
01042004001PALETA DE BELLOTA IBERICA0001499             3W000000000000000000000000 --> 4 Sin Modificación
01009138001*LOMO CEBO IBE 50% RAZA I0003299             3W000000000000000000000000 --> 4 Sin Modificación
01006105001ACEITE GIRASOL 1LTRO     0000179             3U000000000000000000000000 --> 4 Sin Modificación
010061060010                        0000299             3U000000000000000000000000 --> 4 Sin Modificación
01009070001CHORIZO IBERICO HERRAD PI0001099             3W000000000000000000000000 --> 4 Sin Modificación
010061070010                        0000000             3U000000000000000000000000 --> 4 Sin Modificación
01006147001CERVEZA AMSTEL 1L        0000129             2U000000000000000000000000 --> 4 Sin Modificación
01006108001BOCADITOS LIMON VEGAL    0000100             3U000000000000000000000000 --> 4 Sin Modificación
01008132001CONOS NESTLE HELADO      0000199             3U000000000000000000000000 --> 4 Sin Modificación
01000413001PANCETA IBERICA (MATANZAS0000299             3W000000000000000000000000 --> 4 Sin Modificación
01008036001EMPANADILLAS             0000299             3U000000000000000000000000 --> 4 Sin Modificación
010061090010                        0000109             3U000000000000000000000000 --> 4 Sin Modificación
01000332001MANTECA (PELLA IBERICA)  0000299             3W000000000000000000000000 --> 4 Sin Modificación
01006111001ACEITUNAS                0000345             3U000000000000000000000000 --> 4 Sin Modificación
01006112001PATATAS PAJA             0000100             3U000000000000000000000000 --> 4 Sin Modificación
01008242001LANGOSTINO 45/55 CASTELLA0000749             3U000000000000000000000000 --> 4 Sin Modificación
01008010001PREPARADO DE PAELLA      0000449             3W000000000000000000000000 --> 4 Sin Modificación
01000310001MAGRO CERDO              0000499             3W000000000000000000000000 --> 4 Sin Modificación
01006113001TRINA LIMON 1,5 L        0000159             2U000000000000000000000000 --> 4 Sin Modificación
010063370010                        0000110             3U000000000000000000000000 --> 4 Sin Modificación
01006115001ESPECIAS LA BARRACA      0000100             3U000000000000000000000000 --> 4 Sin Modificación
01000774001QUESO SANCHEZ HIDALGO ESE0001495             4W000000000000000000000000 --> 4 Sin Modificación
01008228001LANGOSTINO CAST COCI 40/60000899             3U000000000000000000000000 --> 4 Sin Modificación
01000417001*PUNTAS RABOS IBERICO    0000450             3W000000000000000000000000 --> 4 Sin Modificación
01000571001QUESO PATRICIO OVEJA (QUE0001049             4W000000000000000000000000 --> 4 Sin Modificación
010061160010                        0000849             2U000000000000000000000000 --> 4 Sin Modificación
01006117001GALLETAS VARIAS          0000599             3U000000000000000000000000 --> 4 Sin Modificación
01000208001MAGRA TERNERA GUISAR     0000799             3W000000000000000000000000 --> 4 Sin Modificación
01000209001PEZ TERNERA (REDONDO DELA0000999             3W000000000000000000000000 --> 4 Sin Modificación
01000210001MORCILLO TERNERA         0000799             3W000000000000000000000000 --> 4 Sin Modificación
01006261001HIERBAS NATURALES        0000125             3U000000000000000000000000 --> 4 Sin Modificación
01000211001ALETA TERNERA            0000799             3W000000000000000000000000 --> 4 Sin Modificación
01009010001CHORIZO TERNERA          0001049             3W000000000000000000000000 --> 4 Sin Modificación
01006526001SEVILLANA DE PAVO AL CORT0000899             3W000000000000000000000000 --> 4 Sin Modificación
01000218001REDONDO TERNERA          0001199             3W000000000000000000000000 --> 4 Sin Modificación
01008094001VENTRESCA DE BACALAO     0000599             3W000000000000000000000000 --> 4 Sin Modificación
01000314001HIGADO CERDO             0000220             3W000000000000000000000000 --> 4 Sin Modificación
01000206001AGUJA TERNERA            0000999             3W000000000000000000000000 --> 4 Sin Modificación
01000547001JAMONCITO DE POLLO       0000299             3W000000000000000000000000 --> 4 Sin Modificación
01000212001CADERA TERNERA           0000999             3W000000000000000000000000 --> 4 Sin Modificación
01000342001MORCILLA VIENTRE PICANTE 0000550             3W000000000000000000000000 --> 4 Sin Modificación
01000214001RABILLO CADERA           0000999             3W000000000000000000000000 --> 4 Sin Modificación
01000207001ESPALDA TERNERA          0000650             3W000000000000000000000000 --> 4 Sin Modificación
01009002001CHORIZO IBERICO CASERO   0001099             3W000000000000000000000000 --> 4 Sin Modificación
01008012001TRONQUITO DE MERLUZA (MER0000299             3W000000000000000000000000 --> 4 Sin Modificación
01060442001VINO HABLA DE LA TIERRA 70000660             2U000000000000000000000000 --> 4 Sin Modificación
01006442001ACEITE  LA MONTERRUBIANA 0002099             3U000000000000000000000000 --> 4 Sin Modificación
01009007001CHORIZO IBER. CULAR ENTER0001299             3W000000000000000000000000 --> 4 Sin Modificación
01000213001TAPA TERNERA             0000999             3W000000000000000000000000 --> 4 Sin Modificación
01000215001CHULETON TERNERA         0001299             3W000000000000000000000000 --> 4 Sin Modificación
01000216001ENTRECOT TERNERA         0001999             3W000000000000000000000000 --> 4 Sin Modificación
01009011001MORCON CHORIZO IBER. ENTE0001299             3W000000000000000000000000 --> 4 Sin Modificación
01009027001CHORIZO DE VENADO        0001250             3W000000000000000000000000 --> 4 Sin Modificación
01000219001CALLOS TERNERA           0000399             3W000000000000000000000000 --> 4 Sin Modificación
01041008001JAMON DE CEBO IBERICO 50%0003999             3W000000000000000000000000 --> 4 Sin Modificación
01006013001BARRIGADA CURADA         0000599             3W000000000000000000000000 --> 4 Sin Modificación
01000220001LENGUA TERNERA           0000595             3W000000000000000000000000 --> 4 Sin Modificación
01008000001ANCAS RANA               0000899             3U000000000000000000000000 --> 4 Sin Modificación
01009013001MORCON SALCHICHON IBER. E0001299             3W000000000000000000000000 --> 4 Sin Modificación
01009124001CHORIZO BELLOTA IB ENTERO0001399             3W000000000000000000000000 --> 4 Sin Modificación
01000221001RABO TERNERA             0000799             3W000000000000000000000000 --> 4 Sin Modificación
01000222001HIGADO TERNERA           0000450             3W000000000000000000000000 --> 4 Sin Modificación
01000311001ESPINAZO CERDO IB        0000199             3W000000000000000000000000 --> 4 Sin Modificación
010006150010                        0001299             4W000000000000000000000000 --> 4 Sin Modificación
01000329001CHULETAS DE COCHINILLO   0000750             3W000000000000000000000000 --> 4 Sin Modificación
01000223001BABILLA TERNERA          0000999             3W000000000000000000000000 --> 4 Sin Modificación
01006718001ACEITUNAS RAJADAS 600G   0000275             3U000000000000000000000000 --> 4 Sin Modificación
01009125001SALCHICHON LONCH BELLOTA 0001599             3W000000000000000000000000 --> 4 Sin Modificación
01009112001PIMIENTO PIQ.RELL. JAMON/0001199             3W000000000000000000000000 --> 4 Sin Modificación
01008001001FILETE TILAPIA           0000699             3U000000000000000000000000 --> 4 Sin Modificación
01008002001FILETE DE PANGA          0000449             3U000000000000000000000000 --> 4 Sin Modificación
01008003001FILETE DE BACALAO 500/1000000599             3W000000000000000000000000 --> 4 Sin Modificación
01008004001TIRA O TROZO DE BACALAO  0000249             3W000000000000000000000000 --> 4 Sin Modificación
01008007001SARDINAS CONG            0000249             3W000000000000000000000000 --> 4 Sin Modificación
010065900010                        0000000             3U000000000000000000000000 --> 4 Sin Modificación
01006553001GELATINA FRESA 4X90 GS NE0000000             3U000000000000000000000000 --> 4 Sin Modificación
01006527001NAPOLITANAS              0000599             3W000000000000000000000000 --> 4 Sin Modificación
01000224001CONTRA TERNERA           0000999             3W000000000000000000000000 --> 4 Sin Modificación
01000225001CHURRASCO  TERNERA       0000699             3W000000000000000000000000 --> 4 Sin Modificación
01000226001COSTILLA TERNERA         0000599             3W000000000000000000000000 --> 4 Sin Modificación
01000228001FILETE TERNERA 1A        0000999             3W000000000000000000000000 --> 4 Sin Modificación
01000351001CENTRO CHULETERO DE LOMO 0000000             3W000000000000000000000000 --> 4 Sin Modificación
01008169001CONOS NATA Y FRESA 4UD   0000199             3U000000000000000000000000 --> 4 Sin Modificación
01006441001ACEITE  LA MONTERRUBIANA 0000910             3U000000000000000000000000 --> 4 Sin Modificación
01009077001CHORIZO DE JABALI        0001250             3W000000000000000000000000 --> 4 Sin Modificación
01006449001LINGOTE ALMENDRA (VEGAL) 0001250             3W000000000000000000000000 --> 4 Sin Modificación
01006450001BOLLICAO ZERO AZUCAR     0000120             3U000000000000000000000000 --> 4 Sin Modificación
01006451001WEIKIS LECHE             0000100             3U000000000000000000000000 --> 4 Sin Modificación
01007033001TRIPA DE CORDERO 20/22 800001599             3U000000000000000000000000 --> 4 Sin Modificación
01006470001MOUSSE                   0000100             3U000000000000000000000000 --> 4 Sin Modificación
01005023001CHIRIMOYA                0000330             4W000000000000000000000000 --> 4 Sin Modificación
01041011001JAMON DE BELLOTA IBERICO 0006999             3W000000000000000000000000 --> 4 Sin Modificación
010080370010                        0000299             3U000000000000000000000000 --> 4 Sin Modificación
01000348001SANGRE COCIDA            0000580             3W000000000000000000000000 --> 4 Sin Modificación
01006471001DALKY                    0000100             3U000000000000000000000000 --> 4 Sin Modificación
010064810010                        0000281             4U000000000000000000000000 --> 4 Sin Modificación
01006472001MOUSSE LA LECHERA        0000110             3U000000000000000000000000 --> 4 Sin Modificación
01000617001PECHUGA POLLO AMARILLO CO0000000             3W000000000000000000000000 --> 4 Sin Modificación
01000430001JAMON DE CEBO IBERICO 50%0000000             3W000000000000000000000000 --> 4 Sin Modificación
01000352001COSTILLA CERDO ADOBADA   0000499             3W000000000000000000000000 --> 4 Sin Modificación
01006010001LOMO AL AJILLO FRESCO    0000599             3W000000000000000000000000 --> 4 Sin Modificación
01006011001SAN JACOBOS CERDO CASEROS0000799             3W000000000000000000000000 --> 4 Sin Modificación
01006014001PRUEBA DE CHORIZO IBERICO0000699             3W000000000000000000000000 --> 4 Sin Modificación
01006131001LOMO ADOB. AL HORNO      0000499             3W000000000000000000000000 --> 4 Sin Modificación
01000304001SOLOMILLO CERDO          0000599             3W000000000000000000000000 --> 4 Sin Modificación
01000305001SECRETO CERDO            0000539             3W000000000000000000000000 --> 4 Sin Modificación
010063060010                        0000000             3U000000000000000000000000 --> 4 Sin Modificación
010063050010                        0000069             4U000000000000000000000000 --> 4 Sin Modificación
01008144001LOMITOS DE BACALAO C/5KG 0000849             3U000000000000000000000000 --> 4 Sin Modificación
01000322001LOMO CRUZADO ENTERO FRESC0000399             3W000000000000000000000000 --> 4 Sin Modificación
01000412001LOMO IBERICO.(ENTER/CABEZ0001399             3W000000000000000000000000 --> 4 Sin Modificación
01009058001LOMO LONCHEADO PATRICIO  0000499             3W000000000000000000000000 --> 4 Sin Modificación
01008202001LOMOS DE HALIBUT         0000000             3U000000000000000000000000 --> 4 Sin Modificación
01006318001MADEJA CUERDA MATANZA    0000030             3U000000000000000000000000 --> 4 Sin Modificación
01006307001MANTECADOS CASEROS       0000699             3W000000000000000000000000 --> 4 Sin Modificación
01000414001MANTO IBERICO (MATANZAS) 0000350             3W000000000000000000000000 --> 4 Sin Modificación
01008072001MINI SAN JACOBO BAND. 1KG0000399             3U000000000000000000000000 --> 4 Sin Modificación
01006325001CERVEZA AMSTEL RADLER C/L0000199             2U000000000000000000000000 --> 4 Sin Modificación
01000551001CREMA DE TORTA DEL CASAR 0000399             4U000000000000000000000000 --> 4 Sin Modificación
01006316001NUEZ MOSCADA MOLIDAD (MAT0001899             3W000000000000000000000000 --> 4 Sin Modificación
01008048001NUGGET DE POLLO CONG     0000399             3U000000000000000000000000 --> 4 Sin Modificación
01042003001PALETA DE CEBO IBERICA 500002499             3W000000000000000000000000 --> 4 Sin Modificación
010061390010                        0000110             3U000000000000000000000000 --> 4 Sin Modificación
0100052500100000                    0001050             4W000000000000000000000000 --> 4 Sin Modificación
01000526001QUESO MARUXA             0000895             4W000000000000000000000000 --> 4 Sin Modificación
01000354001JAMON FRESCO DESHUESADO  0000499             3W000000000000000000000000 --> 4 Sin Modificación
01005002001PLATANOS EXTRA           0000135             4W000000000000000000000000 --> 4 Sin Modificación
01005003001ZANAHORIAS BOLSA         0000090             4U000000000000000000000000 --> 4 Sin Modificación
01005004001COLIFLOR                 0000110             4W000000000000000000000000 --> 4 Sin Modificación
01005006001NARANJAS ZUMO LOLI       0000105             4W000000000000000000000000 --> 4 Sin Modificación
01000632001QUESO OVEJA PASTOR DE FUE0001099             4W000000000000000000000000 --> 4 Sin Modificación
01006528001ROSCAS FRITAS            0000480             3W000000000000000000000000 --> 4 Sin Modificación
01006898001SARDINILLAS EN TOMATE RR-0000089             3U000000000000000000000000 --> 4 Sin Modificación
01009160001*LOMO BELLOTA 50% RAZA IB0003599             3W000000000000000000000000 --> 4 Sin Modificación
01060441001VINO PALACIO QUEMADO CRIA0000695             2U000000000000000000000000 --> 4 Sin Modificación
01005008001CLEMENTINA EXTRA GRANDE  0000200             4W000000000000000000000000 --> 4 Sin Modificación
01006444001ÑORAS                    0000060             3U000000000000000000000000 --> 4 Sin Modificación
01005009001CLEMENTINAS CHUPI        0000175             4W000000000000000000000000 --> 4 Sin Modificación
01005010001TOMATE GORDO             0000195             4W000000000000000000000000 --> 4 Sin Modificación
01006327001RULO DE CABRA A LA PIMIEN0000299             4U000000000000000000000000 --> 4 Sin Modificación
01006118001SALCHICHONAL 10K         0000249             3U000000000000000000000000 --> 4 Sin Modificación
01006119001SALCHICHONAL 5K          0000150             3U000000000000000000000000 --> 4 Sin Modificación
01000506001GALLINA                  0000249             3W000000000000000000000000 --> 4 Sin Modificación
01006120001TRIPA FIBRAS CARNICAS FIB0000099             3U000000000000000000000000 --> 4 Sin Modificación
01006121001TRIPA ENVASADA SECA 50/550000450             3U000000000000000000000000 --> 4 Sin Modificación
01006535001PALMERAS MEDINA          0000540             3W000000000000000000000000 --> 4 Sin Modificación
01006122001TRIPA ENVASADA SECA 55/600000599             3U000000000000000000000000 --> 4 Sin Modificación
01009003001LOMO CRUZADO CURADO AL AJ0001250             3W000000000000000000000000 --> 4 Sin Modificación
01006123001TRIPA ENVASADA SECA 60+ V0000649             3U000000000000000000000000 --> 4 Sin Modificación
01006124001AJO PICADO EN FRESCO     0000390             4W000000000000000000000000 --> 4 Sin Modificación
01006125001CULARES LARGAS ORIG      0000120             3U000000000000000000000000 --> 4 Sin Modificación
01006126001MADEJA CUERDA            0000040             3U000000000000000000000000 --> 4 Sin Modificación
01006127001PIMENTON  GRANEL         0000699             3W000000000000000000000000 --> 4 Sin Modificación
01006128001GARBANZO PEDROSILL.500G  0000125             4U000000000000000000000000 --> 4 Sin Modificación
01006129001MAHONESA CALVE 225G      0000119             3U000000000000000000000000 --> 4 Sin Modificación
01006132001CROQUETAS JAMON IBERICA  0000699             3W000000000000000000000000 --> 4 Sin Modificación
01006133001ENSALAD. PIMIENTO ALSUR 30000199             3U000000000000000000000000 --> 4 Sin Modificación
01006134001SOPAS G. BLANCA AVE-FIDEO0000069             3U000000000000000000000000 --> 4 Sin Modificación
01006536001PESTIÑOS MEDINA          0000540             3W000000000000000000000000 --> 4 Sin Modificación
01006138001CLESA FLAN VAINILLA PACK 0000139             3U000000000000000000000000 --> 4 Sin Modificación
01000527001QUESO FRESCO CABRA LA VER0000849             4U000000000000000000000000 --> 4 Sin Modificación
01000528001000000                   0000449             4U000000000000000000000000 --> 4 Sin Modificación
01006537001EMPANADILLA CABELLO ANGEL0000599             3U000000000000000000000000 --> 4 Sin Modificación
01006333001ACEITUNAS CAMPO REAL 700G0000330             3U000000000000000000000000 --> 4 Sin Modificación
01007000001TRIPA CIEGOS DE CERDO FRE0000050             3U000000000000000000000000 --> 4 Sin Modificación
01000410001PANCETA  IBERICA S/C     0000399             3W000000000000000000000000 --> 4 Sin Modificación
01008038001TIRAS DE CHOCO           0000499             3U000000000000000000000000 --> 4 Sin Modificación
010005370010                        0000599             4W000000000000000000000000 --> 4 Sin Modificación
010005380010                        0000549             4U000000000000000000000000 --> 4 Sin Modificación
01000540001TORTA DO MINI Dª ENGRACIA0000000             4U000000000000000000000000 --> 4 Sin Modificación
01000541001QUESO EL TAMUJAR SIN LACT0001365             4W000000000000000000000000 --> 4 Sin Modificación
01000543001MUSLO DE POLLO CONGELADO 0000000             3W000000000000000000000000 --> 4 Sin Modificación
01000549001QUESO EN LONCHAS TRANCHET0000100             4U000000000000000000000000 --> 4 Sin Modificación
010005520010                        0000889             4W000000000000000000000000 --> 4 Sin Modificación
01000555001QUESO LONCHEADO MONTEORO 0000999             4W000000000000000000000000 --> 4 Sin Modificación
010005560010                        0000460             4U000000000000000000000000 --> 4 Sin Modificación
010005580010                        0000000             4U000000000000000000000000 --> 4 Sin Modificación
010005600010                        0001200             4U000000000000000000000000 --> 4 Sin Modificación
01000561001TARRO CREMA DE TORTA DOP 0000249             4U000000000000000000000000 --> 4 Sin Modificación
01000562001CREMA Q.CABRA 150G       0000299             4U000000000000000000000000 --> 4 Sin Modificación
01006489001DONETES                  0000100             3U000000000000000000000000 --> 4 Sin Modificación
01006490001SNACKS ROMAN DURAN       0000115             3U000000000000000000000000 --> 4 Sin Modificación
01006491001GALLETA MARIA ORO        0000200             3U000000000000000000000000 --> 4 Sin Modificación
01006492001NOCILLA STICKS           0000050             3U000000000000000000000000 --> 4 Sin Modificación
01006493001MANTEQUILLA RENY         0000229             3U000000000000000000000000 --> 4 Sin Modificación
01006494001DONUTS BOMBON            0000100             3U000000000000000000000000 --> 4 Sin Modificación
01006495001GALLETA CAMPERA          0000100             3U000000000000000000000000 --> 4 Sin Modificación
01006496001GALLETA INTEGRAL FLORBÚ (0000179             3U000000000000000000000000 --> 4 Sin Modificación
01006497001MOUSSE CRUJIENTE         0000149             3U000000000000000000000000 --> 4 Sin Modificación
01006498001OBLEAS                   0000100             3U000000000000000000000000 --> 4 Sin Modificación
01006499001APERITIVO BLANCA PALOMA  0000100             3U000000000000000000000000 --> 4 Sin Modificación
01006500001PIZZA CAMPOFRIO          0000210             3U000000000000000000000000 --> 4 Sin Modificación
01006501001PECHUGA DE PAVO 380G     0000200             3U000000000000000000000000 --> 4 Sin Modificación
01006502001MEJILLON 4/6 PZ RR-90 JAR0000205             3U000000000000000000000000 --> 4 Sin Modificación
01006503001TRIO SARDINILLAS         0000220             3U000000000000000000000000 --> 4 Sin Modificación
01006504001CHAMPIÑON JARRY          0000125             3U000000000000000000000000 --> 4 Sin Modificación
01006505001ESPARRAGOS 6/9 PZS JARRY 0000250             3U000000000000000000000000 --> 4 Sin Modificación
010065060010                        0000295             3U000000000000000000000000 --> 4 Sin Modificación
010065070010                        0000150             3U000000000000000000000000 --> 4 Sin Modificación
01000114001MANOS DE CORDERO         0000650             3W000000000000000000000000 --> 4 Sin Modificación
01000232001PATA TERNERA             0000199             3W000000000000000000000000 --> 4 Sin Modificación
01000233001MORRO TERNERA            0000599             3W000000000000000000000000 --> 4 Sin Modificación
01006453001HOJALDRE CHOCOGLAS       0000100             3U000000000000000000000000 --> 4 Sin Modificación
01006454001CAMPURRIANAS             0000100             3U000000000000000000000000 --> 4 Sin Modificación
01006455001GALLETAS CASTELLANA      0000100             3U000000000000000000000000 --> 4 Sin Modificación
01006456001LEVADURA ROYAL 4 SOBRES  0000189             3U000000000000000000000000 --> 4 Sin Modificación
01008226001PREPARADO DE MARISCO     0000000             3W000000000000000000000000 --> 4 Sin Modificación
01007023001PIMIENTA NEGRA MOLIDA R-10000100             3U000000000000000000000000 --> 4 Sin Modificación
01009079001MORTADELA CLASICA CAMPOFR0000000             3W000000000000000000000000 --> 4 Sin Modificación
01007039001PINCHITOS PARA 2KG       0000145             3U000000000000000000000000 --> 4 Sin Modificación
01007024001TRIPA BUEY SALADA 40/43 20000649             3U000000000000000000000000 --> 4 Sin Modificación
01008236001ESPINACAS H. BLOQUE 2.5KG0000310             4U000000000000000000000000 --> 4 Sin Modificación
010063190010                        0000000             4U000000000000000000000000 --> 4 Sin Modificación
01000624001POLLO CORRAL (  CAMPOAVES0000499             3W000000000000000000000000 --> 4 Sin Modificación
01000626001TORTA MINI D.O. "GRAN CAS0001800             4U000000000000000000000000 --> 4 Sin Modificación
01007047001OREGANO                  0001050             3W000000000000000000000000 --> 4 Sin Modificación
01000659001QUESO FLORROMERO ROMERO P0001749             4W000000000000000000000000 --> 4 Sin Modificación
01000627001QUESO ESPLIEGO OVEJA LECH0000799             4W000000000000000000000000 --> 4 Sin Modificación
01000622001CREMOSITO DEL ZUJAR      0001699             4W000000000000000000000000 --> 4 Sin Modificación
01007045001SAL SALAZON SACO 25K     0000440             3U000000000000000000000000 --> 4 Sin Modificación
01000433001CABECERO IBERICO CON BOLA0001210             3W000000000000000000000000 --> 4 Sin Modificación
01000623001POLLO RELLENO            0002199             3W000000000000000000000000 --> 4 Sin Modificación
01000355001LOMO RELLENO             0001650             3W000000000000000000000000 --> 4 Sin Modificación
01000235001REDONDO TERNERA RELLENO  0001999             3W000000000000000000000000 --> 4 Sin Modificación
01006626001ROSQUILLAS DE ANIS       0000100             3U000000000000000000000000 --> 4 Sin Modificación
01007046001PEREJIL EN HOJA          0000000             3W000000000000000000000000 --> 4 Sin Modificación
01009078001SALCHICHON DE VENADO     0001199             3W000000000000000000000000 --> 4 Sin Modificación
01006582001CONCHAS CODAN            0000100             2U000000000000000000000000 --> 4 Sin Modificación
01009081001CHORIZO REVILLA TRADICION0000950             3W000000000000000000000000 --> 4 Sin Modificación
01009082001CHORIZO REVILLA TRADICION0000950             3W000000000000000000000000 --> 4 Sin Modificación
01006509001NESTLE SMARTIES FRESA MIX0000110             3U000000000000000000000000 --> 4 Sin Modificación
01006510001DHUL FLAN VAINILLA 500G  0000125             3U000000000000000000000000 --> 4 Sin Modificación
010004340010                        0000000             3W000000000000000000000000 --> 4 Sin Modificación
01005047001NARANJA MESA             0000125             4W000000000000000000000000 --> 4 Sin Modificación
01005048001AJOS BOLSA 500G (MALLA)  0000199             4U000000000000000000000000 --> 4 Sin Modificación
01005049001FRESAS PACK              0000125             4U000000000000000000000000 --> 4 Sin Modificación
01005051001MANZANAS ROJAS           0000119             4W000000000000000000000000 --> 4 Sin Modificación
01000564001QUESO MEZCLA PASTOR DE FU0000699             4W000000000000000000000000 --> 4 Sin Modificación
01000565001QUESO OVEJA EN ACEITE TAC0000699             4W000000000000000000000000 --> 4 Sin Modificación
01000567001QUESO FRESCO VACA EL ABUE0000399             4U000000000000000000000000 --> 4 Sin Modificación
01000568001CREMA DEL CASAR 125GR.   0000299             4U000000000000000000000000 --> 4 Sin Modificación
01000570001CREMA FLOR ESGUEVA PRES 10000169             4U000000000000000000000000 --> 4 Sin Modificación
01000575001CREMA CAMEMBERT PRESIDENT0000169             4U000000000000000000000000 --> 4 Sin Modificación
01000577001CREMA SEMI PRESIDENT 125G0000169             4U000000000000000000000000 --> 4 Sin Modificación
01000579001QUESO CAMPOBLANCO CABRA M0000399             4U000000000000000000000000 --> 4 Sin Modificación
010005800010                        0000575             4U000000000000000000000000 --> 4 Sin Modificación
01000581001QUESO CABRA SUDAO LOS MOR0001599             4W000000000000000000000000 --> 4 Sin Modificación
010005850010                        0000589             4U000000000000000000000000 --> 4 Sin Modificación
01006091001GARBANZO COCIDO 400G     0000089             3U000000000000000000000000 --> 4 Sin Modificación
01006092001HARINA DE TRIGO   1K     0000079             4U000000000000000000000000 --> 4 Sin Modificación
01006093001JUDIA PLANCHETA LA COCHU 0000125             4U000000000000000000000000 --> 4 Sin Modificación
01006094001JUDIA VERDE LATA         0000098             4U000000000000000000000000 --> 4 Sin Modificación
01006095001JUDIA VERDE TARRO        0000099             3U000000000000000000000000 --> 4 Sin Modificación
01006096001LENTEJAS PARDINA 500G    0000119             4U000000000000000000000000 --> 4 Sin Modificación
01006153001LECHE RIO ENTER BRIK 1.5 0000109             4U000000000000000000000000 --> 4 Sin Modificación
01006154001LECHE RIO SEMI BRIK 1,5 L0000125             4U000000000000000000000000 --> 4 Sin Modificación
01006180001LECHE PASCUAL ENTERA 1L  0000089             4U000000000000000000000000 --> 4 Sin Modificación
01006197001ALUBIAS BLANCA LARG.EX. 50000119             4U000000000000000000000000 --> 4 Sin Modificación
01006198001ENJOY TROPICAL 0,5L 2    0000125             2U000000000000000000000000 --> 4 Sin Modificación
010062030010                        0000150             4U000000000000000000000000 --> 4 Sin Modificación
01006206001LECHE RIO 1.5L           0000125             4U000000000000000000000000 --> 4 Sin Modificación
01006207001LENTEJAS CONSEMUR PARDIN 0000125             4U000000000000000000000000 --> 4 Sin Modificación
01006210001REVUELTO SABOR EXTREMEÑO 0000349             4U000000000000000000000000 --> 4 Sin Modificación
01006214001PIMIENTO SABOR EXTREMEÑO 0000359             4U000000000000000000000000 --> 4 Sin Modificación
01000583001CREMA UNTAR CAMEMBERT REN0000169             4U000000000000000000000000 --> 4 Sin Modificación
010005840010                        0000000             4U000000000000000000000000 --> 4 Sin Modificación
01008014001REVUELTO DE ESPARRAGOS/GA0000699             3U000000000000000000000000 --> 4 Sin Modificación
01000589001QUESFRESCO CABRA ABUELO 30000249             4U000000000000000000000000 --> 4 Sin Modificación
010005900010                        0000450             4U000000000000000000000000 --> 4 Sin Modificación
010005910010                        0000899             4U000000000000000000000000 --> 4 Sin Modificación
01000592001QUESO SANCHEZ BRIZ OVEJA 0001099             4W000000000000000000000000 --> 4 Sin Modificación
01000593001QUESO SANCHEZ BRIZ MEZCLA0000699             4W000000000000000000000000 --> 4 Sin Modificación
010005940010                        0000399             4U000000000000000000000000 --> 4 Sin Modificación
01000595001QUESO TORTA FUENTE MEJARA0000000             4U000000000000000000000000 --> 4 Sin Modificación
010005960010                        0000899             4W000000000000000000000000 --> 4 Sin Modificación
010005970010                        0000000             4U000000000000000000000000 --> 4 Sin Modificación
01000598001QUESO CABRA EXTREMEÑO(VIL0001450             4W000000000000000000000000 --> 4 Sin Modificación
01000599001ROLLITO DE CABRA 180G    0000299             4U000000000000000000000000 --> 4 Sin Modificación
01000521001TARRINA MADRE MATILDE  200000199             4U000000000000000000000000 --> 4 Sin Modificación
01006230001VARIOS NO PESADO 4%      0000000             4U000000000000000000000000 --> 4 Sin Modificación
01008076001CHIPIRONES GRANDES (CALAM0000849             3U000000000000000000000000 --> 4 Sin Modificación
010006210010                        0000249             4U000000000000000000000000 --> 4 Sin Modificación
01000542001ALAS GUISADAS            0000349             3W000000000000000000000000 --> 4 Sin Modificación
01000576001CREMA CHEDDAR PRESIDENT 10000169             4U000000000000000000000000 --> 4 Sin Modificación
01000600001SAN JACOBO DE POLLO CASER0000799             3W000000000000000000000000 --> 4 Sin Modificación
01000336001FILETE DE JAMON          0000539             3W000000000000000000000000 --> 4 Sin Modificación
010005180010                        0000000             4W000000000000000000000000 --> 4 Sin Modificación
0100051900100000000                 0000699             4W000000000000000000000000 --> 4 Sin Modificación
010005440010                        0001049             4U000000000000000000000000 --> 4 Sin Modificación
01000337001CODILLO JAMON FRESCO     0000349             3W000000000000000000000000 --> 4 Sin Modificación
01006244001JUDIA ANCHA CORT/TROZ ALS0000095             3U000000000000000000000000 --> 4 Sin Modificación
01006247001SETAS                    0000099             4U000000000000000000000000 --> 4 Sin Modificación
01006298001ACELGAS TARRO 660G       0000110             3U000000000000000000000000 --> 4 Sin Modificación
010005220010000000                  0000599             4W000000000000000000000000 --> 4 Sin Modificación
010005230010000                     0000899             4W000000000000000000000000 --> 4 Sin Modificación
01031005001JAMON DESHUESADO GRAN RVA0001099             3W000000000000000000000000 --> 4 Sin Modificación
01031006001JAMON S/P CURADO         0000599             3W000000000000000000000000 --> 4 Sin Modificación
01000578001QUESO MANZER OVEJA       0001050             4W000000000000000000000000 --> 4 Sin Modificación
01006328001PIZZA CAMPOFRIO OFERTA   0000210             3U000000000000000000000000 --> 4 Sin Modificación
01009028001SALCHICHON IBERICO CASERO0001099             3W000000000000000000000000 --> 4 Sin Modificación
01000513001GALLOS EXTRA             0000350             3W000000000000000000000000 --> 4 Sin Modificación
01006511001FRUTOS SECOS REYES 1€    0000100             3U000000000000000000000000 --> 4 Sin Modificación
01005063001SANDIA NEGRA             0000049             4W000000000000000000000000 --> 4 Sin Modificación
010065150010                        0000049             2U000000000000000000000000 --> 4 Sin Modificación
01000664001MUSLO DESHUESADO RELLENO 0002199             3W000000000000000000000000 --> 4 Sin Modificación
01006516001TOMATE FRITO ORLANDO B-350000185             3U000000000000000000000000 --> 4 Sin Modificación
01006517001ACEITUNAS LUPY 120G      0000100             3U000000000000000000000000 --> 4 Sin Modificación
010065180010                        0000075             3U000000000000000000000000 --> 4 Sin Modificación
01000316001SESOS CERDO              0000150             3U000000000000000000000000 --> 4 Sin Modificación
01000317001CARRILLADAS C/HUESO      0000599             3W000000000000000000000000 --> 4 Sin Modificación
01000319001TOCINO FRESCO IBER       0000299             3W000000000000000000000000 --> 4 Sin Modificación
01000320001TOCINO AÑEJO             0000299             3W000000000000000000000000 --> 4 Sin Modificación
01000301001JAMON C/HUESO FRESCO     0000340             3W000000000000000000000000 --> 4 Sin Modificación
01000302001PALETA C/HUESO FRESCA    0000320             3W000000000000000000000000 --> 4 Sin Modificación
01000323001MORCILLA DE VIENTRE      0000550             3W000000000000000000000000 --> 4 Sin Modificación
01000324001CHULETAS DE LOMO         0000539             3W000000000000000000000000 --> 4 Sin Modificación
01000325001CABEZADA DE LOMO S/H     0000499             3W000000000000000000000000 --> 4 Sin Modificación
01000326001COCHINILLO  UNIDAD       0005499             3U000000000000000000000000 --> 4 Sin Modificación
01000327001COCHINILLO ADOBADO       0000599             3W000000000000000000000000 --> 4 Sin Modificación
01000328001CHULETA DE CABEZADA      0000399             3W000000000000000000000000 --> 4 Sin Modificación
01000404001*SOLOMILLO IBERICO       0000999             3W000000000000000000000000 --> 4 Sin Modificación
01000405001*SECRETO IBERICO         0001999             3W000000000000000000000000 --> 4 Sin Modificación
01000406001*PRESA IBERICA           0002099             3W000000000000000000000000 --> 4 Sin Modificación
01000407001*PLUMA IBERICA           0002099             3W000000000000000000000000 --> 4 Sin Modificación
01000408001*LOMO DE CEBO IBERICO (FR0001599             3W000000000000000000000000 --> 4 Sin Modificación
01000500001POLLO ENTERO             0000249             3W000000000000000000000000 --> 4 Sin Modificación
01000502001MUSLOS DE POLLO          0000259             3W000000000000000000000000 --> 4 Sin Modificación
01000503001PECHUGA DE POLLO         0000499             3W000000000000000000000000 --> 4 Sin Modificación
01000504001HIGADITO DE POLLO        0000149             3W000000000000000000000000 --> 4 Sin Modificación
01000505001MOLLEJAS DE POLLO        0000225             3U000000000000000000000000 --> 4 Sin Modificación
01000507001PINCHOS DE POLLO         0000649             3W000000000000000000000000 --> 4 Sin Modificación
01000007001RULETA                   0000499             3W000000000000000000000000 --> 4 Sin Modificación
01008229001LANGOSTINO CAST COCI 30/40000949             3U000000000000000000000000 --> 4 Sin Modificación
01008230001CUERPOS 3/4 PC CAST COCI 0001399             3U000000000000000000000000 --> 4 Sin Modificación
01008231001GAMBON 20/30 (2KG) PEREIR0002599             3U000000000000000000000000 --> 4 Sin Modificación
01008232001MEJILLON TIGRE RELLENO   0000499             3U000000000000000000000000 --> 4 Sin Modificación
010082330010                        0000650             3U000000000000000000000000 --> 4 Sin Modificación
01008234001MERLUZA RODAJA EXTRA CAST0000699             3W000000000000000000000000 --> 4 Sin Modificación
01008235001PATATA PREFR. RIZADA 1KG.0000149             4U000000000000000000000000 --> 4 Sin Modificación
01000234001LLANA DOBLE DE TERNERA   0000999             3W000000000000000000000000 --> 4 Sin Modificación
01008237001GAMBA REBOZADA C/V CASTEL0000399             3U000000000000000000000000 --> 4 Sin Modificación
01005078001HABAS                    0000199             4W000000000000000000000000 --> 4 Sin Modificación
01008238001ARROZ 3 DELECIAS C/TORTIL0000299             3U000000000000000000000000 --> 4 Sin Modificación
01008239001ALCACHOFA TROZOS ALCORIOJ0000199             4U000000000000000000000000 --> 4 Sin Modificación
01009141001LONCHEADO CABEZA C. IBERC0000100             3U000000000000000000000000 --> 4 Sin Modificación
01006512001NECTAR DISFRUTA S/AZ.MTON0000109             2U000000000000000000000000 --> 4 Sin Modificación
01000361001CORAZONES                0000295             3W000000000000000000000000 --> 4 Sin Modificación
01006547001ROSCOS ALMENDRA SAN ANTON0000699             3U000000000000000000000000 --> 4 Sin Modificación
01006548001CAÑA DE CHOCOLATE SAN ANT0000349             3U000000000000000000000000 --> 4 Sin Modificación
01006529001ROSCAS HUEVO             0000580             3W000000000000000000000000 --> 4 Sin Modificación
01006551001PASTILLAS PARA ENCENDER B0000090             2U000000000000000000000000 --> 4 Sin Modificación
01006544001MAGDALENA SAN ANTONIO UNI0000229             3U000000000000000000000000 --> 4 Sin Modificación
01006530001MAGDALENAS MEDINA        0000450             3W000000000000000000000000 --> 4 Sin Modificación
01006784001PETIT NESTLE NESQUIK     0000169             3U000000000000000000000000 --> 4 Sin Modificación
01006531001CROISSANT                0000560             3W000000000000000000000000 --> 4 Sin Modificación
01006545001MAGDALENA SAN ANTONIO KG 0000349             3W000000000000000000000000 --> 4 Sin Modificación
01000363001LOMO CERDO CONGELADO     0000000             3W000000000000000000000000 --> 4 Sin Modificación
01006550001MANTECADO SAN ANTONIO    0000349             3U000000000000000000000000 --> 4 Sin Modificación
01006549001PAÑUELO SAN ANTONIO      0000349             3U000000000000000000000000 --> 4 Sin Modificación
01000364001LOMO CERDO CONGELADO FILE0000000             3W000000000000000000000000 --> 4 Sin Modificación
01006576001PAN MOLDE INTEGRAL LA HOR0000170             3U000000000000000000000000 --> 4 Sin Modificación
01000665001QUESO RENY BURGOS 250G   0000150             4U000000000000000000000000 --> 4 Sin Modificación
01006140001BANDERILLA FARO ENT.DULCE0000180             3U000000000000000000000000 --> 4 Sin Modificación
01006141001BERENJENAS RELLENAS      0000305             3U000000000000000000000000 --> 4 Sin Modificación
01006143001CALDO AVECREM POLLO PASTI0000150             3U000000000000000000000000 --> 4 Sin Modificación
01006144001CALDO KNORR CARNE 120GR  0000189             3U000000000000000000000000 --> 4 Sin Modificación
01006145001COLA CAO 400G            0000315             3U000000000000000000000000 --> 4 Sin Modificación
010061460010                        0000115             3U000000000000000000000000 --> 4 Sin Modificación
01006149001FANTA LIMON FRIA LATA    0000069             2U000000000000000000000000 --> 4 Sin Modificación
01006150001FANTA NARANJA LATA       0000069             2U000000000000000000000000 --> 4 Sin Modificación
01006151001GALLETA PRINCIPE LU CHOC 0000276             3U000000000000000000000000 --> 4 Sin Modificación
01006152001KETCHUP BARESO//KETCHUP O0000089             3U000000000000000000000000 --> 4 Sin Modificación
010067810010                        0000100             3U000000000000000000000000 --> 4 Sin Modificación
01006155001MEJILLON DARDO ESC.30/35 0000250             3U000000000000000000000000 --> 4 Sin Modificación
01006156001PAN RALLADO 250G         0000059             3U000000000000000000000000 --> 4 Sin Modificación
01006157001PIMIEN.ASADO C.RICO TIRA 0000236             3U000000000000000000000000 --> 4 Sin Modificación
01006158001AQUARIUS 1.5L            0000215             2U000000000000000000000000 --> 4 Sin Modificación
01006159001SARDLLA.PESCAMAR ACEIT.  0000089             3U000000000000000000000000 --> 4 Sin Modificación
01006160001ZUMO ALTEZA PIÑA/UVA/MANZ0000169             2U000000000000000000000000 --> 4 Sin Modificación
01006161001TOMATE FRITO APIS BRIK PA0000119             3U000000000000000000000000 --> 4 Sin Modificación
01006162001COCA-COLA LATA           0000075             2U000000000000000000000000 --> 4 Sin Modificación
010061630010                        0000095             2U000000000000000000000000 --> 4 Sin Modificación
010061640010                        0000095             2U000000000000000000000000 --> 4 Sin Modificación
01006166001REGAÑAS                  0000139             3U000000000000000000000000 --> 4 Sin Modificación
01006167001GALLETAS INTEGRAL CASTELL0000199             3U000000000000000000000000 --> 4 Sin Modificación
01008168001PREPARADO PAELLA BOLSA 800000499             3U000000000000000000000000 --> 4 Sin Modificación
010061690010                        0000899             3U000000000000000000000000 --> 4 Sin Modificación
01006170001CAFE LA ESTRELLA SOLUBLE 0000399             3U000000000000000000000000 --> 4 Sin Modificación
01006171001LIMON ADEREZANTE PARRAS  0000055             3U000000000000000000000000 --> 4 Sin Modificación
010061720010                        0000105             3U000000000000000000000000 --> 4 Sin Modificación
01006173001SEVEN UP 2L              0000145             2U000000000000000000000000 --> 4 Sin Modificación
01006174001TORREZNO P/              0000105             3U000000000000000000000000 --> 4 Sin Modificación
01006175001PISTO CASERO 650G.P/12   0000216             3U000000000000000000000000 --> 4 Sin Modificación
01006176001ACEITE GIRASOL DONSOL 5  0000799             3U000000000000000000000000 --> 4 Sin Modificación
01006177001BERENJENA EMBUCHADA V-85 0000235             3U000000000000000000000000 --> 4 Sin Modificación
01006178001MINI ROSQUILLETA 150G    0000165             3U000000000000000000000000 --> 4 Sin Modificación
010061790010                        0000139             3U000000000000000000000000 --> 4 Sin Modificación
01006182001ALCACHOFA DOLORES 5/7    0000175             3U000000000000000000000000 --> 4 Sin Modificación
01006183001ESPARRAGOS 370G 12U JARRY0000209             3U000000000000000000000000 --> 4 Sin Modificación
01006184001ATUN ACEIT. JARRY LATA   0000249             3U000000000000000000000000 --> 4 Sin Modificación
01006185001MACARRON GALLO COLOR  5000000135             3U000000000000000000000000 --> 4 Sin Modificación
01006186001AQUARIUS LATA 33         0000099             2U000000000000000000000000 --> 4 Sin Modificación
01006187001LATAS FRIAS              0000099             2U000000000000000000000000 --> 4 Sin Modificación
01060165001PISTACHOS RECUBIERTOS DE 0000499             3U000000000000000000000000 --> 4 Sin Modificación
010061900010                        0000103             3U000000000000000000000000 --> 4 Sin Modificación
01006191001NESQUIK 400              0000245             3U000000000000000000000000 --> 4 Sin Modificación
0100619400100000000000              0000075             3U000000000000000000000000 --> 4 Sin Modificación
01006195001ACEITUNAS 3 LATAS EL TORR0000125             3U000000000000000000000000 --> 4 Sin Modificación
01006196001POLVORON ALMENDR BAÑO DE 0000899             3W000000000000000000000000 --> 4 Sin Modificación
01006199001BANDERILLA DULCE 370G VI 0000135             3U000000000000000000000000 --> 4 Sin Modificación
01006574001PAN RALLADO 500 GR       0000099             3U000000000000000000000000 --> 4 Sin Modificación
01000666001QUESO BABY RENY          0000190             4U000000000000000000000000 --> 4 Sin Modificación
010065770010                        0000210             3U000000000000000000000000 --> 4 Sin Modificación
01006532001PAÑUELOS MEDINA          0000540             3W000000000000000000000000 --> 4 Sin Modificación
01006533001MEDIAS LUNAS             0000640             3W000000000000000000000000 --> 4 Sin Modificación
01005064001CEREZAS                  0000299             4W000000000000000000000000 --> 4 Sin Modificación
01005065001MELOCOTON                0000245             4W000000000000000000000000 --> 4 Sin Modificación
01005066001NECTARINA                0000180             4W000000000000000000000000 --> 4 Sin Modificación
01006520001HUESITOS                 0000120             3U000000000000000000000000 --> 4 Sin Modificación
01006521001DULCES VARIOS 2€         0000200             3U000000000000000000000000 --> 4 Sin Modificación
01006522001PATATAS HH ARTESANAS 350G0000215             3U000000000000000000000000 --> 4 Sin Modificación
01006523001LEVADURA LA BARRACA      0000120             3U000000000000000000000000 --> 4 Sin Modificación
01000663001QUESO CABRA MORENO PASTEU0001449             4W000000000000000000000000 --> 4 Sin Modificación
01005059001SANDIA RAYADA            0000049             4W000000000000000000000000 --> 4 Sin Modificación
01009087001LOMO CRUZADO 1/2 PIMENTON0001250             3W000000000000000000000000 --> 4 Sin Modificación
01005060001MELON                    0000049             4W000000000000000000000000 --> 4 Sin Modificación
01006534001GALLETAS MEDINA          0000410             3W000000000000000000000000 --> 4 Sin Modificación
01006724001GARRAPIÑA                0000100             3U000000000000000000000000 --> 4 Sin Modificación
01006524001WAFES BALCONI            0000100             3U000000000000000000000000 --> 4 Sin Modificación
01008247001PAJARITOS B-10 UD        0000000             3W000000000000000000000000 --> 4 Sin Modificación
010065780010                        0000139             3U000000000000000000000000 --> 4 Sin Modificación
01006579001NESTLE BEBE              0000275             3U000000000000000000000000 --> 4 Sin Modificación
01006554001PALILLOS BROCHETAS       0000080             2U000000000000000000000000 --> 4 Sin Modificación
01008240001ADOBO ENHARINADO CASTELLA0000000             3U000000000000000000000000 --> 4 Sin Modificación
01008241001SALMON AHUMADO P/C 100 G.0000299             3U000000000000000000000000 --> 4 Sin Modificación
01008245001GAMBA  COCI NIGERIA G 50/0000000             3U000000000000000000000000 --> 4 Sin Modificación
01006486001BOLLICAO INDIVIDUAL      0000070             3U000000000000000000000000 --> 4 Sin Modificación
01006487001MEJILLONES 35/45 JARRY   0000290             3U000000000000000000000000 --> 4 Sin Modificación
01006488001BONITO ACEITE OLIVA JARRY0000249             3U000000000000000000000000 --> 4 Sin Modificación
01007036001CLAVO MOLIDO             0001690             3W000000000000000000000000 --> 4 Sin Modificación
01006297001GARBANZOS PRECOCIDO TARRO0000089             3U000000000000000000000000 --> 4 Sin Modificación
010062990010                        0000120             2U000000000000000000000000 --> 4 Sin Modificación
010081070010                        0000850             3W000000000000000000000000 --> 4 Sin Modificación
01000603001QUESO EL GUILERO         0000000             4W000000000000000000000000 --> 4 Sin Modificación
01009009001ASADURA EN SALSA CONGELAD0000699             3W000000000000000000000000 --> 4 Sin Modificación
01008045001CANELONES GRATINADOS     0000119             3U000000000000000000000000 --> 4 Sin Modificación
01008046001LASAÑA GRATINADA         0000119             3U000000000000000000000000 --> 4 Sin Modificación
01006300001YOGO ICE                 0000225             3U000000000000000000000000 --> 4 Sin Modificación
01000016001LOTE COCHINILLO          0000599             3W000000000000000000000000 --> 4 Sin Modificación
01008117001CAPRICHO CALAMAR         0000399             3U000000000000000000000000 --> 4 Sin Modificación
01006301001TURRON SURTIDO           0001899             3W000000000000000000000000 --> 4 Sin Modificación
01008140001EMPERADOR 1KG            0000699             3U000000000000000000000000 --> 4 Sin Modificación
01008141001BOCADITOS DE CHOCO       0000450             3U000000000000000000000000 --> 4 Sin Modificación
01000409001*CARRILLADA IBERICA      0001399             3W000000000000000000000000 --> 4 Sin Modificación
01008142001SALTEADO VERDURA QUINOA  0000249             4U000000000000000000000000 --> 4 Sin Modificación
01000586001QUESO AL CORTE           0000999             4W000000000000000000000000 --> 4 Sin Modificación
01000587001QUESO FRESCO ABUELO CABRA0000799             4U000000000000000000000000 --> 4 Sin Modificación
01006785001MAGDALENAS HERREA        0000125             3U000000000000000000000000 --> 4 Sin Modificación
01006044001HUEVOS CODORNIZ          0000109             4U000000000000000000000000 --> 4 Sin Modificación
010080910010                        0000089             4U000000000000000000000000 --> 4 Sin Modificación
01000515001QUESO OVEJA ARTESA LOS MO0001610             4W000000000000000000000000 --> 4 Sin Modificación
01000516001QUESO PATRICIO MEZCLA( QU0000699             4W000000000000000000000000 --> 4 Sin Modificación
01000520001000000                   0001050             4W000000000000000000000000 --> 4 Sin Modificación
01000524001MINI CABRA VIEJO MAESTRO 0001499             4W000000000000000000000000 --> 4 Sin Modificación
01000509001PECHUGA POLLO EMPANADA   0000650             3W000000000000000000000000 --> 4 Sin Modificación
01000510001LONGANIZA FRESCA POLLO   0000650             3W000000000000000000000000 --> 4 Sin Modificación
01000511001BURGER MEAT POLLO        0000650             3W000000000000000000000000 --> 4 Sin Modificación
01009000001MORCILLA NEGRA           0000499             3W000000000000000000000000 --> 4 Sin Modificación
01006546001CARBON 3K                0000275             2U000000000000000000000000 --> 4 Sin Modificación
01000115001CABEZA DE CORDERO        0000150             3U000000000000000000000000 --> 4 Sin Modificación
01000359001REDONDO DE CERDO         0000580             3W000000000000000000000000 --> 4 Sin Modificación
01005061001ALBARICOQUE              0000200             4W000000000000000000000000 --> 4 Sin Modificación
01005062001MELON GALIA              0000140             4W000000000000000000000000 --> 4 Sin Modificación
01000633001QUESO BARRA LONCHEADO SIN0001150             4W000000000000000000000000 --> 4 Sin Modificación
01006569001YOGUR DUO SVELTESSE      0000135             3U000000000000000000000000 --> 4 Sin Modificación
01006513001KIT KAT AZUCARADO 2X115G 0000100             3U000000000000000000000000 --> 4 Sin Modificación
01000634001QUESO BARRA 3,3 KG HOST A0000699             4W000000000000000000000000 --> 4 Sin Modificación
01006563001PAN RUSTICO CEREALIA     0000205             3U000000000000000000000000 --> 4 Sin Modificación
01006564001FINISIMOS CEREALES       0000105             3U000000000000000000000000 --> 4 Sin Modificación
01006565001HOT-DOG PANRICO          0000135             3U000000000000000000000000 --> 4 Sin Modificación
01006566001LAZOS DE HOJALDRE-BLANCO 0000100             3U000000000000000000000000 --> 4 Sin Modificación
01006571001NATA SPRAY RENY          0000180             3U000000000000000000000000 --> 4 Sin Modificación
01006567001GALLETAS DE COCO O INT   0000100             3U000000000000000000000000 --> 4 Sin Modificación
01006568001BRAZOS DE AZUCAR MELS    0000100             3U000000000000000000000000 --> 4 Sin Modificación
01006572001NESCAFE CORTADO          0000075             3U000000000000000000000000 --> 4 Sin Modificación
01006556001HIELO                    0000100             3U000000000000000000000000 --> 4 Sin Modificación
01006558001PAN DE MOLDE ORTIZ       0000100             3U000000000000000000000000 --> 4 Sin Modificación
01006559001PAN DE MOLDE INTEGRAl ORT0000110             3U000000000000000000000000 --> 4 Sin Modificación
01008259001GAMBA COLA PEIX 26 2     0000000             3U000000000000000000000000 --> 4 Sin Modificación
01006561001DONUTS BOMBON PACK-4     0000150             3U000000000000000000000000 --> 4 Sin Modificación
01000014001LOTE FIAMBRE             0000200             3U000000000000000000000000 --> 4 Sin Modificación
01006573001FRUTOS SECOS REYES 2€    0000200             3U000000000000000000000000 --> 4 Sin Modificación
01006562001DONUTS PACK-4            0000150             3U000000000000000000000000 --> 4 Sin Modificación
01008246001BACALAO 60-80 CURADO     0000899             3W000000000000000000000000 --> 4 Sin Modificación
01006541001SULTANA DULCE SAN ANTONIO0000349             3U000000000000000000000000 --> 4 Sin Modificación
010006700010                        0000549             4W000000000000000000000000 --> 4 Sin Modificación
01000671001QUESO OVEJA PUENTE MAYOR 0000899             4W000000000000000000000000 --> 4 Sin Modificación
01000362001CHULETA SAJONIA          0000550             3W000000000000000000000000 --> 4 Sin Modificación
01009083001OREJAS DE CERDO EN ADOBO 0000299             3U000000000000000000000000 --> 4 Sin Modificación
01009084001OREJAS DE CERDO EN ADOBO 0000849             3U000000000000000000000000 --> 4 Sin Modificación
01000360001CUELLO COSTILLA          0000399             3W000000000000000000000000 --> 4 Sin Modificación
01000672001POLLO DESHUESADO         0000350             3W000000000000000000000000 --> 4 Sin Modificación
01006542001DORMIDOS DE ALMENDRA O CA0000699             3U000000000000000000000000 --> 4 Sin Modificación
01000635001POLLO PICANTON ( S/M 8 GR0000299             3W000000000000000000000000 --> 4 Sin Modificación
01006543001PAÑUELOS SAN ANTONIO CHOC0000349             3U000000000000000000000000 --> 4 Sin Modificación
010006360010                        0001199             4W000000000000000000000000 --> 4 Sin Modificación
01000637001PECHUGA DE POLLO AL AJILL0000469             3W000000000000000000000000 --> 4 Sin Modificación
01000236001LOMO TERNERA CONGELADO   0000000             3W000000000000000000000000 --> 4 Sin Modificación
01007061001SAZONADOR PAELLA         0000145             3U000000000000000000000000 --> 4 Sin Modificación
01007062001PIMIENTA CINCO LA BARRACA0000200             3U000000000000000000000000 --> 4 Sin Modificación
010065250010                        0000250             3U000000000000000000000000 --> 4 Sin Modificación
01041012001JAMON SIERRA MAGACELA C/P0006999             3U000000000000000000000000 --> 4 Sin Modificación
01005053001MANZANA PEQUEÑA          0000160             4W000000000000000000000000 --> 4 Sin Modificación
01000667001QUESO OVEJA CURADO MANTEC0001499             4W000000000000000000000000 --> 4 Sin Modificación
01006557001YOGUR CON FRUTA LA LECHER0000110             3U000000000000000000000000 --> 4 Sin Modificación
010006290010                        0000000             4W000000000000000000000000 --> 4 Sin Modificación
01005057001CHAMPIÑON FRESCO         0000325             4W000000000000000000000000 --> 4 Sin Modificación
01006514001LENTEJA PARDINA 15KG     0000210             4W000000000000000000000000 --> 4 Sin Modificación
01009092001SALCHICHAS IBERICAS CON T0000599             3W000000000000000000000000 --> 4 Sin Modificación
01009093001MORTADELA DE  PAVO AL COR0000699             3W000000000000000000000000 --> 4 Sin Modificación
01000017001LOTE CAFE                0000000             3U000000000000000000000000 --> 4 Sin Modificación
01006552001CASTAÑAS SECAS-ESPECIAL G0001549             4W000000000000000000000000 --> 4 Sin Modificación
01005054001ESPARRAGOS FRESCOS       0000250             4U000000000000000000000000 --> 4 Sin Modificación
01005055001GUINDAS VERDES(PIM.ITALIA0000210             4W000000000000000000000000 --> 4 Sin Modificación
01005056001GUINDAS ROJAS (PIM.ITALIA0000125             4W000000000000000000000000 --> 4 Sin Modificación
010006380010                        0000000             4U000000000000000000000000 --> 4 Sin Modificación
010006680010                        0001299             4W000000000000000000000000 --> 4 Sin Modificación
01009091001PAVO TRUFADO CON PISTACHO0000899             3W000000000000000000000000 --> 4 Sin Modificación
01000436001SECRETO IBERICO (2º)     0000000             3W000000000000000000000000 --> 4 Sin Modificación
01009015001*LOMO 1/2 CEBO IB. 50% RA0002999             3W000000000000000000000000 --> 4 Sin Modificación
01009030001*LOMO BELLOTA IBE 50% RAZ0003299             3W000000000000000000000000 --> 4 Sin Modificación
01009031001PECHUGA PAVO S/G R/SAL 850000100             3U000000000000000000000000 --> 4 Sin Modificación
01009012001MOLLEJAS EN SALSA CONGELA0000699             3W000000000000000000000000 --> 4 Sin Modificación
01009014001RABO CERDO EN SALSA CONGE0000699             3W000000000000000000000000 --> 4 Sin Modificación
01009016001OREJA EN SALSA CONGELADA 0000699             3W000000000000000000000000 --> 4 Sin Modificación
01009018001CARNE EN SALSA CONGELADA 0000699             3W000000000000000000000000 --> 4 Sin Modificación
01009019001PECHUGA DE PAVO BRASEADA 0000899             3W000000000000000000000000 --> 4 Sin Modificación
01009020001CHORIZO PAMPLONA ARGAL AL0001050             3W000000000000000000000000 --> 4 Sin Modificación
010090210010                        0000100             3U000000000000000000000000 --> 4 Sin Modificación
01006538001ROSCA FRITA DULCE SAN ANT0000229             3U000000000000000000000000 --> 4 Sin Modificación
01006539001GALLETAS DULCES SAN ANTON0000225             3U000000000000000000000000 --> 4 Sin Modificación
01006540001CHOPPED VERDURA SIN LACTO0000799             3W000000000000000000000000 --> 4 Sin Modificación
01006575001PIMENTON PICANTE LATA 1000000219             3U000000000000000000000000 --> 4 Sin Modificación
01009085001OREJAS DE CERDO COCIDA 500000299             3U000000000000000000000000 --> 4 Sin Modificación
01009086001OREJAS DE CERDO COCIDA 1,0000849             3U000000000000000000000000 --> 4 Sin Modificación
01006555001PAN MOLDE CEREALES       0000225             3U000000000000000000000000 --> 4 Sin Modificación
01009088001*LOMO 1/2 CEBO IB. 50%RAZ0002999             3W000000000000000000000000 --> 4 Sin Modificación
01006583001MINI CRACKER GULLON      0000100             3U000000000000000000000000 --> 4 Sin Modificación
01006584001PHOSQUITOS               0000050             3U000000000000000000000000 --> 4 Sin Modificación
01006585001BIZCOCHITOS TOSTARICA    0000100             3U000000000000000000000000 --> 4 Sin Modificación
01006591001NAPOLITANAS 1€           0000100             3U000000000000000000000000 --> 4 Sin Modificación
01006586001COCA COLA ZERO  LATA     0000075             2U000000000000000000000000 --> 4 Sin Modificación
010066210010                        0000100             3U000000000000000000000000 --> 4 Sin Modificación
010006740010                        0000249             4U000000000000000000000000 --> 4 Sin Modificación
01006602001VASO NOCILLA DUO         0000219             3U000000000000000000000000 --> 4 Sin Modificación
010066030010                        0000219             3U000000000000000000000000 --> 4 Sin Modificación
01006604001MINI DIGESTIVE CHOCO     0000100             3U000000000000000000000000 --> 4 Sin Modificación
01006605001PIMIENTOS ASADOS SABORALS0000100             3U000000000000000000000000 --> 4 Sin Modificación
01006615001LAZOS CEBRA              0000100             3U000000000000000000000000 --> 4 Sin Modificación
01006616001LAZOS BOMBON             0000100             3U000000000000000000000000 --> 4 Sin Modificación
01008025001PEZ ESPADA FILETE MENU CA0000750             3W000000000000000000000000 --> 4 Sin Modificación
010066220010                        0000125             3U000000000000000000000000 --> 4 Sin Modificación
010080270010                        0000199             3U000000000000000000000000 --> 4 Sin Modificación
01006623001YOGURT CLESA PACK-8      0000180             3U000000000000000000000000 --> 4 Sin Modificación
01000238001OSOBUCO TERNERA          0000699             3W000000000000000000000000 --> 4 Sin Modificación
01008030001COLIFLOR CONGELADA       0000199             4W000000000000000000000000 --> 4 Sin Modificación
010080530010                        0000249             3U000000000000000000000000 --> 4 Sin Modificación
01006617001MAGDALENAS LARG SIN AZUCA0000100             3U000000000000000000000000 --> 4 Sin Modificación
010080560010                        0000269             3U000000000000000000000000 --> 4 Sin Modificación
010080570010                        0000199             3U000000000000000000000000 --> 4 Sin Modificación
01006624001L-CASEI NESTLE           0000149             3U000000000000000000000000 --> 4 Sin Modificación
01006625001BATIDO FRUTTOLO NESTLE   0000185             2U000000000000000000000000 --> 4 Sin Modificación
010604320010                        0000000             3W000000000000000000000000 --> 4 Sin Modificación
01000675001QUESO OVEJA HNOS GALLARDO0000949             4W000000000000000000000000 --> 4 Sin Modificación
01006606001QÉ PALMERA 3 UND         0000150             3U000000000000000000000000 --> 4 Sin Modificación
01006607001POTITOS MI MENÚ DULCESOL 0000149             3U000000000000000000000000 --> 4 Sin Modificación
01006608001CROISSANT BAÑADO CHOCO   0000100             3U000000000000000000000000 --> 4 Sin Modificación
01006609001GALLETA ARTINATA         0000125             3U000000000000000000000000 --> 4 Sin Modificación
01006610001HOJALDRES DE ASTORGA     0000100             3U000000000000000000000000 --> 4 Sin Modificación
01006611001SANDWICH NATA ARLUY      0000100             3U000000000000000000000000 --> 4 Sin Modificación
01006612001COLINES BLANCA PALOMA    0000100             3U000000000000000000000000 --> 4 Sin Modificación
01006589001MAGDALENAS ARTESANAS     0000100             3U000000000000000000000000 --> 4 Sin Modificación
01000676001POLLO EXTRA BLANCO 1,3 KG0000000             3W000000000000000000000000 --> 4 Sin Modificación
01006620001GALLETAS TWINS GULLON    0000100             3U000000000000000000000000 --> 4 Sin Modificación
01009094001PRUEBA CHORIZO CRUZADO   0000000             3W000000000000000000000000 --> 4 Sin Modificación
01009136001PALETA COCIDA REVILLA AL 0000950             3W000000000000000000000000 --> 4 Sin Modificación
01009095001PRUEBA SALCHICHON CRUZADO0000000             3W000000000000000000000000 --> 4 Sin Modificación
01041013001JAMON DE CEBO IBERICO 50%0000000             3U000000000000000000000000 --> 4 Sin Modificación
01006000001PORTES                   0000000             2U000000000000000000000000 --> 4 Sin Modificación
01008059001CONOS SIN LACTOSA        0000249             3U000000000000000000000000 --> 4 Sin Modificación
01000365001SANGRE                   0000100             3U000000000000000000000000 --> 4 Sin Modificación
01000118001CARNE PICADA CORDERO     0001099             3W000000000000000000000000 --> 4 Sin Modificación
01006627001PHOSQUITOS GRU           0000100             3U000000000000000000000000 --> 4 Sin Modificación
01000366001ESPINAZO ADOBADO         0000220             3W000000000000000000000000 --> 4 Sin Modificación
01008248001CROQUETA EXTRA MARISCO CA0000399             3W000000000000000000000000 --> 4 Sin Modificación
010082030010                        0000299             3U000000000000000000000000 --> 4 Sin Modificación
010082490010                        0000499             3W000000000000000000000000 --> 4 Sin Modificación
01006658001YEMAS ABUELA MARIA 6UD   0000175             3U000000000000000000000000 --> 4 Sin Modificación
01006647001MAGDALENAS SIN AZUCAR CAS0000650             3W000000000000000000000000 --> 4 Sin Modificación
01006657001QUESO CURADO LONCHAS NAVI0000100             3U000000000000000000000000 --> 4 Sin Modificación
010066620010                        0000600             3W000000000000000000000000 --> 4 Sin Modificación
01006664001CACHUELA IBERICA 300 GRS 0000170             3U000000000000000000000000 --> 4 Sin Modificación
01006667001GALLETAS ELGORRIAGA      0000100             3U000000000000000000000000 --> 4 Sin Modificación
01006666001CAFE MEZCLA LA ESTRELLA  0000199             3U000000000000000000000000 --> 4 Sin Modificación
01006663001TORTAS HORNO LA ANTIGUA C0000100             3U000000000000000000000000 --> 4 Sin Modificación
01006672001SARDINILLA EXTRA RIGA GOL0000230             3U000000000000000000000000 --> 4 Sin Modificación
01006654001ROSCAS ALMENDRA MEDINA   0000700             3W000000000000000000000000 --> 4 Sin Modificación
01006682001DUO DE MOUSSES           0000110             3U000000000000000000000000 --> 4 Sin Modificación
01006683001CREMA MILKYBAR           0000100             3U000000000000000000000000 --> 4 Sin Modificación
01006684001ARROZ CON LECHE LA LECHER0000110             3U000000000000000000000000 --> 4 Sin Modificación
01009098001LONCHAS DE SANDWICH EDAM 0000499             4U000000000000000000000000 --> 4 Sin Modificación
01006670001SURTIDO WAFER MIX FLORBÚ 0000220             3U000000000000000000000000 --> 4 Sin Modificación
01006692001DONUTS HALLOWEEN         0000100             3U000000000000000000000000 --> 4 Sin Modificación
01008250001SAN JACOBOS KG           0000299             3W000000000000000000000000 --> 4 Sin Modificación
01007070001TRIPA FIBRAS CARNICAS FIB0000000             3U000000000000000000000000 --> 4 Sin Modificación
01007071001TRIPA FIBRAS CARNICAS FIB0000000             3U000000000000000000000000 --> 4 Sin Modificación
010066850010                        0000185             2U000000000000000000000000 --> 4 Sin Modificación
010066860010                        0000185             2U000000000000000000000000 --> 4 Sin Modificación
010066680010                        0000100             3U000000000000000000000000 --> 4 Sin Modificación
01006200001CHOCOLATE NESTLE E.150GC 0000100             3U000000000000000000000000 --> 4 Sin Modificación
01006201001CHOCOLA.NESTLE 150G.LEC/A0000165             3U000000000000000000000000 --> 4 Sin Modificación
010062020010                        0000199             3U000000000000000000000000 --> 4 Sin Modificación
01006204001PISTO MANCHEGO SABOR EXT 0000249             3U000000000000000000000000 --> 4 Sin Modificación
01006205001SURTIDO DE CREMA         0000349             3U000000000000000000000000 --> 4 Sin Modificación
01006209001NESTEA S/AZUCAR LATA 33ML0000089             2U000000000000000000000000 --> 4 Sin Modificación
01006211001PATE SABOR EXTREMEÑO     0000235             3U000000000000000000000000 --> 4 Sin Modificación
010062120010                        0000169             3U000000000000000000000000 --> 4 Sin Modificación
01006213001MANTECADOS ALMENDRA BAÑAD0000850             3W000000000000000000000000 --> 4 Sin Modificación
01006215001PIÑA ROD S/JUGO LATA 1K  0000225             3U000000000000000000000000 --> 4 Sin Modificación
01006216001CABALLA DEL SUR AC. VEGE 0000199             3U000000000000000000000000 --> 4 Sin Modificación
01006217001SARDINILLA JARRY 3ud     0000250             3U000000000000000000000000 --> 4 Sin Modificación
01006218001MELOCOTON EN ALM. CONSEMU0000130             3U000000000000000000000000 --> 4 Sin Modificación
01006221001BIZCOCHO SOLETILLA LA FI 0000120             3U000000000000000000000000 --> 4 Sin Modificación
01006222001FLANIN                   0000135             3U000000000000000000000000 --> 4 Sin Modificación
01006223001ALTRAMUCES TARRO 1K      0000235             3U000000000000000000000000 --> 4 Sin Modificación
01006224001AZAFRAN                  0000140             3U000000000000000000000000 --> 4 Sin Modificación
01006225001ESTUCHE VARIOS BOLLERIA  0000100             3U000000000000000000000000 --> 4 Sin Modificación
01006226001BIZCOCHO SANCHO PANZA 5000000169             3U000000000000000000000000 --> 4 Sin Modificación
01006227001CALDO DE POLLO G. BLANCA 0000170             3U000000000000000000000000 --> 4 Sin Modificación
01006228001REJAS DE CHOCOLATE DULCE 0000349             3U000000000000000000000000 --> 4 Sin Modificación
01060305001IBERITOS SANDWICHERAS MIN0000329             3U000000000000000000000000 --> 4 Sin Modificación
01006229001ALTRAMUCES CRISTAL 600G  0000129             3U000000000000000000000000 --> 4 Sin Modificación
01000403001PALETA IBERICA (ENT. MATA0000500             3W000000000000000000000000 --> 4 Sin Modificación
01006312001PASTAS CASERAS DULCES SAN0000399             3U000000000000000000000000 --> 4 Sin Modificación
01000553001PECHUGA POLLO C/HUESO    0000350             3W000000000000000000000000 --> 4 Sin Modificación
01008200001PESCADITO                0000149             3U000000000000000000000000 --> 4 Sin Modificación
01006317001PIMIENTA NEGRA MOLIDA  (M0000990             3W000000000000000000000000 --> 4 Sin Modificación
010006090010                        0000989             4W000000000000000000000000 --> 4 Sin Modificación
010006100010                        0000549             4U000000000000000000000000 --> 4 Sin Modificación
01000606001QUESO OVEJA FLOR EN CUÑA 0001099             4W000000000000000000000000 --> 4 Sin Modificación
01000608001QUESO OVEJA VIEJO PATRICI0000999             4W000000000000000000000000 --> 4 Sin Modificación
010006050010                        0000000             4U000000000000000000000000 --> 4 Sin Modificación
01009059001SALAMI EXTRA MORAN       0000399             3W000000000000000000000000 --> 4 Sin Modificación
01006334001ACEITUNAS SEVILLANA 700GR0000280             3U000000000000000000000000 --> 4 Sin Modificación
010081490010                        0000089             3U000000000000000000000000 --> 4 Sin Modificación
01006028001BARQUILLO INTEGRAL CHOCO 0000594             3U000000000000000000000000 --> 4 Sin Modificación
01009060001PECHUGA PAVO S/G SIN ALER0000899             3W000000000000000000000000 --> 4 Sin Modificación
01006322001SURTIDO ACEIT. JARRY (BAR0000225             3U000000000000000000000000 --> 4 Sin Modificación
01006321001TRIPA COLEX R-24 15M     0000280             3U000000000000000000000000 --> 4 Sin Modificación
01006335001ACEITUNAS MACHADAS 700GR.0000290             3U000000000000000000000000 --> 4 Sin Modificación
01000421001*LOMO IBERICO FRESCO(CON 0000000             3W000000000000000000000000 --> 4 Sin Modificación
01000346001CRIADILLAS DE CERDO      0000199             3W000000000000000000000000 --> 4 Sin Modificación
01060041001MINI PAN HAMBURGUESA     0000100             3U000000000000000000000000 --> 4 Sin Modificación
01006712001DALKY FRESA              0000150             3U000000000000000000000000 --> 4 Sin Modificación
01006713001DALKY CHOCOLATE          0000150             3U000000000000000000000000 --> 4 Sin Modificación
01006714001DALKY VAINILLA-CARAMELO  0000150             3U000000000000000000000000 --> 4 Sin Modificación
01006715001NATILLAS CON GALLETA     0000159             3U000000000000000000000000 --> 4 Sin Modificación
010066970010                        0000120             3U000000000000000000000000 --> 4 Sin Modificación
01006716001MOUSSE CRUJIENTE NARANJA 0000150             3U000000000000000000000000 --> 4 Sin Modificación
01007072001TRIPA FIBRAS CARNICAS FIB0000000             3U000000000000000000000000 --> 4 Sin Modificación
01007073001TRIPA FIBRAS CARNICAS FIB0000000             3U000000000000000000000000 --> 4 Sin Modificación
01006706001LAZOS MOUSSE CODAN       0000100             3U000000000000000000000000 --> 4 Sin Modificación
01006717001CREMA CRUJIENTE DE VAINIL0000150             3U000000000000000000000000 --> 4 Sin Modificación
01006669001ENSALADA PIMIENTO JARRY L0000209             3U000000000000000000000000 --> 4 Sin Modificación
01006725001ALMENDRA RELLENA         0000100             3U000000000000000000000000 --> 4 Sin Modificación
010067260010                        0000100             3U000000000000000000000000 --> 4 Sin Modificación
01006648001CAFE CAPPUCHINO LANDESSA 0000100             3U000000000000000000000000 --> 4 Sin Modificación
01006629001PISTACHOS VERDE GIG EAGLE0000229             3U000000000000000000000000 --> 4 Sin Modificación
01009099001LOMO DE BELLOTA 100% RAZA0005990             3W000000000000000000000000 --> 4 Sin Modificación
010067070010                        0000100             3U000000000000000000000000 --> 4 Sin Modificación
01006708001SURTIDO DE PASTAS CASADO 0000100             3U000000000000000000000000 --> 4 Sin Modificación
010067090010                        0000100             3U000000000000000000000000 --> 4 Sin Modificación
01006659001CHOCO CHIPS GULLON       0000100             3U000000000000000000000000 --> 4 Sin Modificación
010066600010                        0000130             3U000000000000000000000000 --> 4 Sin Modificación
010066950010                        0000150             3U000000000000000000000000 --> 4 Sin Modificación
010066610010                        0000100             3U000000000000000000000000 --> 4 Sin Modificación
01006710001BRACITOS TRUFA DULCESOL  0000100             3U000000000000000000000000 --> 4 Sin Modificación
01006711001BOER CHOCOLATE CASADO    0000100             3U000000000000000000000000 --> 4 Sin Modificación
01000437001BOLA BELLOTA IBERICA     0000875             3W000000000000000000000000 --> 4 Sin Modificación
01006673001CHOCOLATE MILKA BUBBLY   0000100             3U000000000000000000000000 --> 4 Sin Modificación
01006674001CHOCOLATE MILKA COLLAGE  0000100             3U000000000000000000000000 --> 4 Sin Modificación
01006675001CHOCOLATE MILKA LU       0000100             3U000000000000000000000000 --> 4 Sin Modificación
01006676001CHOCOLATE MILKA TUC      0000100             3U000000000000000000000000 --> 4 Sin Modificación
01006677001CHOCOLAYE MILKA TRIPLE   0000100             3U000000000000000000000000 --> 4 Sin Modificación
01006678001CHOCOLATE MILKA TRIPLE CH0000100             3U000000000000000000000000 --> 4 Sin Modificación
01006679001CHOCOLATE MILKA BLANCO   0000100             3U000000000000000000000000 --> 4 Sin Modificación
01006680001CHOCOLATE MILKA CARAMELO 0000100             3U000000000000000000000000 --> 4 Sin Modificación
010066960010                        0000150             3U000000000000000000000000 --> 4 Sin Modificación
01006681001CHOCOLATE MILKA FRUTOS SE0000100             3U000000000000000000000000 --> 4 Sin Modificación
01006688001CHOCOLATE MILKA AVELLANAS0000100             3U000000000000000000000000 --> 4 Sin Modificación
01006689001CHOCOLATE MILKA OREO     0000100             3U000000000000000000000000 --> 4 Sin Modificación
01006690001CHOCOLATE MILKA AHOY     0000100             3U000000000000000000000000 --> 4 Sin Modificación
010006920010                        0000599             4W000000000000000000000000 --> 4 Sin Modificación
01000529001MUSLO DE POLLO DESH. AL A0000499             3W000000000000000000000000 --> 4 Sin Modificación
01031002001TACOS JAMON GRAN RESERVA 0001999             3W000000000000000000000000 --> 4 Sin Modificación
010066280010                        0000179             3U000000000000000000000000 --> 4 Sin Modificación
01006630001COCKTAIL DORADO EAGLE    0000149             3U000000000000000000000000 --> 4 Sin Modificación
01006691001YOGUR CRECIMIENTO        0000099             3U000000000000000000000000 --> 4 Sin Modificación
010066870010                        0000125             3U000000000000000000000000 --> 4 Sin Modificación
01006703001BUÑUELOS DE VIENTO       0001250             3W000000000000000000000000 --> 4 Sin Modificación
01006631001CACAHUETE HOT EAGLE      0000100             3U000000000000000000000000 --> 4 Sin Modificación
010006770010                        0000899             4W000000000000000000000000 --> 4 Sin Modificación
010006780010                        0001050             4W000000000000000000000000 --> 4 Sin Modificación
01006720001PASTAS DE COCO           0000650             3W000000000000000000000000 --> 4 Sin Modificación
01008251001FILETE DE LIMANDA 5/7    0000000             3U000000000000000000000000 --> 4 Sin Modificación
01006632001CACAHUETES MIEL EAGLE    0000100             3U000000000000000000000000 --> 4 Sin Modificación
01006633001CACAHUETE BARBACOA EAGLE 0000100             3U000000000000000000000000 --> 4 Sin Modificación
01006634001ANACARDOS VERDE GIG EAGLE0000200             3U000000000000000000000000 --> 4 Sin Modificación
01006635001PALOMITAS MICRO MANTEQUIL0000100             3U000000000000000000000000 --> 4 Sin Modificación
01006636001PALOMITAS SAL EAGLE      0000100             3U000000000000000000000000 --> 4 Sin Modificación
010006790010                        0000899             4W000000000000000000000000 --> 4 Sin Modificación
01006637001SNACK DE PIPAS           0000100             3U000000000000000000000000 --> 4 Sin Modificación
010006800010                        0000699             4W000000000000000000000000 --> 4 Sin Modificación
010006810010                        0000799             4W000000000000000000000000 --> 4 Sin Modificación
01006638001SNACK CON CACAHUETES     0000100             3U000000000000000000000000 --> 4 Sin Modificación
01006639001SNACK CON QUESO          0000100             3U000000000000000000000000 --> 4 Sin Modificación
010006820010                        0000799             4W000000000000000000000000 --> 4 Sin Modificación
010006830010                        0000100             4U000000000000000000000000 --> 4 Sin Modificación
010006890010                        0000699             4W000000000000000000000000 --> 4 Sin Modificación
010006840010                        0000100             4U000000000000000000000000 --> 4 Sin Modificación
01060458001BIMBO CANAPES 36 REBANADA0000199             3U000000000000000000000000 --> 4 Sin Modificación
01009101001CACHUELA IBERICA 1 KG    0000000             3U000000000000000000000000 --> 4 Sin Modificación
01006649001PECHUGA PAVO VUELTA Y VUE0000250             3U000000000000000000000000 --> 4 Sin Modificación
01000685001RULO CABRA 100G CON PAPAY0000149             4U000000000000000000000000 --> 4 Sin Modificación
01006640001SNACK INTEGRAL           0000100             3U000000000000000000000000 --> 4 Sin Modificación
01006653001BEICON ENTERO            0000649             3W000000000000000000000000 --> 4 Sin Modificación
010006860010                        0000149             4U000000000000000000000000 --> 4 Sin Modificación
01000687001RULO CABRA 100 G CON BOLE0000149             4U000000000000000000000000 --> 4 Sin Modificación
01006641001TAKIS                    0000100             3U000000000000000000000000 --> 4 Sin Modificación
010066420010                        0000100             3U000000000000000000000000 --> 4 Sin Modificación
010006880010                        0000899             4W000000000000000000000000 --> 4 Sin Modificación
010066430010                        0000100             3U000000000000000000000000 --> 4 Sin Modificación
010066440010                        0000100             3U000000000000000000000000 --> 4 Sin Modificación
01009096001CHORIZO IBERICO CULAR PIC0001199             3W000000000000000000000000 --> 4 Sin Modificación
01006665001CREMA CRUJIENTE NESTLE   0000110             3U000000000000000000000000 --> 4 Sin Modificación
01006650001FILIPINOS NEGROS         0000100             3U000000000000000000000000 --> 4 Sin Modificación
01006331001HUEVOS L RUBIO GRANEL    0000135             4U000000000000000000000000 --> 4 Sin Modificación
01000347001GRASAS                   0000000             3W000000000000000000000000 --> 4 Sin Modificación
01006029001LARG AROMA VERDE GIG     0000544             3U000000000000000000000000 --> 4 Sin Modificación
010081500010                        0000089             3U000000000000000000000000 --> 4 Sin Modificación
01006336001ACEITUNA GASPACHA 700GRS 0000330             3U000000000000000000000000 --> 4 Sin Modificación
010081520010                        0000175             3U000000000000000000000000 --> 4 Sin Modificación
010081530010                        0000175             3U000000000000000000000000 --> 4 Sin Modificación
010081540010                        0000175             3U000000000000000000000000 --> 4 Sin Modificación
010081550010                        0000175             3U000000000000000000000000 --> 4 Sin Modificación
01008156001GRAN BOMBON BLACK COOKIES0000239             3U000000000000000000000000 --> 4 Sin Modificación
010081570010                        0000175             3U000000000000000000000000 --> 4 Sin Modificación
010081580010                        0000175             3U000000000000000000000000 --> 4 Sin Modificación
01008159001CONO NATA CHOCOLATE 4UD  0000179             3U000000000000000000000000 --> 4 Sin Modificación
010081600010                        0000159             3U000000000000000000000000 --> 4 Sin Modificación
010081610010                        0000159             3U000000000000000000000000 --> 4 Sin Modificación
01008162001BARRA LIMON              0000125             3U000000000000000000000000 --> 4 Sin Modificación
01008163001BARRA NATA FRESA         0000125             3U000000000000000000000000 --> 4 Sin Modificación
01008165001BARRA VAINILLA           0000125             3U000000000000000000000000 --> 4 Sin Modificación
01008166001BARRA TRES GUSTO         0000125             3U000000000000000000000000 --> 4 Sin Modificación
01008167001BARRA NATA CAFÉ          0000125             3U000000000000000000000000 --> 4 Sin Modificación
01008164001BARRA NATA               0000125             3U000000000000000000000000 --> 4 Sin Modificación
01060459001ORTIZ MINITOSTAS RECTA   0000179             3U000000000000000000000000 --> 4 Sin Modificación
01006030001POLVO CH BLANCO ALMEND (V0000890             3W000000000000000000000000 --> 4 Sin Modificación
01006031001CHOCOLATE A LA TAZA      0000249             3U000000000000000000000000 --> 4 Sin Modificación
010063380010                        0000150             3U000000000000000000000000 --> 4 Sin Modificación
01006339001NATILLAS GALLETA 4X115G  0000139             3U000000000000000000000000 --> 4 Sin Modificación
01006340001NATILLAS VAINILLAS 4X115G0000139             3U000000000000000000000000 --> 4 Sin Modificación
01006341001NATILLAS CHCOLATE 4X115G 0000139             3U000000000000000000000000 --> 4 Sin Modificación
01006342001CHOCOLATE NESTLE 4X125G  0000399             3U000000000000000000000000 --> 4 Sin Modificación
01006344001SIMON LIFE NARANJA PACK 40000155             2U000000000000000000000000 --> 4 Sin Modificación
01006345001SIMON LIFE MANDARINA PACK0000155             2U000000000000000000000000 --> 4 Sin Modificación
01006347001MAXI MINI MORTADELA C/ACE0000200             3U000000000000000000000000 --> 4 Sin Modificación
01006354001VINO BLANCO GRAN DUQUE 1L0000095             2U000000000000000000000000 --> 4 Sin Modificación
01000110001CALDERETA CORDERO        0000000             3W000000000000000000000000 --> 4 Sin Modificación
01000422001HIGADO IBERICO           0000281             3W000000000000000000000000 --> 4 Sin Modificación
01007005001HILO BLANCO BOBINA 5/ C O0000180             2U000000000000000000000000 --> 4 Sin Modificación
01006348001SAL CHALUPA COCINA GRUESA0000039             3U000000000000000000000000 --> 4 Sin Modificación
01000423001GRASA IBERICA            0000120             3W000000000000000000000000 --> 4 Sin Modificación
01006349001MAYONESA CALVE CASERA BOT0000189             3U000000000000000000000000 --> 4 Sin Modificación
01006350001ATUN ACTE. RIANXEIRA PACK0000165             3U000000000000000000000000 --> 4 Sin Modificación
01006651001FILIPINOS CHOCO-LECHE    0000100             3U000000000000000000000000 --> 4 Sin Modificación
01006652001FILIPINOS BLANCO         0000100             3U000000000000000000000000 --> 4 Sin Modificación
01000117001MOLLEJAS O LANDRILLA CORD0001200             3W000000000000000000000000 --> 4 Sin Modificación
01006721001CHOCOLATE NESTLE ALMENDRA0000150             3U000000000000000000000000 --> 4 Sin Modificación
01006671001SALCHICHAS COCKTAIL 1KG  0000369             3U000000000000000000000000 --> 4 Sin Modificación
01006722001CHOCOLATE NESTLE ALM. PAC0000399             3U000000000000000000000000 --> 4 Sin Modificación
01006700001PAN BIMBO SIN CORTEZA    0000130             3U000000000000000000000000 --> 4 Sin Modificación
01006698001NESQUICK SNACK           0000110             3U000000000000000000000000 --> 4 Sin Modificación
01006655001QUESO NAVIDUL REDUCIDO   0000100             3U000000000000000000000000 --> 4 Sin Modificación
01006699001MINI CREMA CHOCOLATE NEST0000110             3U000000000000000000000000 --> 4 Sin Modificación
01006656001CREMA AL QUESO CURADO NAV0000100             3U000000000000000000000000 --> 4 Sin Modificación
01000690001CHULETA PAVO AJILLO EXTRA0000699             3W000000000000000000000000 --> 4 Sin Modificación
01006723001MOUSSE SUPREME NESTLE    0000149             3U000000000000000000000000 --> 4 Sin Modificación
01006701001DONUTS PANTERA  RELLENO  0000130             3U000000000000000000000000 --> 4 Sin Modificación
010066450010                        0000000             3U000000000000000000000000 --> 4 Sin Modificación
01006702001MAXI BURGUER BIMBO       0000179             3U000000000000000000000000 --> 4 Sin Modificación
010066460010                        0000100             3U000000000000000000000000 --> 4 Sin Modificación
01006704001CHOCOLATE NESTLE PACK-3  0000270             3U000000000000000000000000 --> 4 Sin Modificación
01006705001CHOCOLATE NESTLE 125GR   0000100             3U000000000000000000000000 --> 4 Sin Modificación
01000239001ENTRAÑA DE TERNERA       0000850             3W000000000000000000000000 --> 4 Sin Modificación
01009097001SALCHICHON VELA          0000000             3W000000000000000000000000 --> 4 Sin Modificación
01000241001VACIO DE TERNERA         0000000             3W000000000000000000000000 --> 4 Sin Modificación
01006719001GALLETAS SIN AZUCAR SAN A0000199             3U000000000000000000000000 --> 4 Sin Modificación
01000368001LAGARTO CRUZADO          0000699             3W000000000000000000000000 --> 4 Sin Modificación
01009100001ELABORACION MANTECA DERRE0000000             3W000000000000000000000000 --> 4 Sin Modificación
01000693001MUSLOS O CONTRAMUSLODE PA0000349             3W000000000000000000000000 --> 4 Sin Modificación
01006728001CREMA CACAO TOP          0000100             3U000000000000000000000000 --> 4 Sin Modificación
010067730010                        0000125             3U000000000000000000000000 --> 4 Sin Modificación
01000242001CARNE PICADA TERNERA     0000699             3W000000000000000000000000 --> 4 Sin Modificación
01006737001MINI-BISCOTES 120 GR     0000099             3U000000000000000000000000 --> 4 Sin Modificación
01006738001MINI-BISCOTES 350 GR     0000225             3U000000000000000000000000 --> 4 Sin Modificación
01006749001MANTECADO DOBLE CANELA   0000550             3W000000000000000000000000 --> 4 Sin Modificación
010006960010                        0000000             4W000000000000000000000000 --> 4 Sin Modificación
010067740010                        0000175             3U000000000000000000000000 --> 4 Sin Modificación
01000694001CREMA DE TORTA DEL CASAR 0000849             4U000000000000000000000000 --> 4 Sin Modificación
01000695001CREMA DE TORTA DEL CASAR 0000299             4U000000000000000000000000 --> 4 Sin Modificación
01005067001BONIATO (BATATA)         0000140             4W000000000000000000000000 --> 4 Sin Modificación
01008260001LANGOSTINO T 20/30 MAURIT0000000             3U000000000000000000000000 --> 4 Sin Modificación
01008261001GAMBA 90/110 B MAGROUK 2 0000000             3U000000000000000000000000 --> 4 Sin Modificación
01006734001CALDO KNORR CARNE CUAD 8 0000130             3U000000000000000000000000 --> 4 Sin Modificación
01008262001VIEIRA GALLEGA M/C UND   0000699             3U000000000000000000000000 --> 4 Sin Modificación
010067300010                        0000890             3U000000000000000000000000 --> 4 Sin Modificación
010067310010                        0000890             3U000000000000000000000000 --> 4 Sin Modificación
01006729001LUNAS CACAO DULCESOL     0000100             3U000000000000000000000000 --> 4 Sin Modificación
010082530010                        0000899             3U000000000000000000000000 --> 4 Sin Modificación
010067320010                        0000890             3U000000000000000000000000 --> 4 Sin Modificación
01007077001TRIPA FIBRAS CARNICAS FIB0000000             3U000000000000000000000000 --> 4 Sin Modificación
01000369001REDONDO CERDO RELLENO    0001650             3W000000000000000000000000 --> 4 Sin Modificación
01000370001SOLOMILLO CERDO RELLENO  0002199             3W000000000000000000000000 --> 4 Sin Modificación
01000119001PIERNA CORDERO RELLENA   0003850             3W000000000000000000000000 --> 4 Sin Modificación
01006739001POLVORON ALMENDRA VEGA   0000850             3W000000000000000000000000 --> 4 Sin Modificación
01007001001TRIPA CERDO MORCILLA N/G 0000420             3U000000000000000000000000 --> 4 Sin Modificación
01007002001TRIPA BUEY SALADA 36/38 30000000             3W000000000000000000000000 --> 4 Sin Modificación
01007003001TRIPA BUEY SALADA 38/40 20000649             3U000000000000000000000000 --> 4 Sin Modificación
01000418001*ABANICO IBERICO         0001450             3W000000000000000000000000 --> 4 Sin Modificación
01008029001MENESTRA CONGELADA       0000218             4U000000000000000000000000 --> 4 Sin Modificación
01000419001*LAGARTO IBERICO         0001799             3W000000000000000000000000 --> 4 Sin Modificación
01000401001*MAGRO IBERICO           0000699             3W000000000000000000000000 --> 4 Sin Modificación
01000411001*LOMO IBERICO (CINTA - MA0001499             3W000000000000000000000000 --> 4 Sin Modificación
01009041001PECHUGA DE PAVO AL CORTE 0000899             3W000000000000000000000000 --> 4 Sin Modificación
01000530001QUESO PORTUGUES KG       0000949             4W000000000000000000000000 --> 4 Sin Modificación
01009065001MAGRETA ADOBADA          0000499             3W000000000000000000000000 --> 4 Sin Modificación
01006587001MINI DINOSAURUS          0000100             3U000000000000000000000000 --> 4 Sin Modificación
01000607001QUESO ESPLIEGO VACA OVEJA0000599             4W000000000000000000000000 --> 4 Sin Modificación
01000345001COCIDO                   0000399             3W000000000000000000000000 --> 4 Sin Modificación
01000201001DELANTERO TERNERA (CARNE 0000799             3W000000000000000000000000 --> 4 Sin Modificación
01000202001TRASERO TERNERA          0000000             3U000000000000000000000000 --> 4 Sin Modificación
01000203001BOLA TERNERA             0000677             3W000000000000000000000000 --> 4 Sin Modificación
01000204001FALDA TERNERA            0000478             3W000000000000000000000000 --> 4 Sin Modificación
01041009001JAMON DE CEBO IBERICO 50%0003499             3W000000000000000000000000 --> 4 Sin Modificación
01008368001ROSCA POLLO, BEICON Y ALI0000449             3U000000000000000000000000 --> 4 Sin Modificación
01008369001ROSCA IBERICA CONG       0000449             3U000000000000000000000000 --> 4 Sin Modificación
010063290010                        0000650             3U000000000000000000000000 --> 4 Sin Modificación
01000200001CANAL TERNERA            0000000             3W000000000000000000000000 --> 4 Sin Modificación
01000312001PANCETA CERDO            0000499             3W000000000000000000000000 --> 4 Sin Modificación
01000230001LLANA FINA DE TERNERA    0000599             3W000000000000000000000000 --> 4 Sin Modificación
01000205001CHULETERO S/ SOLOMILLO S/0001158             3U000000000000000000000000 --> 4 Sin Modificación
01006302001ESPECIAS                 0000085             3U000000000000000000000000 --> 4 Sin Modificación
01000612001PAVO EXTRA EVISCERADO  (P0000399             3W000000000000000000000000 --> 4 Sin Modificación
01000231001CHULETERO C/SOLO S/R     0001322             3W000000000000000000000000 --> 4 Sin Modificación
010065190010                        0000100             3U000000000000000000000000 --> 4 Sin Modificación
01008336001CALAMAR LIMPIO EXTRA     0000699             3W000000000000000000000000 --> 4 Sin Modificación
01000669001QUESO MEZCLA CERRATO     0000599             4W000000000000000000000000 --> 4 Sin Modificación
01009090001LOMO BELLOTA IBE 50%RAZA 0003599             3W000000000000000000000000 --> 4 Sin Modificación
010006300010                        0000000             4W000000000000000000000000 --> 4 Sin Modificación
01008116001TRONQUITO MERLUZA BOLSA 80000349             3U000000000000000000000000 --> 4 Sin Modificación
01000321001CAÑA LOMO CRUZADO MATANZA0000399             3W000000000000000000000000 --> 4 Sin Modificación
01008145001BACALAO 40/60 C/10KG     0000000             3U000000000000000000000000 --> 4 Sin Modificación
01008143001BACALAO DESMIGAO C/5KG   0000000             3W000000000000000000000000 --> 4 Sin Modificación
01006045001BARRIGUERA ADOBADA       0000599             3W000000000000000000000000 --> 4 Sin Modificación
01009063001CHOPPED DE CANGREJO(DELIC0000999             3W000000000000000000000000 --> 4 Sin Modificación
01006899001SARDINILLAS ACEITE RR-90 0000089             3U000000000000000000000000 --> 4 Sin Modificación
01006330001CERVEZA AMSTEL LATA FRIA 0000080             2U000000000000000000000000 --> 4 Sin Modificación
01002018001DESCUENTO ENVIO (5%)     0000000             3U000000000000000000000000 --> 4 Sin Modificación
01009062001CODILLO ASADO EN SU JUGO 0000499             3W000000000000000000000000 --> 4 Sin Modificación
01006311001BOLLAS ALMEND DULCES SAN 0000349             3U000000000000000000000000 --> 4 Sin Modificación
01006445001HIERBAS NATURALES LAXANTE0000125             3U000000000000000000000000 --> 4 Sin Modificación
01000344001PRESA CRUZADA            0000699             3W000000000000000000000000 --> 4 Sin Modificación
01006592001NAPOLITAN WAFERS         0000100             3U000000000000000000000000 --> 4 Sin Modificación
010063260010                        0000749             3U000000000000000000000000 --> 4 Sin Modificación
01006588001MAGDALENA CON ARANDANOS  0000700             3W000000000000000000000000 --> 4 Sin Modificación
01008201001CALAMAR TROCEADO         0000449             3U000000000000000000000000 --> 4 Sin Modificación
0100053200100000                    0000000             4W000000000000000000000000 --> 4 Sin Modificación
01008043001BACALAO DESMIGADO S/ES   0000849             3W000000000000000000000000 --> 4 Sin Modificación
01008147001CALAMARES REBOZADO 400G  0000225             3U000000000000000000000000 --> 4 Sin Modificación
01006236001PIMIENTO PIQ. TIRA JARRY 0000119             3U000000000000000000000000 --> 4 Sin Modificación
01000303001CARNE 1ª MATANZAS        0000390             3W000000000000000000000000 --> 4 Sin Modificación
010005330010                        0000000             4W000000000000000000000000 --> 4 Sin Modificación
01006593001OREO GOLDEN              0000100             3U000000000000000000000000 --> 4 Sin Modificación
01000306001CARNE 2ª MANTO MATANZAS  0000390             3W000000000000000000000000 --> 4 Sin Modificación
01000588001QUESFRESCO VACA ABUELO 300000175             4U000000000000000000000000 --> 4 Sin Modificación
01000229001CARRILLADA AÑOJO O TERNER0000799             3W000000000000000000000000 --> 4 Sin Modificación
01006594001OREO CHOCOLATE           0000100             3U000000000000000000000000 --> 4 Sin Modificación
01041010001JAMON DECEBO IBERICO 50% 0000000             3W000000000000000000000000 --> 4 Sin Modificación
01009054001CHORIZO BLANCO AL CORTE  0000699             3W000000000000000000000000 --> 4 Sin Modificación
01009061001CABEZADA LOMO CURADA AL A0001199             3W000000000000000000000000 --> 4 Sin Modificación
01009055001CHORIZO ROJO AL CORTE    0000699             3W000000000000000000000000 --> 4 Sin Modificación
01009056001JAMON COCIDO LONCHEADO 1K0000299             3U000000000000000000000000 --> 4 Sin Modificación
01006315001CHORIZOL MATANZAS        0000330             3U000000000000000000000000 --> 4 Sin Modificación
010065950010                        0000000             3U000000000000000000000000 --> 4 Sin Modificación
01006596001PANDORINO DULCESOL       0000100             3U000000000000000000000000 --> 4 Sin Modificación
01000341001COCHINILLO SIN ADOBAR    0000599             3W000000000000000000000000 --> 4 Sin Modificación
01006599001GALLETAS PRINCESA MINIS  0000100             3U000000000000000000000000 --> 4 Sin Modificación
01000545001CODORNICES FRESCAS       0000125             3U000000000000000000000000 --> 4 Sin Modificación
01006314001COMINO MOLIDOS (MATANZAS)0000799             3W000000000000000000000000 --> 4 Sin Modificación
01000546001CONEJO CONGELADO         0000499             3W000000000000000000000000 --> 4 Sin Modificación
01000416001*COSTILLA IBERICA (C/C)  0000399             3W000000000000000000000000 --> 4 Sin Modificación
01006309001EMPANAD. CABELLO MEDINA  0000599             3U000000000000000000000000 --> 4 Sin Modificación
01006597001TRIANGULO QÉ             0000100             3U000000000000000000000000 --> 4 Sin Modificación
01008372001SEPIA 2/4 MEDIANA GRANEL 0000699             3W000000000000000000000000 --> 4 Sin Modificación
01000313001LENGUA CERDO O IBER      0000360             3W000000000000000000000000 --> 4 Sin Modificación
01006313001EMPANAD.ALMENDRA MEDINA  0000699             3U000000000000000000000000 --> 4 Sin Modificación
01006308001EMPANAD.ALMENDRA SAN ANTO0000699             3U000000000000000000000000 --> 4 Sin Modificación
01006310001EMPANADILLA CALABAZA MEDI0000650             3U000000000000000000000000 --> 4 Sin Modificación
01008148001FILETE DE HALIBUT        0000399             3U000000000000000000000000 --> 4 Sin Modificación
01000307001GORDURA MATANZAS         0000199             3W000000000000000000000000 --> 4 Sin Modificación
01009148001*LOMO DE BELLOTA IBERICO 0003299             3W000000000000000000000000 --> 4 Sin Modificación
010004020010000000000               0000850             3W000000000000000000000000 --> 4 Sin Modificación
01031007001LONCHEADO JAMON G.RVA VAC0001799             3W000000000000000000000000 --> 4 Sin Modificación
01008102001MEJILLON CARNE G 80/100 L0000850             3W000000000000000000000000 --> 4 Sin Modificación
01006324001LECHE CONDENSADA LA LECHE0000215             3U000000000000000000000000 --> 4 Sin Modificación
01006613001BURGER MEAT ESPINACA     0000599             3W000000000000000000000000 --> 4 Sin Modificación
01005011001SACO NARANJA 5KG         0000250             4U000000000000000000000000 --> 4 Sin Modificación
01005012001PATATAS SACO 10 KG       0000499             4U000000000000000000000000 --> 4 Sin Modificación
01006469001CERVEZA EMDBRAU 1L (6188)0000120             2U000000000000000000000000 --> 4 Sin Modificación
01000315001MORRO SIN OREJA          0000299             3W000000000000000000000000 --> 4 Sin Modificación
01006258001AGUJAS ACEIT. GIR JARRY  0000349             3U000000000000000000000000 --> 4 Sin Modificación
01006245001CHICHARRILLOS JARRY      0000279             3U000000000000000000000000 --> 4 Sin Modificación
01000618001PATA DE POLLOS           0000199             3W000000000000000000000000 --> 4 Sin Modificación
01009113001CROQUETAS POLLO Y JAMON E0000869             3W000000000000000000000000 --> 4 Sin Modificación
01006473001PALMERA                  0000100             3U000000000000000000000000 --> 4 Sin Modificación
01006598001CHAPELA DULCESOL         0000100             3U000000000000000000000000 --> 4 Sin Modificación
010082270010                        0000249             3U000000000000000000000000 --> 4 Sin Modificación
01006474001MAGDALENAS MINI          0000118             3U000000000000000000000000 --> 4 Sin Modificación
01005015001ACELGAS                  0000100             4W000000000000000000000000 --> 4 Sin Modificación
01005016001LECHUGA PLASTIFICADA     0000210             4U000000000000000000000000 --> 4 Sin Modificación
01005017001PUERROS                  0000170             4W000000000000000000000000 --> 4 Sin Modificación
01006618001CERVEZA SAN MIGUEL ESP.LA0000045             2U000000000000000000000000 --> 4 Sin Modificación
01006475001BIZCOCHO SABORES CHAMPAND0000200             3U000000000000000000000000 --> 4 Sin Modificación
01005018001CEBOLLA NUEVA            0000100             4W000000000000000000000000 --> 4 Sin Modificación
01006476001CIGARRILLO CHOCOLATE     0000100             3U000000000000000000000000 --> 4 Sin Modificación
01006477001R.ALMENDRA S/A           0000795             3W000000000000000000000000 --> 4 Sin Modificación
01006600001BRIO-CHOCO DULCESOL      0000125             3U000000000000000000000000 --> 4 Sin Modificación
01006619001QUESO UNTAR SIN LACTOSA R0000165             3U000000000000000000000000 --> 4 Sin Modificación
01006727001CRUJI-BOM MINI           0000100             3U000000000000000000000000 --> 4 Sin Modificación
01006740001MAZAPAN DE SOTO VEGAL    0001250             3W000000000000000000000000 --> 4 Sin Modificación
01006741001PASTA ALMENDRA VEGAL     0001099             3W000000000000000000000000 --> 4 Sin Modificación
01006742001MARQUESITAS SUP. VEGAL   0001250             3W000000000000000000000000 --> 4 Sin Modificación
01006743001FIGURITA A MANO VEGAL    0001250             3W000000000000000000000000 --> 4 Sin Modificación
01006744001ROCAS ALMENDRA VEGAL     0001299             3W000000000000000000000000 --> 4 Sin Modificación
01006745001TURRON DURO-ORO VEGAL    0001250             3W000000000000000000000000 --> 4 Sin Modificación
01006746001TURRON CHOCOL-ALM VEGAL  0001199             3W000000000000000000000000 --> 4 Sin Modificación
01000390001CARRILLERA CERDO CONGELAD0000000             3W000000000000000000000000 --> 4 Sin Modificación
01000391001BUCHONES CONGELADOS      0000299             3W000000000000000000000000 --> 4 Sin Modificación
01000290001CARRILLERA TERNERA CONGEL0000799             3W000000000000000000000000 --> 4 Sin Modificación
01000291001RABO TERNERA CONGELADO   0000799             3W000000000000000000000000 --> 4 Sin Modificación
01000292001CALLOS TERNERA CONGELADOS0000399             3W000000000000000000000000 --> 4 Sin Modificación
01000293001MORRO TERNERA CONGELADO  0000599             3W000000000000000000000000 --> 4 Sin Modificación
01006747001TURRON SDO. EXTRA VEGAL  0000000             3W000000000000000000000000 --> 4 Sin Modificación
01000697001PATO C/M CRN MARINHAVE FR0000450             3W000000000000000000000000 --> 4 Sin Modificación
01008264001GAMBA 75/85B SOFINAS ICHB0000000             3U000000000000000000000000 --> 4 Sin Modificación
01008257001GAMBA CAST COCI PINK G 800000899             3U000000000000000000000000 --> 4 Sin Modificación
01008258001PREPARADO SOPA CASTELLAR 0000699             3W000000000000000000000000 --> 4 Sin Modificación
010067520010                        0000125             3U000000000000000000000000 --> 4 Sin Modificación
010067530010                        0000125             3U000000000000000000000000 --> 4 Sin Modificación
010067540010                        0000125             3U000000000000000000000000 --> 4 Sin Modificación
010067550010                        0000125             3U000000000000000000000000 --> 4 Sin Modificación
010067560010                        0000125             3U000000000000000000000000 --> 4 Sin Modificación
010067570010                        0000125             3U000000000000000000000000 --> 4 Sin Modificación
010067580010                        0000125             3U000000000000000000000000 --> 4 Sin Modificación
010067590010                        0000100             3U000000000000000000000000 --> 4 Sin Modificación
010067600010                        0000100             3U000000000000000000000000 --> 4 Sin Modificación
010067610010                        0000100             3U000000000000000000000000 --> 4 Sin Modificación
010067620010                        0000110             3U000000000000000000000000 --> 4 Sin Modificación
010067630010                        0000110             3U000000000000000000000000 --> 4 Sin Modificación
010067640010                        0000110             3U000000000000000000000000 --> 4 Sin Modificación
010067650010                        0000165             3U000000000000000000000000 --> 4 Sin Modificación
010067660010                        0000165             3U000000000000000000000000 --> 4 Sin Modificación
010067670010                        0000150             3U000000000000000000000000 --> 4 Sin Modificación
010067680010                        0000170             3U000000000000000000000000 --> 4 Sin Modificación
010067690010                        0000100             3U000000000000000000000000 --> 4 Sin Modificación
010067700010                        0000100             3U000000000000000000000000 --> 4 Sin Modificación
010067710010                        0000270             3U000000000000000000000000 --> 4 Sin Modificación
01008263001RAPE COLA 1KG            0000399             3U000000000000000000000000 --> 4 Sin Modificación
01006748001SURTIDO DULCES MEDINA 1  0000900             3W000000000000000000000000 --> 4 Sin Modificación
01008252001PERDIZ SALVAJE           0000550             3U000000000000000000000000 --> 4 Sin Modificación
01008254001LANGOSTINO 24/32 CASTELLA0000000             3U000000000000000000000000 --> 4 Sin Modificación
01008255001GAMBA 110/130B MABROUK 2 0001850             3U000000000000000000000000 --> 4 Sin Modificación
01006735001CHAMPIÑON MIMO/ALTEZA LAM0000110             3U000000000000000000000000 --> 4 Sin Modificación
01008256001GUISANTES MEDIOS FINOS   0000170             4U000000000000000000000000 --> 4 Sin Modificación
01009102001LACON ( JAMON COCIDO C/P 0000799             3W000000000000000000000000 --> 4 Sin Modificación
01006736001MARGARINA TULIPAN 250G   0000000             3U000000000000000000000000 --> 4 Sin Modificación
010067750010                        0000299             4U000000000000000000000000 --> 4 Sin Modificación
01008378001GAMBA REBOZADA C/VCAST 1K0000949             3U000000000000000000000000 --> 4 Sin Modificación
01006780001PATE LA PIARA SUAVE 2 ud 0000100             3U000000000000000000000000 --> 4 Sin Modificación
01006783001MORENITOS VILLASECO      0000100             3U000000000000000000000000 --> 4 Sin Modificación
01006779001PAN DE MOLDE PANRICO     0000100             3U000000000000000000000000 --> 4 Sin Modificación
01000019001LOTE FIAMBRE 2           0000372             3W000000000000000000000000 --> 4 Sin Modificación
01006787001PAN CRUJIENTE INTEGRAL BI0000120             3U000000000000000000000000 --> 4 Sin Modificación
01006788001PAN TOSTADO BIMBO        0000120             3U000000000000000000000000 --> 4 Sin Modificación
01000380001SECRETO CERDO CONGELADO  0000000             3W000000000000000000000000 --> 4 Sin Modificación
010067910010                        0000125             2U000000000000000000000000 --> 4 Sin Modificación
010067920010                        0000125             2U000000000000000000000000 --> 4 Sin Modificación
010067930010                        0000125             2U000000000000000000000000 --> 4 Sin Modificación
010067940010                        0000100             3U000000000000000000000000 --> 4 Sin Modificación
01000700001QUESO OVEJA CUÑA 1/4 EL P0001699             4W000000000000000000000000 --> 4 Sin Modificación
01000247001FILETE DE NOVILLO        0000899             3W000000000000000000000000 --> 4 Sin Modificación
01006850001PAN RUSTICO DULIA        0000110             3U000000000000000000000000 --> 4 Sin Modificación
01005073001MANZANA VALVENOSTA       0000000             4W000000000000000000000000 --> 4 Sin Modificación
01006871001GRIEGO MOUSSE  NATURAL NE0000169             3U000000000000000000000000 --> 4 Sin Modificación
01006795001FIDEOS 0 GALLO 500G      0000099             3U000000000000000000000000 --> 4 Sin Modificación
01006872001GRIEGO MOUSSE STRACCIATEL0000169             3U000000000000000000000000 --> 4 Sin Modificación
01006873001DALKY CON YOGUR          0000119             3U000000000000000000000000 --> 4 Sin Modificación
01006796001FIDEUA GALLO 500G        0000100             3U000000000000000000000000 --> 4 Sin Modificación
01000243001RABO VACA                0000000             3W000000000000000000000000 --> 4 Sin Modificación
01006797001JUDIA ANCHA TARRO 660G   0000095             3U000000000000000000000000 --> 4 Sin Modificación
01000245001LENGUA TERNERA CONGELADA 0000000             3U000000000000000000000000 --> 4 Sin Modificación
01000375001RABOS CERDO CONGELADO    0000450             3W000000000000000000000000 --> 4 Sin Modificación
01006798001ZANAHORIA TARRO 360G     0000075             3U000000000000000000000000 --> 4 Sin Modificación
01006799001SALSA AJONESA CHOVI BOTEL0000139             3U000000000000000000000000 --> 4 Sin Modificación
01000121001PECHO Y CUELLO CORDERO CO0000000             3U000000000000000000000000 --> 4 Sin Modificación
01000698001GALLINA CONGELADA        0000000             3U000000000000000000000000 --> 4 Sin Modificación
01006800001SOPA GALLINA BLANCA POLLO0000069             3U000000000000000000000000 --> 4 Sin Modificación
01006801001SURTIDO DULCES MEDINA 2  0000699             4U000000000000000000000000 --> 4 Sin Modificación
010067780010                        0000990             4U000000000000000000000000 --> 4 Sin Modificación
01000246001SOLOMILLO TERNERA CONGELA0000000             3U000000000000000000000000 --> 4 Sin Modificación
01000376001PLUMA CERDO CONGELADA    0000000             3W000000000000000000000000 --> 4 Sin Modificación
01000377001PRESA CERDO CONGELADA    0000000             3U000000000000000000000000 --> 4 Sin Modificación
01000378001SOLOMILLO CERDO CONGELADO0000000             3W000000000000000000000000 --> 4 Sin Modificación
01000438001*PLUMA IBERICA CON       0002099             3W000000000000000000000000 --> 4 Sin Modificación
01000439001*PRESA IBERICA CON       0002099             3W000000000000000000000000 --> 4 Sin Modificación
01000440001*SOLOMILLO IBERICO CON   0000999             3W000000000000000000000000 --> 4 Sin Modificación
01000294001HUESO TERNERA CONGELADA  0000000             3U000000000000000000000000 --> 4 Sin Modificación
01006802001TONICA SCHWEPPES 250ML P-0000325             2U000000000000000000000000 --> 4 Sin Modificación
01000122001CHULETA CORDERO CONGELADA0000999             3W000000000000000000000000 --> 4 Sin Modificación
01000123001PIERNA CORDERO CONGELADA 0000000             3U000000000000000000000000 --> 4 Sin Modificación
01006803001CERVEZA SHANDY CRUZCAMPO 0000249             2U000000000000000000000000 --> 4 Sin Modificación
01000124001PALETILLA CORDERO CONGELA0000000             3U000000000000000000000000 --> 4 Sin Modificación
01000379001COCHINILLO CONGELADO KILO0000000             3W000000000000000000000000 --> 4 Sin Modificación
01006804001CERVEZA AGUILA AMSTEL S/A0000265             2U000000000000000000000000 --> 4 Sin Modificación
01006805001MARGARINA S/S TULIPAN 5000000219             3U000000000000000000000000 --> 4 Sin Modificación
01006806001CARDOS TARRO 660G        0000119             3U000000000000000000000000 --> 4 Sin Modificación
01006807001COLIFLOR COCIDA  660G    0000129             3U000000000000000000000000 --> 4 Sin Modificación
01006852001FLAN ROYAL NORMAL 4 F. 930000095             3U000000000000000000000000 --> 4 Sin Modificación
01008270001GAMBA PELADA 30/50       0000749             3U000000000000000000000000 --> 4 Sin Modificación
01000244001CHULETON DE BUEY         0001490             3W000000000000000000000000 --> 4 Sin Modificación
010068530010                        0000220             2U000000000000000000000000 --> 4 Sin Modificación
01006854001QUESO EL CASERIO 8 LONCHA0000110             4U000000000000000000000000 --> 4 Sin Modificación
01006847001AMONIACO                 0000065             2U000000000000000000000000 --> 4 Sin Modificación
01006848001CERVEZA AMSTEL 0,0 SIN AL0000055             2U000000000000000000000000 --> 4 Sin Modificación
01031009001LONCHEADO JAMON SIERRA MA0000799             3U000000000000000000000000 --> 4 Sin Modificación
01006777001TARTA MANZANA S/A MA VEGA0000000             3W000000000000000000000000 --> 4 Sin Modificación
01008268001SARDINILLA PETINGA BOLSA 0000225             3U000000000000000000000000 --> 4 Sin Modificación
01008269001BACALAO  80-100 CURADO   0000899             3W000000000000000000000000 --> 4 Sin Modificación
01000371001CABEZADA DE LOMO S/H FILE0000000             3W000000000000000000000000 --> 4 Sin Modificación
01005069001ALCACHOFA FRESCA         0000330             4W000000000000000000000000 --> 4 Sin Modificación
01005070001BERENJENA NEGRA FRESCA   0000185             4W000000000000000000000000 --> 4 Sin Modificación
01000372001LOMO CERDO FILETEADO     0000000             3W000000000000000000000000 --> 4 Sin Modificación
01000373001PALETA FRESCA DESHUESADA 0000000             3W000000000000000000000000 --> 4 Sin Modificación
01000126001RIÑONES DE CORDERO       0000799             3W000000000000000000000000 --> 4 Sin Modificación
01006867001ALUBIAS BLANCAS 15K      0000000             4W000000000000000000000000 --> 4 Sin Modificación
01005071001PATATA FRESCA 3KG        0000320             4U000000000000000000000000 --> 4 Sin Modificación
01000384001LENGUA CERDO SALADA      0000460             3W000000000000000000000000 --> 4 Sin Modificación
01006868001CHOCOLATE MILKA MILKINI 80000100             3U000000000000000000000000 --> 4 Sin Modificación
01006869001CHOCOLATE MILKA TRIPLE CA0000100             3U000000000000000000000000 --> 4 Sin Modificación
01006870001DULCE VARIOS 1,50€       0000150             3U000000000000000000000000 --> 4 Sin Modificación
01006851001DULCE VARIOS 2,99€       0000299             3U000000000000000000000000 --> 4 Sin Modificación
01006776001BOQUERONES ACTE DE OLIVA 0000190             3U000000000000000000000000 --> 4 Sin Modificación
010068310010                        0000079             4U000000000000000000000000 --> 4 Sin Modificación
01006832001LECHE PULEVA MAÑANA LIGER0000119             4U000000000000000000000000 --> 4 Sin Modificación
01008266001PESCADITO ENHARINADO 500 0000180             3U000000000000000000000000 --> 4 Sin Modificación
010082710010                        0000699             3W000000000000000000000000 --> 4 Sin Modificación
01006813001ALUBIA BLANCA PE 400G    0000079             3U000000000000000000000000 --> 4 Sin Modificación
01000429001LOMO DE BELLOTA IBERICO (0000000             3W000000000000000000000000 --> 4 Sin Modificación
010068140010                        0000085             3U000000000000000000000000 --> 4 Sin Modificación
010068150010                        0000085             3U000000000000000000000000 --> 4 Sin Modificación
01006816001CHAMPIÑON MIMO ENTERO PE 0000130             3U000000000000000000000000 --> 4 Sin Modificación
01007081001TRIPA BERRAS LOMERAS SUPE0000250             3U000000000000000000000000 --> 4 Sin Modificación
010068490010                        0000120             3U000000000000000000000000 --> 4 Sin Modificación
01005068001CEBOLLA CHICA            0000000             4W000000000000000000000000 --> 4 Sin Modificación
01006833001ACEITUNAS R. ANCHOA ALTEZ0000085             3U000000000000000000000000 --> 4 Sin Modificación
010069700010                        0000159             3U000000000000000000000000 --> 4 Sin Modificación
010069710010                        0000045             2U000000000000000000000000 --> 4 Sin Modificación
01006817001GALLETA CUETARA MARIA 8000000175             3U000000000000000000000000 --> 4 Sin Modificación
01006818001LENTEJA LUENGO NAT. PE 400000079             3U000000000000000000000000 --> 4 Sin Modificación
01006819001MEJILLON DARDO ESC. 12/160000129             3U000000000000000000000000 --> 4 Sin Modificación
01006820001MEJILLON DARDO ESC. 25/350000279             3U000000000000000000000000 --> 4 Sin Modificación
01006808001LEJIA 5 LTRO             0000095             2U000000000000000000000000 --> 4 Sin Modificación
01006827001SARDINILLA IFA PICANTE 6/0000069             3U000000000000000000000000 --> 4 Sin Modificación
01006828001SARDINILLA TOMATE 6/10 PZ0000070             3U000000000000000000000000 --> 4 Sin Modificación
01006829001TOMATE FRITO APIS BRIK 350000049             3U000000000000000000000000 --> 4 Sin Modificación
01006830001TOMATE FRITO ORLANDO PACK0000115             3U000000000000000000000000 --> 4 Sin Modificación
01031010001LONCHEADO JAMON SIERRA MA0001999             3W000000000000000000000000 --> 4 Sin Modificación
01000702001POLLO ASADOR ( S/M 14 GRN0000000             3W000000000000000000000000 --> 4 Sin Modificación
01006821001MELOCOTON ALM. MURKODY 6/0000155             3U000000000000000000000000 --> 4 Sin Modificación
01005074001PATATAS SACO 5KG         0000249             4U000000000000000000000000 --> 4 Sin Modificación
010068220010                        0000105             2U000000000000000000000000 --> 4 Sin Modificación
010068570010                        0000199             3U000000000000000000000000 --> 4 Sin Modificación
010068580010                        0000110             3U000000000000000000000000 --> 4 Sin Modificación
01006859001CAFE LA ESTRELLA DESC.SOL0000435             3U000000000000000000000000 --> 4 Sin Modificación
01006834001BANDERITAS.PEPI. ENT. PIÑ0000129             3U000000000000000000000000 --> 4 Sin Modificación
01006835001MAYONESA CON AJO AJONESA 0000099             3U000000000000000000000000 --> 4 Sin Modificación
01006860001JUDIA FINA COR 360G T/C  0000109             3U000000000000000000000000 --> 4 Sin Modificación
01006861001ACELGAS ALSUR T/C 400G   0000110             3U000000000000000000000000 --> 4 Sin Modificación
01006862001CALDO DE POLLO ALTEZA BRI0000125             3U000000000000000000000000 --> 4 Sin Modificación
01006863001CALDO DE POLLO ALTEZA 12 0000059             3U000000000000000000000000 --> 4 Sin Modificación
01006864001PAN RALLADO HARICAMAN AJO0000039             3U000000000000000000000000 --> 4 Sin Modificación
01006865001ZUMO ALTEZA PIÑA/UVA/MANZ0000120             2U000000000000000000000000 --> 4 Sin Modificación
010068660010                        0000049             2U000000000000000000000000 --> 4 Sin Modificación
010068550010                        0000110             3U000000000000000000000000 --> 4 Sin Modificación
010068560010                        0000180             3U000000000000000000000000 --> 4 Sin Modificación
01008008001FILETES MERLUZA  2/4   EN0000499             3W000000000000000000000000 --> 4 Sin Modificación
01008009001CHURROS LAZOS            0000110             3U000000000000000000000000 --> 4 Sin Modificación
01060189001POSTRES PASCUAL          0000110             3U000000000000000000000000 --> 4 Sin Modificación
01008011001ALAS DE MERLUZA          0000399             3W000000000000000000000000 --> 4 Sin Modificación
01008018001FLAMENQUINES CONG BANDEJA0000215             3U000000000000000000000000 --> 4 Sin Modificación
01008019001NECORA COCIDA HEMBRA     0001599             3W000000000000000000000000 --> 4 Sin Modificación
01008020001PATATAS PREFRITAS 1KG    0000135             4U000000000000000000000000 --> 4 Sin Modificación
01008022001CROQUETAS PRICE JAMON CON0000149             3U000000000000000000000000 --> 4 Sin Modificación
01008023001ALMEJAS A GRANEL         0000299             3W000000000000000000000000 --> 4 Sin Modificación
01008024001PIMIENTO VERDE CONGELADO 0000000             4U000000000000000000000000 --> 4 Sin Modificación
01008026001BOQUERONES S/C Y S/E     0000349             3U000000000000000000000000 --> 4 Sin Modificación
01008028001JUDIAS VERDES CONG 1K    0000139             4U000000000000000000000000 --> 4 Sin Modificación
01008032001ENSALADILLAS             0000140             4U000000000000000000000000 --> 4 Sin Modificación
01008033001ESPINACAS 1KG            0000185             4U000000000000000000000000 --> 4 Sin Modificación
01008035001RABAS EMPANADAS          0000699             3U000000000000000000000000 --> 4 Sin Modificación
01008040001TUBO CALAMAR ILLEX IQF BO0000499             3U000000000000000000000000 --> 4 Sin Modificación
01008041001PREPARADO DE PAELLA CON V0000000             3W000000000000000000000000 --> 4 Sin Modificación
01008042001BACALAO 40/60 CURADO     0000899             3W000000000000000000000000 --> 4 Sin Modificación
010006620010                        0000000             4U000000000000000000000000 --> 4 Sin Modificación
01008044001CODORNICES CONG  6 UD    0000449             3U000000000000000000000000 --> 4 Sin Modificación
01008047001PREPARADO SOPA DE MARISCO0000749             3W000000000000000000000000 --> 4 Sin Modificación
01006443001PAN BIMBO DULCESOL       0000100             3U000000000000000000000000 --> 4 Sin Modificación
01008049001SALPICON DE MARISCO CASTE0000850             3W000000000000000000000000 --> 4 Sin Modificación
01008067001ENSALADILLA CANGREJO KG  0000790             3W000000000000000000000000 --> 4 Sin Modificación
01008068001SALPICON DE MARISCO KG AN0000850             3W000000000000000000000000 --> 4 Sin Modificación
010080700010                        0000449             3W000000000000000000000000 --> 4 Sin Modificación
01008073001PUNTILLITA  IQF          0000449             3U000000000000000000000000 --> 4 Sin Modificación
01008077001GAMBA PELADA 70/100      0000649             3U000000000000000000000000 --> 4 Sin Modificación
01008078001GAMBA PELADA 50/70       0000699             3U000000000000000000000000 --> 4 Sin Modificación
01008079001MINI CROQUETA JAMON 1KG  0000295             3U000000000000000000000000 --> 4 Sin Modificación
01008081001MINI EMPANADILLA 8X500   0000199             3U000000000000000000000000 --> 4 Sin Modificación
01008083001FILETE DE LIMANDA 3/5    0000499             3U000000000000000000000000 --> 4 Sin Modificación
010006200010                        0000399             4U000000000000000000000000 --> 4 Sin Modificación
01006823001PIMIENTO.PIQ. IFA CR. AJI0000099             3U000000000000000000000000 --> 4 Sin Modificación
01006836001ATUN LIS.AC/VEG.RAM RO-850000145             3U000000000000000000000000 --> 4 Sin Modificación
01006837001CARNE ALCACHOFAS CELORRIO0000115             3U000000000000000000000000 --> 4 Sin Modificación
01006838001ALCACHOFAS 8/12 T/C 160G 0000189             3U000000000000000000000000 --> 4 Sin Modificación
01006839001GALLETAS TOSTARICA 570G  0000199             3U000000000000000000000000 --> 4 Sin Modificación
010068400010                        0000095             2U000000000000000000000000 --> 4 Sin Modificación
010068410010                        0000095             2U000000000000000000000000 --> 4 Sin Modificación
010068420010                        0000115             2U000000000000000000000000 --> 4 Sin Modificación
010068430010                        0000239             2U000000000000000000000000 --> 4 Sin Modificación
010068440010                        0000110             2U000000000000000000000000 --> 4 Sin Modificación
010067890010                        0000105             4U000000000000000000000000 --> 4 Sin Modificación
010067900010                        0000085             3U000000000000000000000000 --> 4 Sin Modificación
010068450010                        0000165             3U000000000000000000000000 --> 4 Sin Modificación
01006786001NATILLAS NESQUIK DUO     0000139             3U000000000000000000000000 --> 4 Sin Modificación
01006824001PIÑA EN SU JUGO PE 490G  0000225             3U000000000000000000000000 --> 4 Sin Modificación
01009103001LOMO DE CEBO DE CAMPO IBE0002999             3W000000000000000000000000 --> 4 Sin Modificación
01009104001LOMO DE CEBO DE CAMPO IBE0002999             3W000000000000000000000000 --> 4 Sin Modificación
01000701001CREMOSITO DEL ZUJAR S/LAC0001899             4W000000000000000000000000 --> 4 Sin Modificación
01008272001SEPIA 1/2 GRANDE GRANEL  0000999             3W000000000000000000000000 --> 4 Sin Modificación
01006809001LECHE IFA SEMI CON/SIN LA0000089             4U000000000000000000000000 --> 4 Sin Modificación
01000374001CHULETERO ENTERO CON AGUJ0000000             3W000000000000000000000000 --> 4 Sin Modificación
01006810001ZUMO JUVER MELOCOTON 3X200000109             2U000000000000000000000000 --> 4 Sin Modificación
01006811001ZUMO JUVER MELOCOTON BRIK0000145             2U000000000000000000000000 --> 4 Sin Modificación
01006812001ZUMO JUVER PIÑA BRIK 1L  0000120             2U000000000000000000000000 --> 4 Sin Modificación
01006825001SARDINILLA IFA ACEIT. 6/10000069             3U000000000000000000000000 --> 4 Sin Modificación
01008265001BOGAVANTE CRUDO IQF 300/30002469             3W000000000000000000000000 --> 4 Sin Modificación
01006846001CERVEZA SKOL BOT. 1LT    0000095             2U000000000000000000000000 --> 4 Sin Modificación
01005072001PATATA AGRIA S/ESPARTO   0000050             4W000000000000000000000000 --> 4 Sin Modificación
01006826001SARDINILLA IFA ACEIT. OLV0000080             3U000000000000000000000000 --> 4 Sin Modificación
01000441001JAMON DE BELLOTA IBERICO 0000000             3W000000000000000000000000 --> 4 Sin Modificación
01006972001BATIDO DE CHOCOL. ALTEZA 0000195             2U000000000000000000000000 --> 4 Sin Modificación
01006973001BATIDO DE VAIN. ALTEZA P-0000195             2U000000000000000000000000 --> 4 Sin Modificación
010069740010                        0000115             3U000000000000000000000000 --> 4 Sin Modificación
010068770010                        0000270             3U000000000000000000000000 --> 4 Sin Modificación
010068780010                        0000180             3U000000000000000000000000 --> 4 Sin Modificación
010068790010                        0000095             3U000000000000000000000000 --> 4 Sin Modificación
01000703001POLLO ASADOR ( S/M 13 GRN0000000             3W000000000000000000000000 --> 4 Sin Modificación
01006874001CERVEZA BUCKLER 0,0% ALC.0000060             2U000000000000000000000000 --> 4 Sin Modificación
010068830010                        0000100             3U000000000000000000000000 --> 4 Sin Modificación
010068840010                        0000100             3U000000000000000000000000 --> 4 Sin Modificación
01006885001VINAGRE ALTEZA BLANCO PET0000069             3U000000000000000000000000 --> 4 Sin Modificación
01006886001ZANAHORIA RALLADA PINA 350000065             3U000000000000000000000000 --> 4 Sin Modificación
010068870010                        0000120             2U000000000000000000000000 --> 4 Sin Modificación
010068880010                        0000235             2U000000000000000000000000 --> 4 Sin Modificación
010068890010                        0000530             2U000000000000000000000000 --> 4 Sin Modificación
010068900010                        0000535             3U000000000000000000000000 --> 4 Sin Modificación
01006979001TOMATE TRITUR.APIS LATA 10000089             3U000000000000000000000000 --> 4 Sin Modificación
01000128001LANDRILLAS DE CORDERO    0001200             3W000000000000000000000000 --> 4 Sin Modificación
010069750010                        0000149             4U000000000000000000000000 --> 4 Sin Modificación
01006976001FRUTA+LECHE ALTEZA MEDITE0000125             2U000000000000000000000000 --> 4 Sin Modificación
01006977001FRUTA+LECHE ALTEZA TROPIC0000125             2U000000000000000000000000 --> 4 Sin Modificación
01006978001LENTEJA COCIDA P.E 400G  0000089             3U000000000000000000000000 --> 4 Sin Modificación
010007060010                        0000799             4U000000000000000000000000 --> 4 Sin Modificación
01006875001JUDIA VERDE YBARRA ANC.CR0000089             3U000000000000000000000000 --> 4 Sin Modificación
010068760010                        0000100             3U000000000000000000000000 --> 4 Sin Modificación
01006880001CALDO  POLLO BRIK 1LT    0000125             3U000000000000000000000000 --> 4 Sin Modificación
01006881001MERMELADA EVA FRESA 330G 0000105             3U000000000000000000000000 --> 4 Sin Modificación
010068820010                        0000105             3U000000000000000000000000 --> 4 Sin Modificación
01009105001CACHUELA POLLO 300 GRS   0000170             3U000000000000000000000000 --> 4 Sin Modificación
01006921001FIDEOS IFA 500 G. Nº 0   0000065             3U000000000000000000000000 --> 4 Sin Modificación
01006894001PULPO LA GALLEGA JARRY P.0000180             3U000000000000000000000000 --> 4 Sin Modificación
01006936001YOGUR SIN LACTOSA SABORES0000159             3U000000000000000000000000 --> 4 Sin Modificación
01006922001MACARRON IFA 500G        0000065             3U000000000000000000000000 --> 4 Sin Modificación
01006923001QUESO EL CASERIO RALL.HIL0000075             4U000000000000000000000000 --> 4 Sin Modificación
010069240010                        0000095             4U000000000000000000000000 --> 4 Sin Modificación
01006925001SARDINILLA MENU ACE. 8/9 0000090             3U000000000000000000000000 --> 4 Sin Modificación
01060042001SAVOIARDI GULLON         0000100             3U000000000000000000000000 --> 4 Sin Modificación
01006980001ZUMOS DISFRUTA PACK-3    0000120             2U000000000000000000000000 --> 4 Sin Modificación
010069260010                        0000169             2U000000000000000000000000 --> 4 Sin Modificación
01006927001ZANAHORIA RALL.HDA.YBARRA0000070             3U000000000000000000000000 --> 4 Sin Modificación
010068960010                        0000085             4U000000000000000000000000 --> 4 Sin Modificación
01009122001ROLLITOS DE PRIMAVERA EMP0001175             3W000000000000000000000000 --> 4 Sin Modificación
01000249001CORAZON TERNERA          0000175             3W000000000000000000000000 --> 4 Sin Modificación
010069000010                        0000075             3U000000000000000000000000 --> 4 Sin Modificación
01006901001ESPIRALES VEGETALES 500 G0000135             3U000000000000000000000000 --> 4 Sin Modificación
01009123001SALCHICHON BELLOTA IB  EN0001399             3W000000000000000000000000 --> 4 Sin Modificación
01009115001FLAMENQUIN QUESO-CARNE EM0000849             3W000000000000000000000000 --> 4 Sin Modificación
01009116001CROQUETAS BACALAO EMPANAD0000869             3W000000000000000000000000 --> 4 Sin Modificación
01009117001PECHUGA RELLENA JAMON Y P0000849             3W000000000000000000000000 --> 4 Sin Modificación
01009118001PECHUGA RELLENA ROQUEFORT0000849             3W000000000000000000000000 --> 4 Sin Modificación
01009119001PECHUGA RELLENA JAMON Y Q0000849             3W000000000000000000000000 --> 4 Sin Modificación
01009120001NUGGET POLLO EMPANADOS CA0000799             3W000000000000000000000000 --> 4 Sin Modificación
010069040010                        0000100             4U000000000000000000000000 --> 4 Sin Modificación
010069050010                        0000100             3U000000000000000000000000 --> 4 Sin Modificación
01000709001JAMONCITO DE PAVO CAS(PER0000399             3W000000000000000000000000 --> 4 Sin Modificación
010069440010                        0000100             3U000000000000000000000000 --> 4 Sin Modificación
01000443001*CARRILLERA IBERICA CON  0001399             3W000000000000000000000000 --> 4 Sin Modificación
01005075001AJO CASTAÑO 6KG SAAVEDRA 0000370             4W000000000000000000000000 --> 4 Sin Modificación
01042006001PALETA DE CEBO DE CAMPO I0000000             3W000000000000000000000000 --> 4 Sin Modificación
01009131001CANELONES CARNE          0000899             3W000000000000000000000000 --> 4 Sin Modificación
01006988001MOUSSE MILKYBAR          0000110             3U000000000000000000000000 --> 4 Sin Modificación
01006920001LOMO DE BONITO JARRY     0000240             3U000000000000000000000000 --> 4 Sin Modificación
01006937001PAN BIMBO FAMILIAR (SDW 70000199             3U000000000000000000000000 --> 4 Sin Modificación
01006938001TIGRETÓN   SABOR MOKA    0000100             3U000000000000000000000000 --> 4 Sin Modificación
01006939001PANTERA ROSA             0000100             3U000000000000000000000000 --> 4 Sin Modificación
01006940001NAPOLITANAS BIMBO        0000135             3U000000000000000000000000 --> 4 Sin Modificación
01006941001CROISSANTS BIMBO         0000135             3U000000000000000000000000 --> 4 Sin Modificación
010091290010                        0000349             3U000000000000000000000000 --> 4 Sin Modificación
010007110010                        0000950             4W000000000000000000000000 --> 4 Sin Modificación
01006912001SEVEN UP FRIO LATA       0000049             2U000000000000000000000000 --> 4 Sin Modificación
01009107001PRUEBA CHORIZO IB. PICANT0000849             3W000000000000000000000000 --> 4 Sin Modificación
01000712001PECHUGA POLLO FILETEADA  0000000             3W000000000000000000000000 --> 4 Sin Modificación
01006914001CAÑAS CHOCOLATE INTEG. M 0000699             3W000000000000000000000000 --> 4 Sin Modificación
010069630010                        0000100             3U000000000000000000000000 --> 4 Sin Modificación
010069640010                        0000100             3U000000000000000000000000 --> 4 Sin Modificación
010069650010                        0000100             3U000000000000000000000000 --> 4 Sin Modificación
010069660010                        0000100             3U000000000000000000000000 --> 4 Sin Modificación
01006945001EXPOSITOR TABLETAS CHOCO 0000110             3U000000000000000000000000 --> 4 Sin Modificación
01006012001SANTIAGUITOS ALMENDRA    0000640             3W000000000000000000000000 --> 4 Sin Modificación
01006032001DESENFADADOS ALMENDRA    0000640             3W000000000000000000000000 --> 4 Sin Modificación
01006946001MAGDALENA REDONDA BELLA  0000120             3U000000000000000000000000 --> 4 Sin Modificación
010069670010                        0000089             3U000000000000000000000000 --> 4 Sin Modificación
01006968001MELOCOTON ALM. CELORRIO E0000155             3U000000000000000000000000 --> 4 Sin Modificación
01006981001TWINS PACK 2X145G GULLON 0000100             3U000000000000000000000000 --> 4 Sin Modificación
010007140010                        0000999             4W000000000000000000000000 --> 4 Sin Modificación
01006982001BOMBONES WITOR S 24P     0000100             3U000000000000000000000000 --> 4 Sin Modificación
01006910001ACEITUNA SEVIL.C/H TARRO 0000099             3U000000000000000000000000 --> 4 Sin Modificación
01006911001CALDO KNORR CARNE 12+4 PA0000189             3U000000000000000000000000 --> 4 Sin Modificación
010069560010                        0000125             2U000000000000000000000000 --> 4 Sin Modificación
010069570010                        0000149             2U000000000000000000000000 --> 4 Sin Modificación
01006960001QUITA ABLANDA GRASA ZOZOY0000099             2U000000000000000000000000 --> 4 Sin Modificación
010069610010                        0000199             2U000000000000000000000000 --> 4 Sin Modificación
010069590010                        0000140             2U000000000000000000000000 --> 4 Sin Modificación
01006983001MARIQUITAS CHOCO 80G     0000100             3U000000000000000000000000 --> 4 Sin Modificación
010069620010                        0000105             2U000000000000000000000000 --> 4 Sin Modificación
01006984001ZUMO JUVER MANZANA 100% B0000109             2U000000000000000000000000 --> 4 Sin Modificación
010068920010                        0000125             2U000000000000000000000000 --> 4 Sin Modificación
010068930010                        0000090             2U000000000000000000000000 --> 4 Sin Modificación
01009106001JABEÑITO IBERICO AL AJILL0002499             3W000000000000000000000000 --> 4 Sin Modificación
01006006001ALUBIA CARILLA 1/2K      0000130             4U000000000000000000000000 --> 4 Sin Modificación
01008273001LANGOSTINO T 10/20 SENEGA0000000             3U000000000000000000000000 --> 4 Sin Modificación
01008274001GAMBA 65/70B MARANDA V 2 0000000             3W000000000000000000000000 --> 4 Sin Modificación
01008275001PATATA PREFRITAS 2,5K    0000159             4W000000000000000000000000 --> 4 Sin Modificación
010069860010                        0000170             2U000000000000000000000000 --> 4 Sin Modificación
01006468001OBLEAS HELADO            0000050             3U000000000000000000000000 --> 4 Sin Modificación
01005020001PERA CONFERENCIA 1ª      0000210             4W000000000000000000000000 --> 4 Sin Modificación
01005021001PIMIENTO  VERDE 1ª (GORDO0000199             4W000000000000000000000000 --> 4 Sin Modificación
01005022001PIMIENTO  ROJO 1ª        0000225             4W000000000000000000000000 --> 4 Sin Modificación
01005024001PEPINO                   0000120             4W000000000000000000000000 --> 4 Sin Modificación
01009080001FIAMBRE DE PALETA COCIDA 0000000             3W000000000000000000000000 --> 4 Sin Modificación
01000349001CARRILLADA SIN HUESO     0000799             3W000000000000000000000000 --> 4 Sin Modificación
01005026001LECHUGA ICEBER- ROMANILLA0000120             4U000000000000000000000000 --> 4 Sin Modificación
01008103001ALCACHOFA CONGELADA      0000349             3W000000000000000000000000 --> 4 Sin Modificación
01005027001KAKI  1ª                 0000245             4W000000000000000000000000 --> 4 Sin Modificación
01005028001UVA NEGRA                0000170             4W000000000000000000000000 --> 4 Sin Modificación
01005029001JUDIA ANCHA 1ª           0000300             4W000000000000000000000000 --> 4 Sin Modificación
01008021001BACALAO LOMO GRANDE      0000850             3W000000000000000000000000 --> 4 Sin Modificación
01006219001VARIOS NO PESADO  10%    0000000             3U000000000000000000000000 --> 4 Sin Modificación
01005030001UVA AMARILLA             0000230             4W000000000000000000000000 --> 4 Sin Modificación
01005031001KIWI                     0000450             4W000000000000000000000000 --> 4 Sin Modificación
01006614001YOGURT LIQUIDO NESTLE    0000135             3U000000000000000000000000 --> 4 Sin Modificación
01006601001TARTA DE MANZANA DULCESOL0000100             3U000000000000000000000000 --> 4 Sin Modificación
01005033001PUNTAS DE COSTILLA CERDO 0000399             3W000000000000000000000000 --> 4 Sin Modificación
01006694001PAN SDW BIMBO 375G       0000125             3U000000000000000000000000 --> 4 Sin Modificación
01005035001LIMONES                  0000155             4W000000000000000000000000 --> 4 Sin Modificación
01005036001SOPA DE VERDURAS 500 (BAN0000160             4U000000000000000000000000 --> 4 Sin Modificación
01005037001MELON PIEL SAPO          0000049             4W000000000000000000000000 --> 4 Sin Modificación
01005038001CALABACIN                0000350             4W000000000000000000000000 --> 4 Sin Modificación
01005039001REPOLLO ENTEROS          0000100             4W000000000000000000000000 --> 4 Sin Modificación
01006478001MINI DORADA BARB         0000118             3U000000000000000000000000 --> 4 Sin Modificación
01006479001GIORKINI 1 EURO          0000118             3U000000000000000000000000 --> 4 Sin Modificación
01006483001LENTEJAS VERDINA ESTON, G0000209             4W000000000000000000000000 --> 4 Sin Modificación
01006484001CHISTORRA BLANCA         0000499             3W000000000000000000000000 --> 4 Sin Modificación
01000350001PALETA FRESCA DESHUESADA 0000420             3W000000000000000000000000 --> 4 Sin Modificación
01000619001NUGGET DE POLLO CASERO   0000699             3W000000000000000000000000 --> 4 Sin Modificación
01005040001CEBOLLETA MANOJO         0000150             4U000000000000000000000000 --> 4 Sin Modificación
01000420001LOMO DE CEBO DE CAMPO IBE0001250             3W000000000000000000000000 --> 4 Sin Modificación
010005340010                        0000000             4W000000000000000000000000 --> 4 Sin Modificación
0100504100100000                    0000225             4W000000000000000000000000 --> 4 Sin Modificación
0100504200100000                    0000150             4W000000000000000000000000 --> 4 Sin Modificación
01000427001LAGARTO BELLOTA IBERICO  0000000             3W000000000000000000000000 --> 4 Sin Modificación
01006485001CHOCOLATE TAZA RENY      0000225             3U000000000000000000000000 --> 4 Sin Modificación
01005043001PATATA CONSUMO           0000075             4W000000000000000000000000 --> 4 Sin Modificación
01006448001BOLLICAO MINIS 5 UD      0000100             3U000000000000000000000000 --> 4 Sin Modificación
01008281001MEJILLON M/C 20/40       0000000             3W000000000000000000000000 --> 4 Sin Modificación
01006930001MIEL SAN TARSICIO TARRO 10000599             3U000000000000000000000000 --> 4 Sin Modificación
01006931001MIEL SAN TARSICIO TARRO 20001099             3U000000000000000000000000 --> 4 Sin Modificación
01000392001LAGARTO CRUZADO CONGELADO0000000             3W000000000000000000000000 --> 4 Sin Modificación
01008277001FILETE DE MERO 500/1000 (0000699             3W000000000000000000000000 --> 4 Sin Modificación
010082780010                        0000199             3U000000000000000000000000 --> 4 Sin Modificación
01006954001REVUELTO  (LORENZO LOPEZ)0000100             3U000000000000000000000000 --> 4 Sin Modificación
010069170010                        0000135             3U000000000000000000000000 --> 4 Sin Modificación
01000129001PALETILLA LECHAL CONGELAD0000000             3W000000000000000000000000 --> 4 Sin Modificación
01006918001FLAN DHUL CHOCO FAMILIAR 0000110             3U000000000000000000000000 --> 4 Sin Modificación
010069550010                        0000229             3U000000000000000000000000 --> 4 Sin Modificación
01008279001FILETE DE MERLUZA S/PIEL 0000449             3U000000000000000000000000 --> 4 Sin Modificación
01006902001PATATAS FRITAS HUEVO     0000100             3U000000000000000000000000 --> 4 Sin Modificación
01006015001NESCAFE DESCAF.PACK-10 S 0000125             3U000000000000000000000000 --> 4 Sin Modificación
010069500010                        0000170             2U000000000000000000000000 --> 4 Sin Modificación
010069510010                        0000719             2U000000000000000000000000 --> 4 Sin Modificación
01006903001PAN SANDWICH DULCE SOL   0000100             3U000000000000000000000000 --> 4 Sin Modificación
01006990001CHOCOLATE GOLD TRAP      0000100             3U000000000000000000000000 --> 4 Sin Modificación
01006989001ZUMO JUVER DISF.PIÑA BRIK0000115             2U000000000000000000000000 --> 4 Sin Modificación
01008282001LANGOSTINO 18/24 CASTELLA0000000             3U000000000000000000000000 --> 4 Sin Modificación
010069520010                        0000190             3U000000000000000000000000 --> 4 Sin Modificación
01006915001TROZOS DE ATUN JARRY     0000299             3U000000000000000000000000 --> 4 Sin Modificación
01006916001YEMAS/YEMITAS ESPARRAG JA0000120             3U000000000000000000000000 --> 4 Sin Modificación
010082830010                        0000799             3U000000000000000000000000 --> 4 Sin Modificación
010082840010                        0000799             3U000000000000000000000000 --> 4 Sin Modificación
010082850010                        0001099             3U000000000000000000000000 --> 4 Sin Modificación
010082860010                        0000950             3U000000000000000000000000 --> 4 Sin Modificación
010082870010                        0001099             3U000000000000000000000000 --> 4 Sin Modificación
010082880010                        0000999             3U000000000000000000000000 --> 4 Sin Modificación
010082890010                        0000999             3U000000000000000000000000 --> 4 Sin Modificación
010082900010                        0001199             3U000000000000000000000000 --> 4 Sin Modificación
010082910010                        0000999             3U000000000000000000000000 --> 4 Sin Modificación
010082920010                        0001099             3U000000000000000000000000 --> 4 Sin Modificación
010082930010                        0000699             3U000000000000000000000000 --> 4 Sin Modificación
010082940010                        0000699             3U000000000000000000000000 --> 4 Sin Modificación
01000386001CABEZA O ASADURA CERDO FR0000275             3W000000000000000000000000 --> 4 Sin Modificación
01000444001*LAGARTO IBERICO CON     0001799             3W000000000000000000000000 --> 4 Sin Modificación
01000445001*ABANICO IBERICO CON     0001450             3W000000000000000000000000 --> 4 Sin Modificación
01000446001*SECRETO IBERICO CON     0001999             3W000000000000000000000000 --> 4 Sin Modificación
01006932001ALCACHOFAS ALSUR 10/12 LA0000205             3U000000000000000000000000 --> 4 Sin Modificación
01006933001DISFR.NECT.S/AZ. SLIM P-60000209             2U000000000000000000000000 --> 4 Sin Modificación
01006935001ACEITUNAS C/HUESO FCO.2800000099             3U000000000000000000000000 --> 4 Sin Modificación
01000130001PIERNAS O PALETILLAS DE C0000000             3W000000000000000000000000 --> 4 Sin Modificación
01000131001MAGRO CABRITO            0000000             3W000000000000000000000000 --> 4 Sin Modificación
01006991001TURRON CRUJIENTE CHOCOLAT0000110             3U000000000000000000000000 --> 4 Sin Modificación
01006992001ZUMO JUVER DISF.MELOCOTON0000115             2U000000000000000000000000 --> 4 Sin Modificación
010069930010                        0000170             2U000000000000000000000000 --> 4 Sin Modificación
01006947001GALLETA CUETARA TOSTA RIC0000269             3U000000000000000000000000 --> 4 Sin Modificación
01006934001QÉ CANUTO BIMBO          0000100             3U000000000000000000000000 --> 4 Sin Modificación
01006948001QÉ CAÑÓN BIMBO           0000100             3U000000000000000000000000 --> 4 Sin Modificación
01006949001QÉ CAÑA 2X1 EURO         0000100             3U000000000000000000000000 --> 4 Sin Modificación
01009130001TORTITA PIZZA            0000935             3W000000000000000000000000 --> 4 Sin Modificación
01060001001CALDO KNORR.CAR.24 PAST.20000269             3U000000000000000000000000 --> 4 Sin Modificación
01060002001NATA 18% COCINAR BRIK 2000000065             3U000000000000000000000000 --> 4 Sin Modificación
01060003001MEJILLON ESCAB.4/6 ORBE N0000299             3U000000000000000000000000 --> 4 Sin Modificación
01060004001MEJILLON ESC.RIA GALL.ORB0000299             3U000000000000000000000000 --> 4 Sin Modificación
01060005001COLIFLOR ALSUR T/C 390G  0000129             3U000000000000000000000000 --> 4 Sin Modificación
01060006001CARDO ALSUR T/C 400G     0000110             3U000000000000000000000000 --> 4 Sin Modificación
01060007001CALDO CAS.G.BLANCA PESCAD0000170             3U000000000000000000000000 --> 4 Sin Modificación
010600080010                        0000125             2U000000000000000000000000 --> 4 Sin Modificación
010600090010                        0000125             2U000000000000000000000000 --> 4 Sin Modificación
01060010001FUNBAR PACKK 5UD (VEGAL) 0000109             3U000000000000000000000000 --> 4 Sin Modificación
010600110010                        0000599             2U000000000000000000000000 --> 4 Sin Modificación
010600120010                        0000329             2U000000000000000000000000 --> 4 Sin Modificación
010600130010                        0000435             2U000000000000000000000000 --> 4 Sin Modificación
010600140010                        0000110             2U000000000000000000000000 --> 4 Sin Modificación
010600150010                        0000079             2U000000000000000000000000 --> 4 Sin Modificación
010600160010                        0000165             2U000000000000000000000000 --> 4 Sin Modificación
010600170010                        0000165             2U000000000000000000000000 --> 4 Sin Modificación
01000715001POLLO ASADOR ( S/M 12 GRN0000000             3W000000000000000000000000 --> 4 Sin Modificación
01008074001PALITO DE MERLUZA 1KG    0000349             3U000000000000000000000000 --> 4 Sin Modificación
01060031001SARDINILLAS ACE.GIRASOL R0000089             3U000000000000000000000000 --> 4 Sin Modificación
010600200010                        0000089             2U000000000000000000000000 --> 4 Sin Modificación
010600210010                        0000135             2U000000000000000000000000 --> 4 Sin Modificación
01000447001MOGOTE IBERICO           0000000             3W000000000000000000000000 --> 4 Sin Modificación
01060022001MELOCOTON ALMIBAR COALIME0000165             3U000000000000000000000000 --> 4 Sin Modificación
01060023001GALLETAS HOJALDRADA CUETA0000150             3U000000000000000000000000 --> 4 Sin Modificación
01060045001CHOCOLATE MILKA LECHE 1250000079             3U000000000000000000000000 --> 4 Sin Modificación
01060046001BARRI.CHOCO MILKA MILKINI0000079             3U000000000000000000000000 --> 4 Sin Modificación
01060056001LEVADURA ROYAL 5 SOBRES 80000220             3U000000000000000000000000 --> 4 Sin Modificación
01060051001NATA SPRAY ASTURIANA 250M0000185             3U000000000000000000000000 --> 4 Sin Modificación
010600650010                        0000325             2U000000000000000000000000 --> 4 Sin Modificación
010600660010                        0000105             2U000000000000000000000000 --> 4 Sin Modificación
01060067001PIMIENTO PIQ. ENT. FRASCO0000199             3U000000000000000000000000 --> 4 Sin Modificación
01060025001PATA PULPO COCIDA EN SU J0000750             3U000000000000000000000000 --> 4 Sin Modificación
01008295001PREPARADO DE PAELLA S/V B0000499             3U000000000000000000000000 --> 4 Sin Modificación
01008296001FILETE CAELLA (RODAJA)S/P0000349             3U000000000000000000000000 --> 4 Sin Modificación
01008297001MERLUZA COLA             0000149             3W000000000000000000000000 --> 4 Sin Modificación
010007180010                        0000249             4U000000000000000000000000 --> 4 Sin Modificación
010600260010                        0000399             3U000000000000000000000000 --> 4 Sin Modificación
010600270010                        0000399             3U000000000000000000000000 --> 4 Sin Modificación
01009133001JABEÑITO IBERICO ADOBADO 0002499             3W000000000000000000000000 --> 4 Sin Modificación
01000397001CABEZADA CON HUESO       0000399             3W000000000000000000000000 --> 4 Sin Modificación
01060064001PIMI. PIQ. TIRAS AJILLO T0000119             3U000000000000000000000000 --> 4 Sin Modificación
010600380010                        0000175             2U000000000000000000000000 --> 4 Sin Modificación
010600390010                        0000140             2U000000000000000000000000 --> 4 Sin Modificación
010600400010                        0000129             2U000000000000000000000000 --> 4 Sin Modificación
01060033001PIMIENTO PIQUI. ASADOS AG0000250             3U000000000000000000000000 --> 4 Sin Modificación
01060043001CALLOS TERNERA COCINADOS 0000299             3U000000000000000000000000 --> 4 Sin Modificación
01060044001OREJA CERDO COCINADAS CON0000299             3U000000000000000000000000 --> 4 Sin Modificación
01005076001CILANTRO BANDEJA         0000000             3U000000000000000000000000 --> 4 Sin Modificación
01060055001MEJILLONES JARRY PACK 2 L0000340             3U000000000000000000000000 --> 4 Sin Modificación
01009134001MINI PATRI CHORIZO IBERIC0000100             3U000000000000000000000000 --> 4 Sin Modificación
01009135001MINI PATRI SALCHICHON IBE0000100             3U000000000000000000000000 --> 4 Sin Modificación
01060057001HUEVOS CAMPEROS          0000230             4U000000000000000000000000 --> 4 Sin Modificación
01060059001FRUTA+LECHE ALTEZA 1 LTRO0000099             2U000000000000000000000000 --> 4 Sin Modificación
01060060001ACEITUNA R.ANCHOA. ALTEZA0000120             3U000000000000000000000000 --> 4 Sin Modificación
01060061001CALDO DE PESCADO ALTEZA B0000125             3U000000000000000000000000 --> 4 Sin Modificación
01060028001CALDO AVECREM POLLO 8 P +0000105             3U000000000000000000000000 --> 4 Sin Modificación
01060029001CREMA NOCILLA VASO 190 G,0000199             3U000000000000000000000000 --> 4 Sin Modificación
010600620010                        0000945             2U000000000000000000000000 --> 4 Sin Modificación
010600630010                        0000135             2U000000000000000000000000 --> 4 Sin Modificación
01060024001QUESO RALLADO HILO FUNDID0000085             4U000000000000000000000000 --> 4 Sin Modificación
01060058001PANECILLO TRADICIONAL    0000130             3U000000000000000000000000 --> 4 Sin Modificación
01000389001MINI HAMBURGUESAS CERDO  0000599             3W000000000000000000000000 --> 4 Sin Modificación
010600370010                        0000000             3U000000000000000000000000 --> 4 Sin Modificación
01060052001PASTA EMPANAD. BUITONI 160000119             3U000000000000000000000000 --> 4 Sin Modificación
01000554001QUESO CABRA LA VERA SIN L0001699             4W000000000000000000000000 --> 4 Sin Modificación
010600530010                        0000119             2U000000000000000000000000 --> 4 Sin Modificación
010600540010                        0000180             2U000000000000000000000000 --> 4 Sin Modificación
01060047001FLAN ROYAL C/CARAME.8 UD.0000140             3U000000000000000000000000 --> 4 Sin Modificación
01060048001TUBITOS RELLENOS CHOCO ME0000100             3U000000000000000000000000 --> 4 Sin Modificación
010007170010                        0000699             4W000000000000000000000000 --> 4 Sin Modificación
01060049001MOSCATEL DULCE MATIPE GAR0000385             2U000000000000000000000000 --> 4 Sin Modificación
01060225001AGUA LOS RISCOS 5 L      0000079             3U000000000000000000000000 --> 4 Sin Modificación
01060050001BATIDO YOCO              0000189             2U000000000000000000000000 --> 4 Sin Modificación
01000133001CUAJAREJA CORDERO        0000000             3U000000000000000000000000 --> 4 Sin Modificación
01060030001MAHONESA IFA AL AJO 300 M0000110             3U000000000000000000000000 --> 4 Sin Modificación
01060034001CERVEZA BUCKLER 0,0 % P-60000215             2U000000000000000000000000 --> 4 Sin Modificación
010600350010                        0000155             2U000000000000000000000000 --> 4 Sin Modificación
01060018001COCA COLA 2 LT FRIA      0000199             2U000000000000000000000000 --> 4 Sin Modificación
01060019001AQUARIUS 1,5 L FRIO      0000245             2U000000000000000000000000 --> 4 Sin Modificación
01060094001IBERITOS ZURRAPA BLANCA 20000249             3U000000000000000000000000 --> 4 Sin Modificación
01008312001BOMBON MINI ALMEND.VAI.SI0000299             3U000000000000000000000000 --> 4 Sin Modificación
01060069001IBERITOS JABALI CON PEDRO0000185             3U000000000000000000000000 --> 4 Sin Modificación
01060070001IBERITOS JAMON IBERICO 140000185             3U000000000000000000000000 --> 4 Sin Modificación
01060071001IBERITOS PATE CON CEREZA 0000185             3U000000000000000000000000 --> 4 Sin Modificación
01060072001IBERITOS PATE CON HIGO 140000185             3U000000000000000000000000 --> 4 Sin Modificación
01060073001IBERITOS PERDIZ 140G     0000185             3U000000000000000000000000 --> 4 Sin Modificación
01060074001IBERITOS CIERVO CON BOLET0000185             3U000000000000000000000000 --> 4 Sin Modificación
01060075001IBERITOS PATE ANCHOA 140G0000210             3U000000000000000000000000 --> 4 Sin Modificación
01060076001IBERITOS BRANDADA DE BACA0000210             3U000000000000000000000000 --> 4 Sin Modificación
01060084001IBERITOS JAMON 250G      0000230             3U000000000000000000000000 --> 4 Sin Modificación
01060085001IBERITOS LOMO AL PIMENTON0000230             3U000000000000000000000000 --> 4 Sin Modificación
01060086001IBERITOS CREMA PATATERA C0000230             3U000000000000000000000000 --> 4 Sin Modificación
01060087001IBERITOS PATE 250G       0000219             3U000000000000000000000000 --> 4 Sin Modificación
01060088001IBERITOS PEDRO XIMENEZ 250000219             3U000000000000000000000000 --> 4 Sin Modificación
01060089001IBERITOS PIMIENTA 250G   0000219             3U000000000000000000000000 --> 4 Sin Modificación
01060090001IBERITOS TOMATE ACEITE 250000215             3U000000000000000000000000 --> 4 Sin Modificación
01060091001IBERITOS TOMATE ACEITE AJ0000215             3U000000000000000000000000 --> 4 Sin Modificación
01060092001IBERITOS YORK 250G       0000230             3U000000000000000000000000 --> 4 Sin Modificación
01060093001IBERITOS YORK-QUESO 250G 0000259             3U000000000000000000000000 --> 4 Sin Modificación
01060068001SARDINILLA MENU ACE.OLV. 0000109             3U000000000000000000000000 --> 4 Sin Modificación
01060223001BARRITA UD ARANDANO 30   0000129             3U000000000000000000000000 --> 4 Sin Modificación
010082980010                        0000100             3U000000000000000000000000 --> 4 Sin Modificación
01008299001GRAN CLASSIC HELADOS     0000199             3U000000000000000000000000 --> 4 Sin Modificación
010083000010                        0000269             3U000000000000000000000000 --> 4 Sin Modificación
010083010010                        0000199             3U000000000000000000000000 --> 4 Sin Modificación
01008302001MINI CONOS HELADOS       0000269             3U000000000000000000000000 --> 4 Sin Modificación
010083030010                        0000119             3U000000000000000000000000 --> 4 Sin Modificación
010083040010                        0000100             3U000000000000000000000000 --> 4 Sin Modificación
010083050010                        0000100             3U000000000000000000000000 --> 4 Sin Modificación
01008307001CHIQUIBOM HELADOS        0000249             3U000000000000000000000000 --> 4 Sin Modificación
01008308001CHOCOCUORE SOMOSIERRA HEL0000299             3U000000000000000000000000 --> 4 Sin Modificación
01008309001BOMBON CHOCOL.BLANCO DIA 0000149             3U000000000000000000000000 --> 4 Sin Modificación
01008310001GRAN CHOCO HELADOS       0000199             3U000000000000000000000000 --> 4 Sin Modificación
010083110010                        0000149             3U000000000000000000000000 --> 4 Sin Modificación
010083060010                        0000100             3U000000000000000000000000 --> 4 Sin Modificación
01031013001LONCHEADO JAMON SIERRA MA0000199             3U000000000000000000000000 --> 4 Sin Modificación
01031014001LONCHEADO JAMON SIERRA MA0000399             3U000000000000000000000000 --> 4 Sin Modificación
01060106001GALLE. CUETARA.MÑ ORO 1.00000199             3U000000000000000000000000 --> 4 Sin Modificación
01060077001IBERITOS ATUN 140G       0000185             3U000000000000000000000000 --> 4 Sin Modificación
01060078001IBERITOS ATUN SIN LACTOSA0000185             3U000000000000000000000000 --> 4 Sin Modificación
01060079001IBERITOS JAMON SIN LACTOS0000185             3U000000000000000000000000 --> 4 Sin Modificación
01060080001IBERITOS PATE SIN LACTOSA0000185             3U000000000000000000000000 --> 4 Sin Modificación
01060081001IBERITOS PATE ATUN 250G  0000275             3U000000000000000000000000 --> 4 Sin Modificación
01060082001IBERITOS CREMA PAVO 250G 0000249             3U000000000000000000000000 --> 4 Sin Modificación
01060083001IBERITOS FINAS HIERBAS 250000219             3U000000000000000000000000 --> 4 Sin Modificación
01060095001IBERITOS QUESO AZUL 220G 0000360             3U000000000000000000000000 --> 4 Sin Modificación
01060096001IBERITOS QUESO CABRA 220G0000360             3U000000000000000000000000 --> 4 Sin Modificación
01060097001IBERITOS QUESO CREMA 220G0000360             3U000000000000000000000000 --> 4 Sin Modificación
01060098001IBERITOS QUESO TORTA 220G0000439             3U000000000000000000000000 --> 4 Sin Modificación
01060099001IBERITOS QUESO CABRA+DULC0000165             3U000000000000000000000000 --> 4 Sin Modificación
01060100001IBERITOS PATE PACK 4     0000110             3U000000000000000000000000 --> 4 Sin Modificación
01060101001IBERITOS YORK PACK 4     0000110             3U000000000000000000000000 --> 4 Sin Modificación
01060102001IBERITOS JAMON PACK 4    0000110             3U000000000000000000000000 --> 4 Sin Modificación
01060103001IBERITOS CACHUELA PACK 4 0000110             3U000000000000000000000000 --> 4 Sin Modificación
01060104001IBERITOS SURTIDOS PACK 4 0000110             3U000000000000000000000000 --> 4 Sin Modificación
01060105001IBERITOS SURTIDO 18 UDS  0000469             3U000000000000000000000000 --> 4 Sin Modificación
01009137001MINI CACHOPO POLLO JAMON 0001199             3W000000000000000000000000 --> 4 Sin Modificación
01060166001NUECES RECUBIERTAS DE CHO0000399             3U000000000000000000000000 --> 4 Sin Modificación
01060167001ALMENDRAS RECUBIERTAS DE 0000399             3U000000000000000000000000 --> 4 Sin Modificación
01060168001HIGOS SECOS RECUBIERTOS D0000299             3U000000000000000000000000 --> 4 Sin Modificación
01060169001BOMBON DE HIGO RELLENO DE0000699             3U000000000000000000000000 --> 4 Sin Modificación
01060111001IBERITOS CREMA DE CACAO M0000110             3U000000000000000000000000 --> 4 Sin Modificación
01008313001CAZON ADOBADO HARINADO   0000799             3W000000000000000000000000 --> 4 Sin Modificación
01060161001CERVEZA MAHOU LATA 33CL  0000000             2U000000000000000000000000 --> 4 Sin Modificación
01060159001MERMELADA PIMENTON DULCE 0000319             3U000000000000000000000000 --> 4 Sin Modificación
01060160001MERMELADA HIGOS TORO SENT0000319             3U000000000000000000000000 --> 4 Sin Modificación
010601740010                        0000209             2U000000000000000000000000 --> 4 Sin Modificación
01060110001NESTEA LIMON PET 1,5 LT  0000169             2U000000000000000000000000 --> 4 Sin Modificación
01060162001IBERITOS YORK 140G       0000185             3U000000000000000000000000 --> 4 Sin Modificación
01060163001IBERITOS PEDRO XIMENEZ 140000185             3U000000000000000000000000 --> 4 Sin Modificación
01005077001000000                   0000000             4W000000000000000000000000 --> 4 Sin Modificación
010083160010                        0000349             3U000000000000000000000000 --> 4 Sin Modificación
010601080010                        0000059             3U000000000000000000000000 --> 4 Sin Modificación
01060120001ACEITE NTRA SRA PIEDAD 5L0001999             3U000000000000000000000000 --> 4 Sin Modificación
01060121001ACEITE NTRA SRA PIEDAD 2L0000895             3U000000000000000000000000 --> 4 Sin Modificación
01060122001ACEITE NTRA SRA PIEDAD 0,0000325             3U000000000000000000000000 --> 4 Sin Modificación
01060123001ACEITE NTRA SRA PIEDAD 0,0000199             3U000000000000000000000000 --> 4 Sin Modificación
01008317001GAMBON 10/20 (2KG) CONARP0002599             3U000000000000000000000000 --> 4 Sin Modificación
01008318001CUERPOS 4/6 P/C CAST COCI0002199             3U000000000000000000000000 --> 4 Sin Modificación
01008080001ENSALADA DE MARISCO(COCKT0000850             3W000000000000000000000000 --> 4 Sin Modificación
01060112001SEVEN UP LATA 33 CL      0000055             2U000000000000000000000000 --> 4 Sin Modificación
01060170001IBERITOS QUESO FUNDIDO 140000385             3U000000000000000000000000 --> 4 Sin Modificación
010601130010                        0000069             2U000000000000000000000000 --> 4 Sin Modificación
01060114001SARDINA ACEITE GIRASOL  R0000079             3U000000000000000000000000 --> 4 Sin Modificación
01060164001IBERITOS CACHUELA 250G   0000215             3U000000000000000000000000 --> 4 Sin Modificación
01008314001FILETE SALMON 300/600    0000599             3W000000000000000000000000 --> 4 Sin Modificación
01008315001LOMO BACALAO CONGELADO   0000895             3U000000000000000000000000 --> 4 Sin Modificación
01000400001TELA DE MANTECA          0000180             3W000000000000000000000000 --> 4 Sin Modificación
01060125001CHICHARRILLO ACTE 12 BALE0000199             3U000000000000000000000000 --> 4 Sin Modificación
01060126001MIGAS DE ATUN ACEITE DIAM0000399             3U000000000000000000000000 --> 4 Sin Modificación
01060127001ATUN ACEITE MONTEY L MONT0000499             3U000000000000000000000000 --> 4 Sin Modificación
01060128001CABALLA ACEITE MONTE 650G0000499             3U000000000000000000000000 --> 4 Sin Modificación
010601300010                        0000100             2U000000000000000000000000 --> 4 Sin Modificación
010601310010                        0000199             2U000000000000000000000000 --> 4 Sin Modificación
010601320010                        0000100             2U000000000000000000000000 --> 4 Sin Modificación
01060133001SARDINILLA ACTE MONTE 6650000599             3U000000000000000000000000 --> 4 Sin Modificación
01060134001CABALLA FILETE ACEITE MON0000199             3U000000000000000000000000 --> 4 Sin Modificación
01060135001SARDINILLAS ACTE VEG G.HO0000199             3U000000000000000000000000 --> 4 Sin Modificación
01060136001CHICHARRILLO ECHE 6/BALEA0000100             3U000000000000000000000000 --> 4 Sin Modificación
01060137001CALAMAR S/AMERICANA MONTE0000100             3U000000000000000000000000 --> 4 Sin Modificación
01060138001MEJILLON ESCHE P-3 MONTE 0000149             3U000000000000000000000000 --> 4 Sin Modificación
01060139001MEJILLON ESCABECHE P MONT0000119             3U000000000000000000000000 --> 4 Sin Modificación
010601400010                        0000199             3U000000000000000000000000 --> 4 Sin Modificación
010601410010                        0000139             2U000000000000000000000000 --> 4 Sin Modificación
010601420010                        0000399             3U000000000000000000000000 --> 4 Sin Modificación
01060143001ATUN CL ACT VEG P-3 NORO 0000125             3U000000000000000000000000 --> 4 Sin Modificación
01060144001ATUN CL ALT OLE 3X52 ISAB0000199             3U000000000000000000000000 --> 4 Sin Modificación
01060145001SARDINILLAS ACTE 20/25 DI0000199             3U000000000000000000000000 --> 4 Sin Modificación
010601460010                        0000175             4U000000000000000000000000 --> 4 Sin Modificación
01060147001SARDINAS ACEITE MONTEY 700000499             3U000000000000000000000000 --> 4 Sin Modificación
01060173001MACARRON GALLO 500G -6- G0000109             3U000000000000000000000000 --> 4 Sin Modificación
01007099001ANIS MOLIDO              0000650             3W000000000000000000000000 --> 4 Sin Modificación
01000722001QUESO CABRA ARANDANOS O N0000499             4U000000000000000000000000 --> 4 Sin Modificación
01008095001CAELLA TAQUITO           0000449             3W000000000000000000000000 --> 4 Sin Modificación
010601150010                        0000250             3U000000000000000000000000 --> 4 Sin Modificación
010601480010                        0000349             3U000000000000000000000000 --> 4 Sin Modificación
010601490010                        0001399             3U000000000000000000000000 --> 4 Sin Modificación
010601500010                        0001299             3U000000000000000000000000 --> 4 Sin Modificación
01000449001CHULETA IBERICA O CHULETE0000999             3W000000000000000000000000 --> 4 Sin Modificación
010601090010                        0000390             2U000000000000000000000000 --> 4 Sin Modificación
01000724001POLLO NAVIDAD            0000499             3W000000000000000000000000 --> 4 Sin Modificación
01000720001QUESO CURADO DE CABRA SOL0000749             4U000000000000000000000000 --> 4 Sin Modificación
01060107001CALDO COCIDO BRIK 1 L    0000125             3U000000000000000000000000 --> 4 Sin Modificación
01000723001PAVO FRESCO TROCEADO     0000450             3W000000000000000000000000 --> 4 Sin Modificación
01060171001VINO PITARRA 5 L CHUDIN  0000739             2U000000000000000000000000 --> 4 Sin Modificación
01060172001VINO PITARRA 2L CHUDIN   0000419             2U000000000000000000000000 --> 4 Sin Modificación
01060175001CHOCOLATE EN POLVO ZAHOR 0000459             3U000000000000000000000000 --> 4 Sin Modificación
010007190010                        0000110             4U000000000000000000000000 --> 4 Sin Modificación
01031015001CENTRO CHULETERO DE LOMO 0001999             3W000000000000000000000000 --> 4 Sin Modificación
01060198001LOMO GIGANTE ATUN JARRY  0000419             3U000000000000000000000000 --> 4 Sin Modificación
01060199001ESPARRAGOS PICNIC JARRY  0000100             3U000000000000000000000000 --> 4 Sin Modificación
01000135001SESOS CORDERO            0000150             3U000000000000000000000000 --> 4 Sin Modificación
01006135001VINO BOD. DAVILA 2 LTROS 0000299             2U000000000000000000000000 --> 4 Sin Modificación
01006188001CERVEZA 1LT. FRIA        0000150             2U000000000000000000000000 --> 4 Sin Modificación
01006231001VARIOS NO PESADO 21%     0000000             2U000000000000000000000000 --> 4 Sin Modificación
010061100010                        0000215             2U000000000000000000000000 --> 4 Sin Modificación
010061300010                        0000379             2U000000000000000000000000 --> 4 Sin Modificación
010061420010                        0000235             2U000000000000000000000000 --> 4 Sin Modificación
010061920010                        0000299             2U000000000000000000000000 --> 4 Sin Modificación
010061930010                        0000285             2U000000000000000000000000 --> 4 Sin Modificación
01006237001PIPAS EXTREMEÑAS AGUASAL 0000125             3U000000000000000000000000 --> 4 Sin Modificación
01006238001COCA COLA 0-0 FRIA LATA  0000075             2U000000000000000000000000 --> 4 Sin Modificación
010062390010                        0000699             2U000000000000000000000000 --> 4 Sin Modificación
010063510010                        0000075             3U000000000000000000000000 --> 4 Sin Modificación
01006352001FLAN EL NIÑO 6 SOBRES    0000135             3U000000000000000000000000 --> 4 Sin Modificación
01006353001PAPEL CELULOSA A-22 6U( S0000270             2U000000000000000000000000 --> 4 Sin Modificación
010004240010                        0000120             3W000000000000000000000000 --> 4 Sin Modificación
01008221001JUDIAS PLANAS 1KG        0000000             4U000000000000000000000000 --> 4 Sin Modificación
01006359001LECHE RIO DESNATADA BRIK 0000090             4U000000000000000000000000 --> 4 Sin Modificación
01000425001RABO CERDO CARNOSO       0000399             3W000000000000000000000000 --> 4 Sin Modificación
01008222001REVUELTO CHAM/ESP/GAMB   0000699             3W000000000000000000000000 --> 4 Sin Modificación
01006371001CACAO POLVO ZAHOR 1KG    0000429             3U000000000000000000000000 --> 4 Sin Modificación
01006377001MORTADELA LUNCH CAMPOFRIO0000599             3W000000000000000000000000 --> 4 Sin Modificación
01006372001TONICA SCHWEPPES LATAS 330000075             2U000000000000000000000000 --> 4 Sin Modificación
01009064001PECHUGA PAVO ADOBAO BIENS0000699             3W000000000000000000000000 --> 4 Sin Modificación
01000660001QUESO FRESCO CABRA MORENO0000460             4U000000000000000000000000 --> 4 Sin Modificación
01006373001AGRIO LIMON 1/2L         0000055             3U000000000000000000000000 --> 4 Sin Modificación
01006357001FIAMB. YORK ALMIREZ LONCH0000000             3W000000000000000000000000 --> 4 Sin Modificación
01008223001PATATA BRAVA ECOFROST    0000149             4U000000000000000000000000 --> 4 Sin Modificación
010063580010                        0000249             2U000000000000000000000000 --> 4 Sin Modificación
01006360001AJO GRANULADO SAZONADOR R0000100             3U000000000000000000000000 --> 4 Sin Modificación
01006361001TE DE HIERBAS NAT. LA BAR0000099             3U000000000000000000000000 --> 4 Sin Modificación
01006374001ALUBIAS PLANCHADA GRANEL 0000325             4W000000000000000000000000 --> 4 Sin Modificación
01006375001ALUBIAS CARILLAS GRANEL P0000240             4W000000000000000000000000 --> 4 Sin Modificación
01006376001GARBANZO PEDROSILLANO GRA0000230             4W000000000000000000000000 --> 4 Sin Modificación
01009066001MAGRETA AJILLO           0000499             3W000000000000000000000000 --> 4 Sin Modificación
010061680010                        0002200             3U000000000000000000000000 --> 4 Sin Modificación
01006362001DONETTES CLASICOS        0000000             3U000000000000000000000000 --> 4 Sin Modificación
01006378001LECHE RIO DESNATADA 1,5L 0000125             4U000000000000000000000000 --> 4 Sin Modificación
01006364001TRIO CABALLA+ MEJILLON+SA0000290             3U000000000000000000000000 --> 4 Sin Modificación
01031008001JAMON SIERRA MAGACELA C/P0000000             3W000000000000000000000000 --> 4 Sin Modificación
01006365001FANTA LIMON LATA 33      0000069             2U000000000000000000000000 --> 4 Sin Modificación
01006366001SALADILLOS 130GR P/12    0000124             3U000000000000000000000000 --> 4 Sin Modificación
01006367001GARBANZOS H. POLO P/12   0000124             3U000000000000000000000000 --> 4 Sin Modificación
01006368001PRINGLES ORIGINAL P/12   0000107             3U000000000000000000000000 --> 4 Sin Modificación
01006355001BAGUETTE (PAN)           0000081             4U000000000000000000000000 --> 4 Sin Modificación
01006369001PIPAS PELADAS H. POLO P/10000124             3U000000000000000000000000 --> 4 Sin Modificación
01006370001PRINGLES PAPRIKA P/12    0000107             3U000000000000000000000000 --> 4 Sin Modificación
01006356001PAN PRECOCIDO            0000156             4U000000000000000000000000 --> 4 Sin Modificación
01006380001AGUJA EN ACEITE GIRASOL  0000413             3U000000000000000000000000 --> 4 Sin Modificación
01006385001SARDINAS PICANTE VEGAL   0000259             3U000000000000000000000000 --> 4 Sin Modificación
01006386001DESAYUNO 5.CER. S/A (GALL0000199             3U000000000000000000000000 --> 4 Sin Modificación
01006387001DESAYUNO BY MIEL         0000159             3U000000000000000000000000 --> 4 Sin Modificación
01006388001DESAYUNO MANZANA         0000169             3U000000000000000000000000 --> 4 Sin Modificación
01000641001QUESO RALLADO EN POLVO RE0000159             4U000000000000000000000000 --> 4 Sin Modificación
01060036001MEJILLON JARRY 10/15P    0000120             3U000000000000000000000000 --> 4 Sin Modificación
01006381001PIMENTON DULCE LATA 100GR0000219             3U000000000000000000000000 --> 4 Sin Modificación
010006390010                        0000000             4W000000000000000000000000 --> 4 Sin Modificación
010006430010                        0000120             4U000000000000000000000000 --> 4 Sin Modificación
01006446001EDULCORANTE              0000199             3U000000000000000000000000 --> 4 Sin Modificación
01007007001AJO GRANULADO C/25KG     0000799             4W000000000000000000000000 --> 4 Sin Modificación
010063980010                        0000000             3U000000000000000000000000 --> 4 Sin Modificación
01000645001QUESO LONCHAS RENY R.P 300000150             4U000000000000000000000000 --> 4 Sin Modificación
01000646001QUESO RENY FUNDIDO PORCIO0000110             4U000000000000000000000000 --> 4 Sin Modificación
010006470010                        0000105             3U000000000000000000000000 --> 4 Sin Modificación
01000648001RENY NATILLAS VAINILL 1LT0000199             3U000000000000000000000000 --> 4 Sin Modificación
01006383001GALLETA HELADOS          0000035             3U000000000000000000000000 --> 4 Sin Modificación
01000649001QUESO RENY AZUL PORCIONES0000115             4U000000000000000000000000 --> 4 Sin Modificación
01000333001PESTOREJO ASADO          0000849             3W000000000000000000000000 --> 4 Sin Modificación
01006220001VARIOS PESADO            0000000             3W000000000000000000000000 --> 4 Sin Modificación
01000415001CARNES VARIAS            0000000             3U000000000000000000000000 --> 4 Sin Modificación
01008058001GRAN ALMENDRADO          0000239             3U000000000000000000000000 --> 4 Sin Modificación
010080520010                        0000119             3U000000000000000000000000 --> 4 Sin Modificación
01008109001ICE TORNADO 6U           0000249             3U000000000000000000000000 --> 4 Sin Modificación
01008060001BOMBON CROCANTI          0000249             3U000000000000000000000000 --> 4 Sin Modificación
01008055001BOMBON ALMENDRA 5U       0000189             3U000000000000000000000000 --> 4 Sin Modificación
01008050001CONOS HELADOS            0000149             3U000000000000000000000000 --> 4 Sin Modificación
01008064001CONOS SIN AZUCAR         0000239             3U000000000000000000000000 --> 4 Sin Modificación
01008110001BARRA TUTTI FRUTTI       0000225             3U000000000000000000000000 --> 4 Sin Modificación
01008069001BARRA TURRON HELADO      0000199             3U000000000000000000000000 --> 4 Sin Modificación
01008111001CHOC-BOM HELADO          0000269             3U000000000000000000000000 --> 4 Sin Modificación
01008061001CONOS TURRON 4UD         0000199             3U000000000000000000000000 --> 4 Sin Modificación
01008066001POLOS KELIA SURTIDO      0000100             2U000000000000000000000000 --> 4 Sin Modificación
01008051001SANDWICH HELADOS         0000199             3U000000000000000000000000 --> 4 Sin Modificación
01008054001SURTIDO FRUIT HELADOS    0000289             3U000000000000000000000000 --> 4 Sin Modificación
01008112001BOMBON NATA              0000225             3U000000000000000000000000 --> 4 Sin Modificación
01008113001CONO VAINILLA-CHOCOL 6U  0000249             3U000000000000000000000000 --> 4 Sin Modificación
01008114001CONO TURRON              0000179             3U000000000000000000000000 --> 4 Sin Modificación
01008115001SANDWICH SIN AZUCAR      0000239             3U000000000000000000000000 --> 4 Sin Modificación
01008092001MERLUZA MEDALLON RODAJA  0000699             3U000000000000000000000000 --> 4 Sin Modificación
01000001001LOTE CERDO 1             0000399             3W000000000000000000000000 --> 4 Sin Modificación
01000002001LOTE CERDO 2             0000449             3W000000000000000000000000 --> 4 Sin Modificación
01000003001LOTE CERDO 3             0000499             3W000000000000000000000000 --> 4 Sin Modificación
01000004001LOTE CERDO 4             0000399             3W000000000000000000000000 --> 4 Sin Modificación
01000005001LOTE CERDO 5             0000399             3W000000000000000000000000 --> 4 Sin Modificación
01000006001LOTE CERDO 6             0000499             3W000000000000000000000000 --> 4 Sin Modificación
01000008001LOTE POLLO 1             0000233             3W000000000000000000000000 --> 4 Sin Modificación
01000009001LOTE POLLO 2             0000220             3W000000000000000000000000 --> 4 Sin Modificación
01000010001LOTE POLLO 3             0000000             3W000000000000000000000000 --> 4 Sin Modificación
01000011001LOTE POLLO 4             0000000             3W000000000000000000000000 --> 4 Sin Modificación
01009022001LONCHEADO VARIO AL VACIO 0000000             3U000000000000000000000000 --> 4 Sin Modificación
01041004001TAQUITOS DE JAMON        0000799             3W000000000000000000000000 --> 4 Sin Modificación
01041000001JAMON DE CEBO IBERICO 50%0000000             3U000000000000000000000000 --> 4 Sin Modificación
01009033001JAMON COCIDO AL CORTE    0000899             3W000000000000000000000000 --> 4 Sin Modificación
01009034001MORTADELA CON ACEITUNA AL0000599             3W000000000000000000000000 --> 4 Sin Modificación
01009035001MORTADELA SICILIANA AL CO0000599             3W000000000000000000000000 --> 4 Sin Modificación
01009036001PECHUGA PAVO VERDURAS SIE0000899             3W000000000000000000000000 --> 4 Sin Modificación
01009037001CHOPPED DE TERNERA (CHOPP0000699             3W000000000000000000000000 --> 4 Sin Modificación
01009038001CHOPPED DE CERDO O PORK A0000599             3W000000000000000000000000 --> 4 Sin Modificación
01060433001HUEVOS CHOCO 1EU         0000000             3U000000000000000000000000 --> 4 Sin Modificación
01060292001TOMATE NATURAL PACK 3 X 20000075             3U000000000000000000000000 --> 4 Sin Modificación
01009039001CHOPPED DE LATA AL CORTE 0000899             3W000000000000000000000000 --> 4 Sin Modificación
01009040001BEICON LONCHEADO         0000599             3W000000000000000000000000 --> 4 Sin Modificación
01009042001PECHUGA PAVO F.H. BIENSTA0000699             3W000000000000000000000000 --> 4 Sin Modificación
01009043001CABEZA DE JABALI  (BUDIN 0000899             3W000000000000000000000000 --> 4 Sin Modificación
01009044001SALAMI AL CORTE          0000899             3W000000000000000000000000 --> 4 Sin Modificación
01009046001JAMON COCIDO LONCHAS 115 0000100             3U000000000000000000000000 --> 4 Sin Modificación
01009047001CHOPPED DE PAVO AL CORTE 0000699             3W000000000000000000000000 --> 4 Sin Modificación
01009050001SALCHICHAS FRANKFUR 1KG  0000349             3U000000000000000000000000 --> 4 Sin Modificación
01008119001RODAJA DE CAZON          0000349             3W000000000000000000000000 --> 4 Sin Modificación
01008120001PALITO DE SURIMI-VARITAS 0000095             3U000000000000000000000000 --> 4 Sin Modificación
01008121001MUSLITO DE MAR 250G      0000149             3U000000000000000000000000 --> 4 Sin Modificación
010081220010                        0000199             3U000000000000000000000000 --> 4 Sin Modificación
01008124001VARITAS DE MERLUZA       0000299             3U000000000000000000000000 --> 4 Sin Modificación
01009051001MORTAD.PAVO C/ACEITUNAS  0000699             3W000000000000000000000000 --> 4 Sin Modificación
01006232001JAMON  DE PAVO AL CORTE  0000649             3W000000000000000000000000 --> 4 Sin Modificación
01006233001MORTADELA IBERICA AL CORT0000699             3W000000000000000000000000 --> 4 Sin Modificación
01008125001ARROZ 3DELICIAS          0000299             3U000000000000000000000000 --> 4 Sin Modificación
01006234001PIC KAMPER NORMAL AL CORT0000899             3W000000000000000000000000 --> 4 Sin Modificación
01006235001PIC KAMPER VERDURA AL COR0000899             3W000000000000000000000000 --> 4 Sin Modificación
01008126001MINIFLAMENQUITOS         0000399             3U000000000000000000000000 --> 4 Sin Modificación
010081270010                        0000249             3U000000000000000000000000 --> 4 Sin Modificación
010081280010                        0000269             3U000000000000000000000000 --> 4 Sin Modificación
01008129001LOMOS BACALAO 6/7        0001199             3W000000000000000000000000 --> 4 Sin Modificación
01009052001ROULADA CON PISTACHOS ARG0001199             3W000000000000000000000000 --> 4 Sin Modificación
01000334001PAPADA CERDO  C/P SIN RAS0000349             3W000000000000000000000000 --> 4 Sin Modificación
01000335001PATA CERDO               0000349             3W000000000000000000000000 --> 4 Sin Modificación
01008015001FILETE MERLUZA  8/10 ENVU0000599             3W000000000000000000000000 --> 4 Sin Modificación
01060192001REVUELTO EXTRA HH TARR   0000100             3U000000000000000000000000 --> 4 Sin Modificación
01060193001PANCHITOS FRITOS HH TARR 0000100             3U000000000000000000000000 --> 4 Sin Modificación
01060194001PANCHITOS TOST HH TARRIN 0000100             3U000000000000000000000000 --> 4 Sin Modificación
01060195001PIPA CALABAZA BUMBO HH TA0000100             3U000000000000000000000000 --> 4 Sin Modificación
01060196001GARBANZO AMARILLO HH TARR0000100             3U000000000000000000000000 --> 4 Sin Modificación
010601970010                        0000209             3U000000000000000000000000 --> 4 Sin Modificación
01060200001CALDO CASERO G. BLANCA CO0000149             3U000000000000000000000000 --> 4 Sin Modificación
010602010010                        0000709             2U000000000000000000000000 --> 4 Sin Modificación
010602020010                        0000709             2U000000000000000000000000 --> 4 Sin Modificación
010602030010                        0000709             2U000000000000000000000000 --> 4 Sin Modificación
01060204001CALDO PAELLA DON SIMON BR0000199             3U000000000000000000000000 --> 4 Sin Modificación
01060209001GALLETA COCO INT. S/AZUCA0000699             3W000000000000000000000000 --> 4 Sin Modificación
01060210001LOTE SARDINA PAK         0000250             3U000000000000000000000000 --> 4 Sin Modificación
01000451001MONDONGO                 0000650             3W000000000000000000000000 --> 4 Sin Modificación
01008071001LAGRIMITAS DE POLLO (TIRA0000449             3U000000000000000000000000 --> 4 Sin Modificación
01000015001ALMEJAS 40/60 ( OFERTA 3 0000000             3U000000000000000000000000 --> 4 Sin Modificación
01000601001ALAS DE PAVO FRESCA      0000199             3W000000000000000000000000 --> 4 Sin Modificación
01000602001PECHUGA DE PAVO FRESCA CA0000750             3W000000000000000000000000 --> 4 Sin Modificación
01042002001PALETA DE CEBO IBERICA 500000000             3U000000000000000000000000 --> 4 Sin Modificación
01008123001MINI EMPANADILLA 1K      0000299             3U000000000000000000000000 --> 4 Sin Modificación
01006250001AGUA MINERAL 50CL        0000035             3U000000000000000000000000 --> 4 Sin Modificación
01006253001CAÑAS DE CHOCOLATE MEDINA0000599             3W000000000000000000000000 --> 4 Sin Modificación
01006256001DULCE A GRANEL SIN AZUCAR0000699             3W000000000000000000000000 --> 4 Sin Modificación
01006264001PATATAS EL PUEBLO200GSIN 0000155             3U000000000000000000000000 --> 4 Sin Modificación
01006265001PATATAS FRITAS MEDIANAS  0000125             3U000000000000000000000000 --> 4 Sin Modificación
010062660010                        0000000             3U000000000000000000000000 --> 4 Sin Modificación
01006249001AGUA MINERAL 5LT         0000089             3U000000000000000000000000 --> 4 Sin Modificación
01006243001ACEITUNAS FERNANDEZ      0000290             3U000000000000000000000000 --> 4 Sin Modificación
010063430010                        0000199             3U000000000000000000000000 --> 4 Sin Modificación
01006248001ATUN JARRY FAMILIAR      0000269             3U000000000000000000000000 --> 4 Sin Modificación
01006251001PASTAS                   0000364             3U000000000000000000000000 --> 4 Sin Modificación
01006254001BOLLAS                   0000349             3U000000000000000000000000 --> 4 Sin Modificación
01000762001CREMA QUESO MEZCLA FOMDIS0000125             4U000000000000000000000000 --> 4 Sin Modificación
01006255001DULCES A GRANEL          0000499             3W000000000000000000000000 --> 4 Sin Modificación
01006262001BICARBONATO              0000075             3U000000000000000000000000 --> 4 Sin Modificación
01006263001SACARINA                 0000215             3U000000000000000000000000 --> 4 Sin Modificación
01006267001PATE LA PIARA IBERICO 2ud0000185             3U000000000000000000000000 --> 4 Sin Modificación
01006268001PERRUNILLAS (VEGAL)      0000600             3W000000000000000000000000 --> 4 Sin Modificación
01008133001BOMBON SIN LACTOSA       0000249             3U000000000000000000000000 --> 4 Sin Modificación
01008134001BARRA SIN AZUCAR TRES GUS0000249             3U000000000000000000000000 --> 4 Sin Modificación
01008135001TARTA HELADAS            0000299             3U000000000000000000000000 --> 4 Sin Modificación
01008136001MINI BOMBON SIN AZUCAR   0000239             3U000000000000000000000000 --> 4 Sin Modificación
01000018001LOTE FIAMBRE 350 G       0000568             3W000000000000000000000000 --> 4 Sin Modificación
01008137001ICE FRUIT(NARANJ-LIMO) 3U0000249             3U000000000000000000000000 --> 4 Sin Modificación
01008138001ALEHOOP(CALIPO)4FRE-4LIMA0000000             3U000000000000000000000000 --> 4 Sin Modificación
01008139001CICLON PIÑA-FRES-LIMON   0000239             3U000000000000000000000000 --> 4 Sin Modificación
01006269001VINAGRE 0.5LTRO          0000049             3U000000000000000000000000 --> 4 Sin Modificación
01006270001PATE APIS PACK 3 LATA 80G0000169             3U000000000000000000000000 --> 4 Sin Modificación
01006271001TOMATE FRITO CARRETILL 550000100             3U000000000000000000000000 --> 4 Sin Modificación
01006272001COCKTAIL FRUTAS          0000199             3U000000000000000000000000 --> 4 Sin Modificación
01006284001NATILLAS 2U              0000075             3U000000000000000000000000 --> 4 Sin Modificación
01006286001DESNATADOS SABORES       0000100             3U000000000000000000000000 --> 4 Sin Modificación
01006287001DESNATADOS CREMOSOS      0000139             3U000000000000000000000000 --> 4 Sin Modificación
01006288001YOGUR BEBIDO 700ML       0000169             3U000000000000000000000000 --> 4 Sin Modificación
010062890010                        0000125             3U000000000000000000000000 --> 4 Sin Modificación
01006290001PIÑONES                  0000290             3U000000000000000000000000 --> 4 Sin Modificación
01006291001INFUSIONES 10 SOBRES     0000075             3U000000000000000000000000 --> 4 Sin Modificación
01006292001TISANA 10 SOBRES         0000125             3U000000000000000000000000 --> 4 Sin Modificación
01006294001GALLETAS CASTELL. S/AZ   0000543             3U000000000000000000000000 --> 4 Sin Modificación
010062930010                        0000149             3U000000000000000000000000 --> 4 Sin Modificación
010062950010                        0000265             3U000000000000000000000000 --> 4 Sin Modificación
01006280001ZUMO  MELOC/MANZ/UV. P-6 0000169             2U000000000000000000000000 --> 4 Sin Modificación
01006281001LENTEJAS ESTON 500G      0000119             4U000000000000000000000000 --> 4 Sin Modificación
01006282001SALCHICHAS FRANKFUR PERRI0000349             3U000000000000000000000000 --> 4 Sin Modificación
01006283001YOGUR SABORES 4ud        0000099             3U000000000000000000000000 --> 4 Sin Modificación
010062730010                        0000165             3U000000000000000000000000 --> 4 Sin Modificación
01006274001NOCILLA                  0000199             3U000000000000000000000000 --> 4 Sin Modificación
01006275001LECHE CONDENSADA LA LECHE0000175             3U000000000000000000000000 --> 4 Sin Modificación
01006276001CAFE DESCAF.MOLIDO 250G  0000275             3U000000000000000000000000 --> 4 Sin Modificación
01006277001CAFE NATURAL MOLIDO 250G-0000225             3U000000000000000000000000 --> 4 Sin Modificación
010062790010                        0000159             2U000000000000000000000000 --> 4 Sin Modificación
01006278001CAFE TORREFACTO MOLID 2500000225             3U000000000000000000000000 --> 4 Sin Modificación
01006296001PATATA LA EXTREME. DOR PE0000140             3U000000000000000000000000 --> 4 Sin Modificación
01000650001QUESO RENY RALLADO MOZZAR0000159             4U000000000000000000000000 --> 4 Sin Modificación
01000651001QUESO RENY CHEDDAR DADOS 0000169             4U000000000000000000000000 --> 4 Sin Modificación
01008224001BASE PIZZA               0000149             3U000000000000000000000000 --> 4 Sin Modificación
01006399001LECHE EVAPORADA 500CC    0000115             4U000000000000000000000000 --> 4 Sin Modificación
01006400001RENY BEKHMEL BECHAMEL 5000000160             3U000000000000000000000000 --> 4 Sin Modificación
01006401001CLESA PETIT FRESA CON FRU0000110             4U000000000000000000000000 --> 4 Sin Modificación
01006402001CLESA JELLY MILK 90G     0000100             3U000000000000000000000000 --> 4 Sin Modificación
010064030010000                     0000139             3U000000000000000000000000 --> 4 Sin Modificación
01006404001NESCAFE MACCHIATO O ESPRE0000139             3U000000000000000000000000 --> 4 Sin Modificación
01006405001NESTLE LIQ FRESA O FRESA 0000100             3U000000000000000000000000 --> 4 Sin Modificación
01006406001GRIEGO                   0000149             3U000000000000000000000000 --> 4 Sin Modificación
01006407001CLESA FLAN HUEVO P4      0000135             3U000000000000000000000000 --> 4 Sin Modificación
01006408001CLESA SABOR              0000100             3U000000000000000000000000 --> 4 Sin Modificación
01006409001CLESA DESNATADOS 125G    0000100             3U000000000000000000000000 --> 4 Sin Modificación
01006410001CLESA CREMA BOMBON BLANCO0000149             3U000000000000000000000000 --> 4 Sin Modificación
01006411001CLESA CREMA BOMBON S/ LAC0000149             3U000000000000000000000000 --> 4 Sin Modificación
01006412001CLESA CREMA DE BOMBON 1250000110             3U000000000000000000000000 --> 4 Sin Modificación
01006413001CLESA Y AZUCARADO S/ LACT0000149             3U000000000000000000000000 --> 4 Sin Modificación
01006414001CLESA FRESA S/LACTOSA    0000149             3U000000000000000000000000 --> 4 Sin Modificación
01000613001QUESO LONCHA TRAD.OVEJA M0000390             4U000000000000000000000000 --> 4 Sin Modificación
01006415001CLESA FLAN DE VAINILLA P40000100             3U000000000000000000000000 --> 4 Sin Modificación
010006400010                        0000510             4U000000000000000000000000 --> 4 Sin Modificación
01006416001CLESA DESN TROPICAL 125G 0000100             3U000000000000000000000000 --> 4 Sin Modificación
01006417001CLESA AZUCARADO 125G     0000100             3U000000000000000000000000 --> 4 Sin Modificación
01006418001CLESA DESN NATURAL EDULC.0000100             3U000000000000000000000000 --> 4 Sin Modificación
010064190010                        0000100             3U000000000000000000000000 --> 4 Sin Modificación
01006420001CREMA PECHUGA PAVO       0000100             3U000000000000000000000000 --> 4 Sin Modificación
010064210010                        0000100             3U000000000000000000000000 --> 4 Sin Modificación
010064220010                        0000259             3U000000000000000000000000 --> 4 Sin Modificación
01006423001BOQUERON VINAGRE M.CLAROS0000199             3U000000000000000000000000 --> 4 Sin Modificación
010006520010                        0000560             4U000000000000000000000000 --> 4 Sin Modificación
010006530010                        0000725             4U000000000000000000000000 --> 4 Sin Modificación
0100065400100000000                 0000000             4U000000000000000000000000 --> 4 Sin Modificación
010006550010                        0000460             4U000000000000000000000000 --> 4 Sin Modificación
01006424001CALLOS TERNERA COCINADOS 0001099             3U000000000000000000000000 --> 4 Sin Modificación
01006425001CACAO POLVO NESQUIK INSTA0000249             3U000000000000000000000000 --> 4 Sin Modificación
01006384001GALLETAS COCO INT. BARI. 0000699             3W000000000000000000000000 --> 4 Sin Modificación
01000111001CABRITO                  0010000             3U000000000000000000000000 --> 4 Sin Modificación
01006426001ALUBIAS NTRAL CONSEMUR CR0000075             3U000000000000000000000000 --> 4 Sin Modificación
010064270010                        0000099             3U000000000000000000000000 --> 4 Sin Modificación
01006428001TOMATE NATURAL ENTERO 4800000100             3U000000000000000000000000 --> 4 Sin Modificación
01006429001ARROZ SOS PAPEL 1K       0000189             4U000000000000000000000000 --> 4 Sin Modificación
010064300010                        0000299             3U000000000000000000000000 --> 4 Sin Modificación
01006431001GARBANZO BCOS. CONSEMUR 10000135             4U000000000000000000000000 --> 4 Sin Modificación
01006432001ALUBIAS LUENGO CARILLA 500000139             4U000000000000000000000000 --> 4 Sin Modificación
010064330010                        0000119             3U000000000000000000000000 --> 4 Sin Modificación
010064340010                        0000159             3U000000000000000000000000 --> 4 Sin Modificación
01006435001TOMATE FRITO APIS FRUCO B0000075             3U000000000000000000000000 --> 4 Sin Modificación
01006436001PASTAS GALLO ESPAGHETTIS 0000099             3U000000000000000000000000 --> 4 Sin Modificación
01006437001PASTAS GALLO FIDEOS 2 5000000109             3U000000000000000000000000 --> 4 Sin Modificación
01006438001PASTAS  MACARRONES PLUMAS0000125             3U000000000000000000000000 --> 4 Sin Modificación
010069190010                        0000115             3U000000000000000000000000 --> 4 Sin Modificación
01000112001CARNE CORDERO            0001150             3W000000000000000000000000 --> 4 Sin Modificación
01006439001000000                   0000109             3U000000000000000000000000 --> 4 Sin Modificación
01000113001CANAL CORDERO LECHAL     0010000             3U000000000000000000000000 --> 4 Sin Modificación
01000644001QUESO FUND. LONCHAS 150G 0000079             4U000000000000000000000000 --> 4 Sin Modificación
01000656001QUESO MEDINA             0001050             4U000000000000000000000000 --> 4 Sin Modificación
01000658001QUESO LAS TERCERAS       0000899             4U000000000000000000000000 --> 4 Sin Modificación
01008225001BOCADITOS DE JAMON Y QUES0000299             3U000000000000000000000000 --> 4 Sin Modificación
01009076001MORCILLA BERCERA         0000000             3W000000000000000000000000 --> 4 Sin Modificación
01006440001GALLETAS PRINCIPE P-3X3000000359             3U000000000000000000000000 --> 4 Sin Modificación
01009072001JAMON DE PAVO 500G. ELPOZ0000200             3U000000000000000000000000 --> 4 Sin Modificación
01009073001CHOPP PAVO MAXI 500G . EL0000200             3U000000000000000000000000 --> 4 Sin Modificación
01009074001MORTADELA PAVO 500G. ELPO0000200             3U000000000000000000000000 --> 4 Sin Modificación
01000614001ALBONDIGAS POLLO         0000580             3W000000000000000000000000 --> 4 Sin Modificación
010064570010                        0000000             3U000000000000000000000000 --> 4 Sin Modificación
010064580010                        0000100             3U000000000000000000000000 --> 4 Sin Modificación
01006379001PRUEBA DE SALCHICHON IBER0000699             3W000000000000000000000000 --> 4 Sin Modificación
01009067001*LOMO CEBO IBE 50% RAZA I0002999             3W000000000000000000000000 --> 4 Sin Modificación
01009068001*LOMO BELLOTA IBE 50% RAZ0003299             3W000000000000000000000000 --> 4 Sin Modificación
01009069001LOMO CRUZADO CURADO PIMEN0001250             3W000000000000000000000000 --> 4 Sin Modificación
01007012001HIERBABUENA CORTADA B/1,50000750             3W000000000000000000000000 --> 4 Sin Modificación
01007048001CEBOLLA COCIDA B.5 KG C/10000149             3W000000000000000000000000 --> 4 Sin Modificación
01000227001HUESO TERNERA            0000120             3W000000000000000000000000 --> 4 Sin Modificación
01060217001PIPAS EXTREMEÑAS ZERO SAL0000125             3U000000000000000000000000 --> 4 Sin Modificación
01060218001PIPAS EXTREMEÑAS SAL 130 0000125             3U000000000000000000000000 --> 4 Sin Modificación
01000739001QUESO OVEJA CURADO MANCHE0000899             4W000000000000000000000000 --> 4 Sin Modificación
01060211001LECHE RIO ENTERA BRIK 1L 0000075             4U000000000000000000000000 --> 4 Sin Modificación
01060205001EMPANADILLAS DULCES ARTES0000450             3U000000000000000000000000 --> 4 Sin Modificación
01060206001PIÑONATE DULCES ARTESANOS0000500             3U000000000000000000000000 --> 4 Sin Modificación
01060207001PESTIÑO DULCES ARTESANOS 0000350             3U000000000000000000000000 --> 4 Sin Modificación
01060208001EMPANADA DULCES ARTESANOS0000750             3U000000000000000000000000 --> 4 Sin Modificación
01060212001NESTEA LIMON LATA 33 CL T0000089             2U000000000000000000000000 --> 4 Sin Modificación
01000733001QUESO MINI GUILERO       0001299             4W000000000000000000000000 --> 4 Sin Modificación
01000734001QUESO FLOR DE ESGUEVA VIE0001299             4W000000000000000000000000 --> 4 Sin Modificación
01000735001QUESO EL CIGARRAL        0000799             4W000000000000000000000000 --> 4 Sin Modificación
01000736001QUESO EL VENTERO S/LACTOS0000249             4U000000000000000000000000 --> 4 Sin Modificación
01000737001QUESO EL VENTERO S/LACTOS0000149             4U000000000000000000000000 --> 4 Sin Modificación
01000738001QUESO EL VENTERO S/LACTOS0000499             4U000000000000000000000000 --> 4 Sin Modificación
010007320010                        0000270             4U000000000000000000000000 --> 4 Sin Modificación
01060221001ANCHOA MENU ACE. VEGETAL 0000105             3U000000000000000000000000 --> 4 Sin Modificación
01060180001MAGDALENA MALTITOL       0000000             3W000000000000000000000000 --> 4 Sin Modificación
01060222001CREMA C/ORUJO LA EXTREMEÑ0000000             2U000000000000000000000000 --> 4 Sin Modificación
01060190001GOURMET ENSALADA HH TARRI0000135             4U000000000000000000000000 --> 4 Sin Modificación
010083250010                        0000449             3W000000000000000000000000 --> 4 Sin Modificación
01000726001QUESO PIZARRAL           0001499             4W000000000000000000000000 --> 4 Sin Modificación
010083260010                        0000299             3W000000000000000000000000 --> 4 Sin Modificación
01060191001PATATAS HH BOLSA 150G    0000100             3U000000000000000000000000 --> 4 Sin Modificación
010007300010                        0000999             4U000000000000000000000000 --> 4 Sin Modificación
010007310010                        0000949             4W000000000000000000000000 --> 4 Sin Modificación
01008319001BACALAO LOMO TACO 400 GRS0000349             3U000000000000000000000000 --> 4 Sin Modificación
01060219001PATE APIS 200 GRS        0000120             3U000000000000000000000000 --> 4 Sin Modificación
01008324001CAELLA RODAJA S/P    1KG 0000399             3U000000000000000000000000 --> 4 Sin Modificación
01060177001SARDINILLAS JARRY 2€ PESO0000200             3U000000000000000000000000 --> 4 Sin Modificación
01060181001TARTAS MANZANA MALTITOL  0000000             3W000000000000000000000000 --> 4 Sin Modificación
01060182001BIZCOCHO CORTADO MALTITOL0000000             3W000000000000000000000000 --> 4 Sin Modificación
01060183001ROSCAS ALMENDRAS MALTITOL0000000             3W000000000000000000000000 --> 4 Sin Modificación
01060184001MANTECADOS MALTITOL VEGAL0000000             3W000000000000000000000000 --> 4 Sin Modificación
01060185001RIZADAS HUEVO ENV MALTITO0000000             3W000000000000000000000000 --> 4 Sin Modificación
01060186001BARCOS CREMA MALTITOL    0000000             3W000000000000000000000000 --> 4 Sin Modificación
01060178001SARDINAS JARRY 2€ PESO NE0000200             3U000000000000000000000000 --> 4 Sin Modificación
01060187001PERRUNILLAS MALTITOL     0000000             3W000000000000000000000000 --> 4 Sin Modificación
01060188001BOLLUELAS MALTITOL       0000000             3W000000000000000000000000 --> 4 Sin Modificación
01000727001QUESO FRESCO 400G. LA CHA0000395             4U000000000000000000000000 --> 4 Sin Modificación
01000728001QUESO TIERNO SIN LACTOSA 0000449             4U000000000000000000000000 --> 4 Sin Modificación
01000450001PLUMA DE BELLOTA IBERICA 0000000             3W000000000000000000000000 --> 4 Sin Modificación
01008321001PALITOS BACALAO CORTOS SI0000499             3U000000000000000000000000 --> 4 Sin Modificación
01005079001ZANAHORIA A GRANEL       0000100             4W000000000000000000000000 --> 4 Sin Modificación
01060213001GORRIAGA R. PACK         0000159             3U000000000000000000000000 --> 4 Sin Modificación
010602140010                        0000245             2U000000000000000000000000 --> 4 Sin Modificación
01008322001BACALAO DESMIGADO 1KG    0000849             3U000000000000000000000000 --> 4 Sin Modificación
01008323001BACALAO LOMO TACO 1KG    0000849             3U000000000000000000000000 --> 4 Sin Modificación
01060179001ALMEJONES JARRY          0000149             3U000000000000000000000000 --> 4 Sin Modificación
010602150010                        0000069             4U000000000000000000000000 --> 4 Sin Modificación
010602160010                        0000069             4U000000000000000000000000 --> 4 Sin Modificación
01000741001RULO DE CABRA 1KG        0001099             4W000000000000000000000000 --> 4 Sin Modificación
010007440010                        0000599             4U000000000000000000000000 --> 4 Sin Modificación
010007450010                        0000999             4U000000000000000000000000 --> 4 Sin Modificación
01060224001MARGARINA TULIPAN 500G   0000195             3U000000000000000000000000 --> 4 Sin Modificación
01000256001BURGER MEAT TERNERA ARGEN0000695             3W000000000000000000000000 --> 4 Sin Modificación
01060239001NATA COCINAR ALTEZA BRIK 0000069             3U000000000000000000000000 --> 4 Sin Modificación
01060240001MANTEQUILLA ASTURIANA BAR0000269             3U000000000000000000000000 --> 4 Sin Modificación
01060252001ROSCA DULCES ARTESANOS   0000450             3U000000000000000000000000 --> 4 Sin Modificación
01000743001QUESO CURADO MEZCL MORAN 0000799             4W000000000000000000000000 --> 4 Sin Modificación
01060234001BERENJENAS LA PLAZA PE 380000185             3U000000000000000000000000 --> 4 Sin Modificación
01060253001PERRUNILLAS DULCES ARTESA0000250             3U000000000000000000000000 --> 4 Sin Modificación
01060254001FLORES DULCES ARTESANOS  0000450             3W000000000000000000000000 --> 4 Sin Modificación
01000742001QUESO FRESCO REQUESON    0000499             4U000000000000000000000000 --> 4 Sin Modificación
01060237001CERVEZA KRIS KRAS GELGIAN0000275             2U000000000000000000000000 --> 4 Sin Modificación
01060238001CERVEZA BUNNY DOPPELBOCK 0000275             2U000000000000000000000000 --> 4 Sin Modificación
01060235001QUESO PHILADELPHIA NATURA0000169             4U000000000000000000000000 --> 4 Sin Modificación
01060236001NATA COCINA ASTURIANA BRI0000199             3U000000000000000000000000 --> 4 Sin Modificación
01060255001GALLETAS DULCES ARTESANOS0000250             3U000000000000000000000000 --> 4 Sin Modificación
01060242001BOLAS DE QUESO BOLSA HH  0000100             3U000000000000000000000000 --> 4 Sin Modificación
01060243001PALOMITAS MANTEQUILLA BOL0000100             3U000000000000000000000000 --> 4 Sin Modificación
01060244001GUSANITOS ROJOS BOLSA HH 0000100             3U000000000000000000000000 --> 4 Sin Modificación
01060245001CORTEZA DE CERDO BOLSA HH0000125             3U000000000000000000000000 --> 4 Sin Modificación
01060246001CORTEZAS DE TRIGO BOLSA H0000100             3U000000000000000000000000 --> 4 Sin Modificación
01060247001COCKTAIL SNACK BOLSA HH  0000100             3U000000000000000000000000 --> 4 Sin Modificación
01060248001BARRITAS KETCHUP HH 130  0000125             3U000000000000000000000000 --> 4 Sin Modificación
01060249001KONOS BOLSA HH 185 GR    0000125             3U000000000000000000000000 --> 4 Sin Modificación
01060250001PATATAS CHIPS BOLSA HH   0000125             3U000000000000000000000000 --> 4 Sin Modificación
01060251001PATATAS HH BOLSA 150G    0000100             3U000000000000000000000000 --> 4 Sin Modificación
01000452001CARETA CON OREJA         0000349             3W000000000000000000000000 --> 4 Sin Modificación
01005081001CALABAZA FRESCA          0000000             4W000000000000000000000000 --> 4 Sin Modificación
010050820010000000                  0000000             4W000000000000000000000000 --> 4 Sin Modificación
01060232001ROLLO NARANJA SA         0000209             3U000000000000000000000000 --> 4 Sin Modificación
01060233001ENSAIMADAS 300G          0000209             3U000000000000000000000000 --> 4 Sin Modificación
01060227001TORREZNO BBQ EXP 6 (REYES0000215             3U000000000000000000000000 --> 4 Sin Modificación
01060228001PALOMITAS MICRO 22U (REYE0000095             3U000000000000000000000000 --> 4 Sin Modificación
01060229001ALMENDRA CRUDA ROJO (REYE0000200             4U000000000000000000000000 --> 4 Sin Modificación
01060230001NUECES MONDADAS ROJO (REY0000200             4U000000000000000000000000 --> 4 Sin Modificación
01060231001NUECES VERDE GIG (REYES)10000200             4U000000000000000000000000 --> 4 Sin Modificación
01000454001JAMON DE CEBO IBERICO 75%0000000             3W000000000000000000000000 --> 4 Sin Modificación
01000453001JAMON DE CEBO IBERICO 1000000000             3W000000000000000000000000 --> 4 Sin Modificación
01060241001MINI OREO-PRINCIPE-CHIPS 0000135             3U000000000000000000000000 --> 4 Sin Modificación
01060270001TURRON CHOCO/ALMENDRA ANT0000199             3U000000000000000000000000 --> 4 Sin Modificación
01060271001MAZAPAN SOTO SUPREMA LA C0000100             3U000000000000000000000000 --> 4 Sin Modificación
01060277001CHOCOLATE EXTREMEÑO      0000290             3U000000000000000000000000 --> 4 Sin Modificación
01060272001TORTA TURRON CACAHUETE CA0000100             3U000000000000000000000000 --> 4 Sin Modificación
01060273001BOMBONES SURTIDO RUIZ BOL0000399             3U000000000000000000000000 --> 4 Sin Modificación
01060274001BANDEJA SURTIDA E NAV S/A0000499             3U000000000000000000000000 --> 4 Sin Modificación
01060275001TURRON CHOCO-ALMENDRAS SU0000379             3U000000000000000000000000 --> 4 Sin Modificación
01041014001JAMON DE BELLOTA IBERICO 0000000             3W000000000000000000000000 --> 4 Sin Modificación
01008327001FRITURA MARISCO Y PESCADO0000699             3U000000000000000000000000 --> 4 Sin Modificación
01060276001BANDERILLAS EL MESTO DULC0000370             3U000000000000000000000000 --> 4 Sin Modificación
01007103001TRIPA FIBRAS CARNICAS FIB0000000             3U000000000000000000000000 --> 4 Sin Modificación
010007460010                        0000799             4W000000000000000000000000 --> 4 Sin Modificación
01000753001RULO DE CABRA S MAURE 1800000199             4U000000000000000000000000 --> 4 Sin Modificación
01000754001QUESO VENTERO TIERNO LONC0000100             4U000000000000000000000000 --> 4 Sin Modificación
01008333001MEJILLON 1/2C 30-40 SELEC0000999             3W000000000000000000000000 --> 4 Sin Modificación
01008329001CODORNICES G X 4 UDS-PAQU0000339             3U000000000000000000000000 --> 4 Sin Modificación
01060262001KIT KAT                  0000000             3U000000000000000000000000 --> 4 Sin Modificación
01060268001TOMATE NATURAL PATRICIO P0000075             3U000000000000000000000000 --> 4 Sin Modificación
01060269001TOMATE NATURAL PATRICIO P0000000             3U000000000000000000000000 --> 4 Sin Modificación
01060265001TORTA BARI 1X3           0000000             3W000000000000000000000000 --> 4 Sin Modificación
01060294001POLVORON  SDO. SIN AZUCAR0000870             3W000000000000000000000000 --> 4 Sin Modificación
01060256001IBERITOS CREMA POLLO 250G0000000             3U000000000000000000000000 --> 4 Sin Modificación
01009140001LONCHEADO LOMO CRUZADO PI0001599             3W000000000000000000000000 --> 4 Sin Modificación
01060266001KETCHU PRIMA SOBRE PACK 10000199             3U000000000000000000000000 --> 4 Sin Modificación
01060267001MAHONESA PRIMA SOBRE PACK0000199             3U000000000000000000000000 --> 4 Sin Modificación
01000747001QUESO BARRA ASTURIANA  LO0000899             4W000000000000000000000000 --> 4 Sin Modificación
01060260001FRUT+LEC. FUNC. MAX D. SI0000125             2U000000000000000000000000 --> 4 Sin Modificación
01060261001FRU+LECH. FUNC. MA D. SIM0000125             2U000000000000000000000000 --> 4 Sin Modificación
01000755001QUESO OVEJA AÑEJO 1/4 HNO0001299             4W000000000000000000000000 --> 4 Sin Modificación
01060258001AGUA LOS RISCOS 1/2 LITRO0000000             3U000000000000000000000000 --> 4 Sin Modificación
010083280010                        0000599             3U000000000000000000000000 --> 4 Sin Modificación
01000257001BOFE DE VACUNO           0000199             3W000000000000000000000000 --> 4 Sin Modificación
01060293001TURRON S/AZUCAR          0001260             3W000000000000000000000000 --> 4 Sin Modificación
01000458001MANTECA EN RAMA          0000199             3W000000000000000000000000 --> 4 Sin Modificación
01060283001CERVEZA SEVEBRAU CASTUA P0000255             2U000000000000000000000000 --> 4 Sin Modificación
01060284001CERVEZA SEVEBRAU EX1 IPA 0000275             2U000000000000000000000000 --> 4 Sin Modificación
01060285001CERVEZA SEVEBRAU SERONA S0000275             2U000000000000000000000000 --> 4 Sin Modificación
01060286001CERVEZA SEVEBRAU PILSEN B0000255             2U000000000000000000000000 --> 4 Sin Modificación
01060287001CERVEZA SEVEBRAU RADLER L0000255             2U000000000000000000000000 --> 4 Sin Modificación
01060288001CERVEZA SEVEBRAU MELON LT0000255             2U000000000000000000000000 --> 4 Sin Modificación
01060289001CERVEZA SEVEBRAU MANGO LT0000255             2U000000000000000000000000 --> 4 Sin Modificación
01060290001CERVEZA SEVEBRAU BERRIES 0000255             2U000000000000000000000000 --> 4 Sin Modificación
01060291001CAJA MADERA SEVEBRAU     0000725             2U000000000000000000000000 --> 4 Sin Modificación
01060259001CAC. SOLUB. COLACAO 770+10000429             3U000000000000000000000000 --> 4 Sin Modificación
01000752001CREMA DEL TORTA DEL CASAR0001650             4U000000000000000000000000 --> 4 Sin Modificación
01000748001QUESO OVEJA VIEJO 1/2 MOR0000799             4W000000000000000000000000 --> 4 Sin Modificación
01060263001CASTAÑAS                 0000650             4W000000000000000000000000 --> 4 Sin Modificación
01060264001NUECES                   0000599             4W000000000000000000000000 --> 4 Sin Modificación
01000751001QUESO OVEJA MARQUES DEL C0000799             4W000000000000000000000000 --> 4 Sin Modificación
01060278001TURRONCILLO DULCESOL     0001299             3W000000000000000000000000 --> 4 Sin Modificación
01060279001FIGURITA SUPREMA DULCESOL0000899             3W000000000000000000000000 --> 4 Sin Modificación
01060280001ALMENDRA RELLENA DULCESOL0000850             3W000000000000000000000000 --> 4 Sin Modificación
01060281001BOLA CROCANTI BOMBON DULC0001550             3W000000000000000000000000 --> 4 Sin Modificación
01000749001QUESO CABRA CURADO SIERRA0001199             4W000000000000000000000000 --> 4 Sin Modificación
01008330001BOCAPIZZA (PANPIZZA PATRI0000119             3U000000000000000000000000 --> 4 Sin Modificación
01060295001IBERITOS PATE IBERICO 2500000219             3U000000000000000000000000 --> 4 Sin Modificación
01060297001IBERITOS PATE ROQUEFOR 250000249             3U000000000000000000000000 --> 4 Sin Modificación
01060298001IBERITOS PATE DE CAMPAÑA 0000249             3U000000000000000000000000 --> 4 Sin Modificación
01060299001IBERITOS CREMA DE TURRON 0000219             3U000000000000000000000000 --> 4 Sin Modificación
01060257001AGUA DEL ROSAL 8 LT      0000125             3U000000000000000000000000 --> 4 Sin Modificación
01000455001LOMO VENAO FRESCO        0002499             3W000000000000000000000000 --> 4 Sin Modificación
01000456001FILETE DE VENAO          0000899             3W000000000000000000000000 --> 4 Sin Modificación
01000457001MAGRO VENAO              0000799             3W000000000000000000000000 --> 4 Sin Modificación
01000295001RIÑONES TERNERA          0000000             3W000000000000000000000000 --> 4 Sin Modificación
01060282001PIPAS GIRASOL FRITAS HH  0000100             3U000000000000000000000000 --> 4 Sin Modificación
01000756001QUESO CREMOSITO DEL ZUJAR0002899             4W000000000000000000000000 --> 4 Sin Modificación
010083370010                        0000899             3W000000000000000000000000 --> 4 Sin Modificación
01000508001TORTA GRAN CASAR GRANDE D0000000             4W000000000000000000000000 --> 4 Sin Modificación
01041015001JAMON DE BELLOTA IBERICO 0009999             3W000000000000000000000000 --> 4 Sin Modificación
01009145001MORRO CERD COCIDO 0,5KG  0000299             3U000000000000000000000000 --> 4 Sin Modificación
01000763001CREMA EL TORRUCO QUESO ME0000149             4U000000000000000000000000 --> 4 Sin Modificación
010007640010                        0000699             4W000000000000000000000000 --> 4 Sin Modificación
01000765001QUESO OVEJA SEMI - FUENTE0001269             4W000000000000000000000000 --> 4 Sin Modificación
01008340001MINIBOMBON SOMOSIERRA NOC0000199             3U000000000000000000000000 --> 4 Sin Modificación
01008341001SANDWICH SOMOSIERRA COOKI0000199             3U000000000000000000000000 --> 4 Sin Modificación
01008342001SANDWICH SOMOSIERRA COOKI0000199             3U000000000000000000000000 --> 4 Sin Modificación
01000136001RABOS DE CORDERO         0001199             3W000000000000000000000000 --> 4 Sin Modificación
01000760001QUESO OVEJA ACEITE CURADO0000999             4W000000000000000000000000 --> 4 Sin Modificación
010007570010                        0000499             3W000000000000000000000000 --> 4 Sin Modificación
01060306001CREMA CACAO NOCILLA 0% CH0000225             3U000000000000000000000000 --> 4 Sin Modificación
01060307001COLA CAO SHAKE VASO 200ML0000100             3U000000000000000000000000 --> 4 Sin Modificación
010007590010                        0000000             4W000000000000000000000000 --> 4 Sin Modificación
01005083001FRESAS GRANEL            0000260             4W000000000000000000000000 --> 4 Sin Modificación
01060308001KINDER DULCES SAN ANTONIO0000899             3W000000000000000000000000 --> 4 Sin Modificación
01060311001ALIOLI CHOVI 180GR.      0000115             3U000000000000000000000000 --> 4 Sin Modificación
01060312001TOMATE FRITO ORLANDO BRIK0000119             3U000000000000000000000000 --> 4 Sin Modificación
01060303001CALABAZA ROJO 10UD       0000149             3U000000000000000000000000 --> 4 Sin Modificación
01060313001FILETES ANCHOA MENU AC/VE0000115             3U000000000000000000000000 --> 4 Sin Modificación
01009147001JAMON COCIDO EXTRA DUROC 0000150             3W000000000000000000000000 --> 4 Sin Modificación
01008339001PATATAS PREF. RIZADAS B/20000375             4U000000000000000000000000 --> 4 Sin Modificación
01060304001PIZZA ARTESANAS PATRICIO 0000249             3U000000000000000000000000 --> 4 Sin Modificación
01000758001QUESO OVEJA CRUDA CAMPOCU0001099             4W000000000000000000000000 --> 4 Sin Modificación
01009146001MORRO DE CERDO COCIDO-EN 0000799             3U000000000000000000000000 --> 4 Sin Modificación
01009142001CACHOPO TERNERA          0001099             3W000000000000000000000000 --> 4 Sin Modificación
01060302001CALLOS ELABORADOS DE CERD0000399             3W000000000000000000000000 --> 4 Sin Modificación
01060316001SIMON LIFE NARANJA PACK 60000155             2U000000000000000000000000 --> 4 Sin Modificación
01008338001BACALAO DESMIGADO EXTRA  0000990             3W000000000000000000000000 --> 4 Sin Modificación
01000767001QUESO TOSTADO CUÑAS 300G 0000299             4U000000000000000000000000 --> 4 Sin Modificación
01008349001MERLUZA PAVIA 500G       0000449             3U000000000000000000000000 --> 4 Sin Modificación
01008350001PORCIONES MARLIN         0000399             3W000000000000000000000000 --> 4 Sin Modificación
01008351001PORCIONES DE SALMON      0000499             3U000000000000000000000000 --> 4 Sin Modificación
01060329001DULCES BALCONI 1,19€     0000119             3U000000000000000000000000 --> 4 Sin Modificación
01009154001FIAMBRE YORK ELPOZO 4K EN0000450             3W000000000000000000000000 --> 4 Sin Modificación
01060368001REPELADO ROJO            0000100             3U000000000000000000000000 --> 4 Sin Modificación
01000296001CHULETON VACA PREMIUM    0001299             3W000000000000000000000000 --> 4 Sin Modificación
01060321001ACEITUNAS MANZANILLAS 7000000280             3U000000000000000000000000 --> 4 Sin Modificación
01060349001GOMA REGALIZ ROJO EXP    0000100             3U000000000000000000000000 --> 4 Sin Modificación
01060350001ALMENDRA FRITA VERDE     0000200             3U000000000000000000000000 --> 4 Sin Modificación
01060353001MANTECADO SIN AZUCAR     0000000             3W000000000000000000000000 --> 4 Sin Modificación
01060355001COCTEL SNACK UD          0000100             3U000000000000000000000000 --> 4 Sin Modificación
01008365001CROQUETA PRICE BACALAO CO0000149             3U000000000000000000000000 --> 4 Sin Modificación
01008366001CROQUETA PRICE POLLO CONG0000149             3U000000000000000000000000 --> 4 Sin Modificación
01060379001BRIO TROPICAL 200 P6     0000125             2U000000000000000000000000 --> 4 Sin Modificación
01060354001CAÑAS CREMA MALT         0000000             3W000000000000000000000000 --> 4 Sin Modificación
01008367001MANOS CERDO CONGELADAS   0000349             3W000000000000000000000000 --> 4 Sin Modificación
01060356001CORTEZA SNACK UD         0000100             3U000000000000000000000000 --> 4 Sin Modificación
01060357001GUSANO GORDO FORMATO     0000100             3U000000000000000000000000 --> 4 Sin Modificación
01000769001QUESO CAMPOFRIO LONCHEADO0000850             4W000000000000000000000000 --> 4 Sin Modificación
01000770001QUESO CAMPOFRIO ENTERO  (0000000             4W000000000000000000000000 --> 4 Sin Modificación
01060358001PALOMITAS MAIZ VERDE     0000100             3U000000000000000000000000 --> 4 Sin Modificación
01060359001COCTEL GOMA 420GR        0000200             3U000000000000000000000000 --> 4 Sin Modificación
01060360001COCTEL CRUNCH 400GR      0000200             3U000000000000000000000000 --> 4 Sin Modificación
01060367001GOMAS FINI 80-90-100GRS  0000100             3U000000000000000000000000 --> 4 Sin Modificación
01060380001BRIO CARIBE 200 P6       0000125             2U000000000000000000000000 --> 4 Sin Modificación
01060366001COCTEL NOBLE VD GIG      0000100             3U000000000000000000000000 --> 4 Sin Modificación
01060361001HABAS ROJO               0000100             3U000000000000000000000000 --> 4 Sin Modificación
01000766001CONEJO FRESCO            0000599             3W000000000000000000000000 --> 4 Sin Modificación
01060362001BOLOLOS VERDE            0000100             3U000000000000000000000000 --> 4 Sin Modificación
01060363001PILLA VERDE              0000100             3U000000000000000000000000 --> 4 Sin Modificación
01060364001GAZUZITO NATURAL VERD    0000100             3U000000000000000000000000 --> 4 Sin Modificación
01060365001GIRASOL EURO CAJA 10     0000100             3U000000000000000000000000 --> 4 Sin Modificación
01060381001BRIO FRESA PLATANO 200 P60000125             2U000000000000000000000000 --> 4 Sin Modificación
01060351001QÉ CROISSANT RELLENO     0000000             3U000000000000000000000000 --> 4 Sin Modificación
01060369001MIX NATURAL CAJA         0000200             4U000000000000000000000000 --> 4 Sin Modificación
01060370001GOMA REGALIZ 350GR.      0000200             3U000000000000000000000000 --> 4 Sin Modificación
01060371001MAIZ GIGANTE ROJO        0000100             3U000000000000000000000000 --> 4 Sin Modificación
01060382001SURTIDO INTEGRAL 420GR P/0000245             3U000000000000000000000000 --> 4 Sin Modificación
01060390001DONUTS GL 4RR PVPRDE     0000000             3U000000000000000000000000 --> 4 Sin Modificación
01060372001MIKADO POCKET 24UDS      0000100             3U000000000000000000000000 --> 4 Sin Modificación
01060373001CERVEZA ALHAMBRA C/ALCOH.0000119             2U000000000000000000000000 --> 4 Sin Modificación
01060383001DESAYUNO 5 CEREAL PEPITAS0000199             3U000000000000000000000000 --> 4 Sin Modificación
01060374001ALUSIE 215GR X 14P       0000100             3U000000000000000000000000 --> 4 Sin Modificación
01060384001DESAYUNO 5 CEREALES S/AZ 0000199             3U000000000000000000000000 --> 4 Sin Modificación
01060385001GALLETAS DESAYUNO S/AZ FL0000199             3U000000000000000000000000 --> 4 Sin Modificación
01060391001DONUTS GLACE 2           0000000             3U000000000000000000000000 --> 4 Sin Modificación
01060375001PAN RALLADO AJO PEREJIL 50000099             3U000000000000000000000000 --> 4 Sin Modificación
01060376001TRINA NARANJA 1,5L       0000159             2U000000000000000000000000 --> 4 Sin Modificación
01060392001DONUTS TORRES JAVIER F   0000169             3U000000000000000000000000 --> 4 Sin Modificación
01060393001DONUTS TORRES SERGIO N   0000169             3U000000000000000000000000 --> 4 Sin Modificación
01060394001DONETTES KAWAII 6        0000169             3U000000000000000000000000 --> 4 Sin Modificación
01060395001QÉL BIPACK CAÑA CREMA    0000000             3U000000000000000000000000 --> 4 Sin Modificación
01060396001QÉL MINIGOFRE            0000000             3U000000000000000000000000 --> 4 Sin Modificación
01060397001MEDIAS NOCHES LBE 6UDS   0000000             3U000000000000000000000000 --> 4 Sin Modificación
01060398001WEIKIS XCHOC             0000000             3U000000000000000000000000 --> 4 Sin Modificación
01060399001TIGRETON SABOR NATA      0000000             3U000000000000000000000000 --> 4 Sin Modificación
01060400001TIGRETON SABOR TRUFA     0000000             3U000000000000000000000000 --> 4 Sin Modificación
01060401001MINI MAGD YOGURT TRB     0000000             3U000000000000000000000000 --> 4 Sin Modificación
01060402001TAKIS PIPAS HOT 80GR     0000000             3U000000000000000000000000 --> 4 Sin Modificación
01000768001MUSLO PAVO SIN HUESO (PER0000000             3W000000000000000000000000 --> 4 Sin Modificación
01009149001YORK SANDWICH TP MAXI 3750000000             3U000000000000000000000000 --> 4 Sin Modificación
01008347001LANGOSTINO ECUADOR 32/48 0000699             3U000000000000000000000000 --> 4 Sin Modificación
01060331001SIMON LIFE MANDARINA PACK0000155             2U000000000000000000000000 --> 4 Sin Modificación
01008348001CRUJIPAN                 0000199             3U000000000000000000000000 --> 4 Sin Modificación
01009150001PECHUGA PAVO BST SG MINI 0000000             3U000000000000000000000000 --> 4 Sin Modificación
01060328001REDONDITOS -VEGAL-       0000699             3W000000000000000000000000 --> 4 Sin Modificación
01060322001ALUBIAS RIÑON LEON 500G  0000125             4U000000000000000000000000 --> 4 Sin Modificación
01009151001FIAMBRE YORK SANDWICH TP 0000200             3U000000000000000000000000 --> 4 Sin Modificación
01060315001PATE LA PIARA 4LAT       0000265             3U000000000000000000000000 --> 4 Sin Modificación
01008343001TROZOS BACALAO CONGELADO 0000299             3U000000000000000000000000 --> 4 Sin Modificación
01060320001IBERITOS SURTIDOS 45UD   0001100             3U000000000000000000000000 --> 4 Sin Modificación
01008354001ZANAHORIA DADO 2,5 KG CON0000000             4W000000000000000000000000 --> 4 Sin Modificación
01008355001PIMIENTO ROJO DADO CONGEL0000000             4U000000000000000000000000 --> 4 Sin Modificación
01008356001GUISANTE BOLSA 2,5KG CONG0000000             4U000000000000000000000000 --> 4 Sin Modificación
01060330001IBERITOS DELICIA VEGETAL 0000110             3U000000000000000000000000 --> 4 Sin Modificación
01009155001MORCON 1/2 CHORIZO  IBERI0001350             3W000000000000000000000000 --> 4 Sin Modificación
01000137001MANOJILLOS CORDERO       0000710             3W000000000000000000000000 --> 4 Sin Modificación
01009156001MORCON 1/2 SALCHICHON IBE0001350             3W000000000000000000000000 --> 4 Sin Modificación
01008362001FILETE ABADEJO           0000399             3U000000000000000000000000 --> 4 Sin Modificación
01000461001JAMON DE CEBO CAMPO IBERI0000000             3W000000000000000000000000 --> 4 Sin Modificación
01009152001MORTAD. ACEIT. TP 270G 1,0000150             3U000000000000000000000000 --> 4 Sin Modificación
01009159001PATATERO PICANTE VACIO   0000750             3W000000000000000000000000 --> 4 Sin Modificación
01009161001*LOMO 1/2 BELLOTA 50%RAZA0003299             3W000000000000000000000000 --> 4 Sin Modificación
01009162001*LOMO 1/2 BELLOTA 50% RAZ0003299             3W000000000000000000000000 --> 4 Sin Modificación
01008353001FRITURA Nº 8 500G        0000399             3U000000000000000000000000 --> 4 Sin Modificación
01008363001SALMON LOMO SALAR HIG 1X60000799             3W000000000000000000000000 --> 4 Sin Modificación
010603250010                        0000000             2U000000000000000000000000 --> 4 Sin Modificación
01009163001SALCHICHON 1/2 BELLOTA IB0001450             3W000000000000000000000000 --> 4 Sin Modificación
01009153001BOCADITO DE POLLO-CHICKEN0000699             3W000000000000000000000000 --> 4 Sin Modificación
01009164001CHORIZO 1/2 BELLOTA IBERI0001450             3W000000000000000000000000 --> 4 Sin Modificación
01060318001GULAS                    0000315             3U000000000000000000000000 --> 4 Sin Modificación
01060319001ALMEJAS NATURAL JARRY    0000100             3U000000000000000000000000 --> 4 Sin Modificación
01060317001LEVADURA EN POLVO P-6X15/0000089             3U000000000000000000000000 --> 4 Sin Modificación
01008346001CAELLA EN ADOBO          0000499             3U000000000000000000000000 --> 4 Sin Modificación
01060386001BRIO MEDITERRANEO PACK 6 0000000             2U000000000000000000000000 --> 4 Sin Modificación
01005084001PUERROS EN BANDEJA       0000160             4U000000000000000000000000 --> 4 Sin Modificación
01009170001CHORIZO CRUZADO PICANTE  0000849             3W000000000000000000000000 --> 4 Sin Modificación
01009169001CHORIZO IBERICO HERRADURA0000699             3W000000000000000000000000 --> 4 Sin Modificación
01060336001BIMBO S/GLUTEN PMOLDE    0000425             3U000000000000000000000000 --> 4 Sin Modificación
01060337001PAN SDW NATURAL 100%4    0000199             3U000000000000000000000000 --> 4 Sin Modificación
01060352001GALLETA SIN AZUCAR (VEGAL0000000             3W000000000000000000000000 --> 4 Sin Modificación
01060387001GIRASOL LEON CAJA 10     0000100             3U000000000000000000000000 --> 4 Sin Modificación
01060388001GIRASOL 420GRS           0000200             3U000000000000000000000000 --> 4 Sin Modificación
01009168001SALCHICHON IBERICO HERRAD0000699             3W000000000000000000000000 --> 4 Sin Modificación
01049005001MASA SALCHICHON PRIMERA  0000000             3W000000000000000000000000 --> 4 Sin Modificación
01060403001TORTILLA PATATA RED C/CEB0000239             3U000000000000000000000000 --> 4 Sin Modificación
01060404001CONGUITO NEGRO+LACASITOS 0000085             3U000000000000000000000000 --> 4 Sin Modificación
01060389001LACASITOS                0000100             3U000000000000000000000000 --> 4 Sin Modificación
01060344001PASTA ALMENDRA S/A       0000000             3W000000000000000000000000 --> 4 Sin Modificación
01008357001BOQUERON HARINADO        0000799             3W000000000000000000000000 --> 4 Sin Modificación
01008358001TIRAS JIBIA HARINADAS    0000699             3W000000000000000000000000 --> 4 Sin Modificación
01060340001BARQUILLO 270G FLOR BURGA0000199             3U000000000000000000000000 --> 4 Sin Modificación
01060341001CASTELLANAS 500G P/6     0000199             3U000000000000000000000000 --> 4 Sin Modificación
010083640010                        0000000             3W000000000000000000000000 --> 4 Sin Modificación
01008359001PALITO O TIRA DE POLLO 800000549             3U000000000000000000000000 --> 4 Sin Modificación
01008360001FILETE MERLUZA EMPANADO  0000695             3U000000000000000000000000 --> 4 Sin Modificación
01060326001BOLLUELAS CHOCOLATE S/A  0000699             3W000000000000000000000000 --> 4 Sin Modificación
01060327001TRIANGULO. CREMA S/A -VEG0000699             3W000000000000000000000000 --> 4 Sin Modificación
01042007001PALETA DE BELLOTA IBERICA0001499             3W000000000000000000000000 --> 4 Sin Modificación
01060333001SALSA CALVE PACK 2X430 ML0000249             3U000000000000000000000000 --> 4 Sin Modificación
01060343001IBERITOS SURTIDO 45X23G  0001220             3U000000000000000000000000 --> 4 Sin Modificación
01060405001MAGDALENA LARGAS 1€      0000100             3U000000000000000000000000 --> 4 Sin Modificación
01009167001CHOPPED PORK LATA 110G 1€0000000             3U000000000000000000000000 --> 4 Sin Modificación
01008344001FILETE DE SARDINA        0000495             3U000000000000000000000000 --> 4 Sin Modificación
01060377001IBERITO SURTIDO DE LA HUE0000165             3U000000000000000000000000 --> 4 Sin Modificación
01060378001IBERITO SURTIDO DE LA DEH0000165             3U000000000000000000000000 --> 4 Sin Modificación
01060406001GELATINA LIMON 4X90GR    0000000             3U000000000000000000000000 --> 4 Sin Modificación
01000462001PAPADA IBERICA C/C       0000000             3W000000000000000000000000 --> 4 Sin Modificación
01060409001PALOMITA MANTEQUILLA REYE0000100             3U000000000000000000000000 --> 4 Sin Modificación
01008376001GAMBA CAST COC PINK EXTRA0001199             3U000000000000000000000000 --> 4 Sin Modificación
01000773001QUESO SANCHEZ HIDALGO ESE0001495             4W000000000000000000000000 --> 4 Sin Modificación
01060410001BANDERILLAS PICANTE EL ME0000370             3U000000000000000000000000 --> 4 Sin Modificación
01060443001VINO HABLA DEL SILENCIO T0001099             2U000000000000000000000000 --> 4 Sin Modificación
01060444001VINO DULCE EVA BLANCO MAI0000325             2U000000000000000000000000 --> 4 Sin Modificación
01060445001VINO PROTOS ROBLE 75CL   0000799             2U000000000000000000000000 --> 4 Sin Modificación
01060446001VINO LUIS CAÑAS CRIANZA 70000999             2U000000000000000000000000 --> 4 Sin Modificación
01060438001MIX DE PICOS             0000000             3U000000000000000000000000 --> 4 Sin Modificación
01060447001VINO AMARGUINHA C/ESTUCHE0000799             2U000000000000000000000000 --> 4 Sin Modificación
01060448001LICOR BEIRAO 70CL        0001099             2U000000000000000000000000 --> 4 Sin Modificación
01060449001VINO YLLERA 5.5 75CL     0000675             2U000000000000000000000000 --> 4 Sin Modificación
01060450001VINO LA NIÑA DE MIS OJOS 0000575             2U000000000000000000000000 --> 4 Sin Modificación
01060451001BOMBON CORNET LECHE 200G 0000499             3U000000000000000000000000 --> 4 Sin Modificación
01060452001BOMBON LINDOR CORNET LECH0000100             3U000000000000000000000000 --> 4 Sin Modificación
01060439001EMPANADA HOJ. S/A        0000699             3W000000000000000000000000 --> 4 Sin Modificación
01008375001SALMON PORCION BOLSA     0000895             3U000000000000000000000000 --> 4 Sin Modificación
01060434001TAKIS CACAHUETE RELL H   0000000             3U000000000000000000000000 --> 4 Sin Modificación
01008370001PEZ ESPADA FTE N2 BOLSA 10000750             3U000000000000000000000000 --> 4 Sin Modificación
01000778001QUESO RALLADO 3 QUESOS RP0000159             4U000000000000000000000000 --> 4 Sin Modificación
01060455001LOTE PATATAS HH+ PIPAS EX0000180             3U000000000000000000000000 --> 4 Sin Modificación
01060428001ACEITUNA GORDAL C/H SABOR0000359             3U000000000000000000000000 --> 4 Sin Modificación
01008373001PREP. PAELLA C/V EXTRA BO0000399             3U000000000000000000000000 --> 4 Sin Modificación
01008374001TIRAS DE CALAMAR BOLSA 800000349             3U000000000000000000000000 --> 4 Sin Modificación
01008377001LOMO MERLUZA C/P ENV 140/0000999             3W000000000000000000000000 --> 4 Sin Modificación
01060437001AROMA DE VAINILLA (BARRAC0000310             3U000000000000000000000000 --> 4 Sin Modificación
01000772001QUESO CABRA CURADO MOR   0001199             4W000000000000000000000000 --> 4 Sin Modificación
01000771001QUESO PRADO DE LLERA OVEJ0001699             4W000000000000000000000000 --> 4 Sin Modificación
01060435001COCA COLA ZERO ZERO 2L   0000169             2U000000000000000000000000 --> 4 Sin Modificación
01000777001QUESO LECHE CRUDA VIEJO A0000325             4U000000000000000000000000 --> 4 Sin Modificación
01060427001IBERITOS MORCILLA SANTA A0000185             3U000000000000000000000000 --> 4 Sin Modificación
01060436001COCA COLA ZERO ZERO LATA 0000075             2U000000000000000000000000 --> 4 Sin Modificación
01060429001IBERITOS CREMA PATATERA C0000185             3U000000000000000000000000 --> 4 Sin Modificación
01011218001CAJA NAVIDAD BLANCA C/ASA0000350             2U000000000000000000000000 --> 4 Sin Modificación
01000138001CHULETA CORDERO LECHAL   0001999             3W000000000000000000000000 --> 4 Sin Modificación
01060456001AVELLANA VERDE GIG       0000200             3U000000000000000000000000 --> 4 Sin Modificación
01060457001COCTEL ALKIMIA ROJO      0000100             3U000000000000000000000000 --> 4 Sin Modificación
01005000001BANANA                   0000140             4W000000000000000000000000 --> 4 Sin Modificación
